time,x,y,v,w,traffic,enc_r,enc_l,laser
59.55896306037903,0.0009628145663928152,0.0,0.0,0.0,NONE,1.3984711170196533,1.3983441591262817,5.0
59.60366654396057,0.0029318537960266594,-1.8173442845711468e-06,0.08,-9.449891876530003e-07,NONE,1.0515270233154297,1.3983441591262817,5.0
59.62977194786072,0.004040602678333571,-3.941029558155879e-06,0.08,-9.449891876530003e-07,NONE,1.3963154554367065,1.7452362775802612,5.0
59.63146638870239,0.00485644096700547,-6.589807543930074e-06,0.08,-9.449891876530003e-07,NONE,1.7551016807556152,1.4040813446044922,5.0
59.650813817977905,0.0060238978133276,-9.236077594753257e-06,0.08,-9.449891876530003e-07,NONE,1.3984711170196533,1.7480889558792114,5.0
59.652403831481934,0.006815755361808557,-1.2141452992925998e-05,0.08,-9.449891876530003e-07,NONE,1.7520666122436523,1.4016532897949219,5.0
59.655717611312866,0.007628080773554779,-1.4349245257399224e-05,0.08,-9.449891876530003e-07,NONE,1.7457109689712524,1.396568775177002,5.0
59.69281268119812,0.009041116268668464,-1.6810883092598908e-05,0.09999999999999999,0.0035034105997983358,NONE,2.0977067947387695,1.7551016807556152,5.0
59.69420886039734,0.010229544162115802,-1.726686852790844e-05,0.09999999999999999,0.0035034105997983358,NONE,2.0977067947387695,2.0975160598754883,5.0
59.731489181518555,0.011663268084066307,-1.576944213106942e-05,0.09999999999999999,0.0035034105997983358,NONE,1.7525451183319092,1.4019083976745605,5.0
59.73265266418457,0.013087418682586515,-1.628774300070865e-05,0.10999999999999999,0.003547707128251675,NONE,1.7477715015411377,2.097135305404663,5.0
59.75110197067261,0.015159069153685877,-2.062452601457826e-05,0.10999999999999999,0.003547707128251675,NONE,1.8068289756774902,2.0975160598754883,5.0
59.7802312374115,0.01665570433982918,-2.577165796479278e-05,0.10999999999999999,0.003547707128251675,NONE,2.0977067947387695,1.7527047395706177,5.0
59.781503200531006,0.017988650821738433,-3.0355842199189244e-05,0.11999999999999998,0.006919210620960807,NONE,2.102862596511841,2.0977067947387695,5.0
59.782469034194946,0.019274313448662178,-3.477741082560153e-05,0.11999999999999998,0.006919210620960807,NONE,2.4756510257720947,2.1026711463928223,5.0
59.78327465057373,0.02039776478293403,-3.864111275555742e-05,0.11999999999999998,0.006919210620960807,NONE,2.4756510257720947,2.474287271499634,5.0
59.819430351257324,0.023866909995075077,-5.056111040696114e-05,0.11999999999999998,0.006919210620960807,NONE,2.2819271087646484,2.474287271499634,5.0
59.820634603500366,0.02493286845351686,-5.864450862360011e-05,0.12999999999999998,0.01523465544837592,NONE,2.101332187652588,2.799738883972168,5.0
59.86089563369751,0.026763920212021293,-7.252881920030005e-05,0.12999999999999998,0.01523465544837592,NONE,2.804072141647339,2.1011412143707275,5.0
59.86210656166077,0.02879389225914713,-8.217878664876722e-05,0.12999999999999998,0.01523465544837592,NONE,2.804072141647339,2.102862596511841,5.0
59.8637809753418,0.030450755822102597,-8.763096277824249e-05,0.13999999999999999,0.006693014240149918,NONE,2.0973258018493652,2.4468801021575928,5.0
59.88312792778015,0.03188137824893653,-9.036629212401687e-05,0.13999999999999999,0.006693014240149918,NONE,2.804072141647339,2.803816795349121,5.0
59.884148359298706,0.033955820302429204,-9.433113437618162e-05,0.13999999999999999,0.006693014240149918,NONE,2.447324514389038,3.1462743282318115,5.0
59.90736699104309,0.03512336763856403,-9.983450482997775e-05,0.13999999999999999,0.006693014240149918,NONE,2.4471020698547363,2.7969422340393066,5.0
59.92228889465332,0.037064408467276315,-0.0001070980415550029,0.13999999999999999,0.006693014240149918,NONE,2.4471020698547363,2.7969422340393066,5.0
59.932188510894775,0.038913238210349727,-0.00011660475854822522,0.15,0.007620436246597076,NONE,2.6906886100769043,2.3060741424560547,5.0
59.96957015991211,0.040239575573416626,-0.00012138419905610189,0.15,0.007620436246597076,NONE,2.450662612915039,2.8007571697235107,5.0
59.97069001197815,0.04192885258161204,-0.00012908633689992228,0.16,0.009295858463800672,NONE,3.154581069946289,3.154581069946289,5.0
59.971638917922974,0.0441959351376135,-0.00013942293786289715,0.16,0.009295858463800672,NONE,2.797196388244629,3.496177911758423,5.0
60.022724628448486,0.046166351306423464,-0.00015377087176937198,0.16,0.009295858463800672,NONE,3.146559953689575,2.4533398151397705,5.0
60.02354836463928,0.048482149172567386,-0.00016734258837717837,0.17,0.01000305737363737,NONE,3.1540067195892334,2.7966883182525635,5.0
60.06987237930298,0.0558354748575866,-0.0002103571583646382,0.18000000000000002,0.015586023884488917,NONE,2.958402395248413,2.957266330718994,5.0
60.07092809677124,0.05732264429802583,-0.00022172293987787078,0.18000000000000002,0.015586023884488917,NONE,3.6324095726013184,3.26855206489563,5.0
60.072309494018555,0.05984283204330954,-0.00024097584369535044,0.18000000000000002,0.015586023884488917,NONE,3.5057284832000732,3.1563050746917725,5.0
60.0901734828949,0.061569503244193566,-0.0002516990727917398,0.18000000000000002,0.015586023884488917,NONE,3.5057284832000732,3.1563050746917725,5.0
60.09128665924072,0.06396012474862257,-0.0002688904620190622,0.18000000000000002,0.015586023884488917,NONE,3.146559953689575,3.4955430030822754,5.0
60.11027216911316,0.06548000721159897,-0.00028188958012850856,0.18000000000000002,0.015586023884488917,NONE,3.146845817565918,2.7969422340393066,5.0
60.111183166503906,0.06703604303864688,-0.000293692628127608,0.18000000000000002,0.015586023884488917,NONE,3.844224691390991,2.7969422340393066,5.0
60.16949653625488,0.06970720933536198,-0.000311308868843518,0.19000000000000003,0.01556338151686708,NONE,3.8615756034851074,3.5105233192443848,5.0
60.17053198814392,0.07142241192147557,-0.00032026182578963395,0.19000000000000003,0.01556338151686708,NONE,3.490788698196411,3.1411404609680176,5.0
60.17144179344177,0.07411242200253866,-0.0003316731774722095,0.19000000000000003,0.01556338151686708,NONE,3.158607006072998,4.212244033813477,5.0
60.206398248672485,0.07654586806852642,-0.00035211262732259347,0.20000000000000004,0.017263590968245496,NONE,4.234143257141113,3.464298963546753,5.0
60.20740723609924,0.07838771283954912,-0.00036295477182153764,0.20000000000000004,0.017263590968245496,NONE,3.8566524982452393,3.5063672065734863,5.0
60.243191719055176,0.08068002669480295,-0.00037427707442305757,0.20000000000000004,0.017263590968245496,NONE,3.496177911758423,3.845097303390503,5.0
60.26900243759155,0.0826141859508063,-0.0003861085892345027,0.20000000000000004,0.017263590968245496,NONE,3.8555991649627686,3.845097303390503,5.0
60.27000617980957,0.08463785608933933,-0.0003984876542692028,0.20000000000000004,0.017263590968245496,NONE,4.195413589477539,3.8555991649627686,5.0
60.296783685684204,0.09480001292801837,-0.000436252798662061,0.21000000000000005,0.010950376225630658,NONE,4.195794582366943,3.846144914627075,5.0
60.299233198165894,0.09681950819673064,-0.0004442611112923367,0.22000000000000006,0.008551874555227153,NONE,4.195794582366943,3.846144914627075,5.0
60.300124645233154,0.09896160686097476,-0.0004507222134798252,0.22000000000000006,0.008551874555227153,NONE,4.613069534301758,3.458420991897583,5.0
60.318281173706055,0.10207329597813215,-0.00044979939592280785,0.22000000000000006,0.008551874555227153,NONE,3.8457956314086914,4.545444011688232,5.0
60.3192458152771,0.10496555120515917,-0.00045338397096882896,0.22000000000000006,0.008551874555227153,NONE,4.206108093261719,4.2053422927856445,5.0
60.34170651435852,0.10720895766782362,-0.0004561579958786669,0.22000000000000006,0.008551874555227153,NONE,4.206108093261719,4.2053422927856445,5.0
60.36223649978638,0.11034218572780645,-0.000456978960303116,0.23000000000000007,0.003123042614959799,NONE,4.571183204650879,3.8675708770751953,5.0
60.39352560043335,0.11260544212091811,-0.0004511799280125301,0.23000000000000007,0.003123042614959799,NONE,4.571183204650879,3.8675708770751953,5.0
60.39477610588074,0.11610045109766148,-0.00044936266450898893,0.23000000000000007,0.003123042614959799,NONE,3.846494436264038,4.547095775604248,5.0
60.41312551498413,0.12403188794719984,-0.0004241039061518044,0.23000000000000007,0.003123042614959799,NONE,4.207257270812988,4.227380752563477,5.0
60.41349530220032,0.12648691370983878,-0.0004223815576962025,0.23000000000000007,0.003123042614959799,NONE,5.2447428703308105,5.25955057144165,5.0
60.42794442176819,0.12880875308255416,-0.00041634538424856676,0.23000000000000007,0.003123042614959799,NONE,4.556617259979248,4.206491470336914,5.0
60.45339322090149,0.1320828336867201,-0.0004045500247087917,0.23000000000000007,0.003123042614959799,NONE,4.556617259979248,4.206491470336914,5.0
60.454503536224365,0.13471935367571067,-0.00039504310171223757,0.23000000000000007,0.003123042614959799,NONE,4.5450310707092285,4.544206142425537,5.0
60.461074113845825,0.14075555041728458,-0.0003847475210585028,0.23000000000000007,0.003123042614959799,NONE,4.896872520446777,4.896872520446777,5.0
60.470051288604736,0.14473558156824376,-0.0003722950102243837,0.23000000000000007,0.003123042614959799,NONE,4.5450310707092285,4.546269416809082,5.0
60.51049470901489,0.1508204216703324,-0.00037400559985308664,0.23000000000000007,0.003123042614959799,NONE,4.907573223114014,5.599477767944336,5.0
60.511754274368286,0.15367930628621762,-0.0003674267250594256,0.23000000000000007,0.003123042614959799,NONE,4.894649028778076,4.557032108306885,5.0
60.53004193305969,0.15727140382490243,-0.0003665669964474431,0.23000000000000007,0.003123042614959799,NONE,4.907126426696777,5.256678104400635,5.0
60.53408432006836,0.15975427948427556,-0.0003692887636472879,0.23000000000000007,0.003123042614959799,NONE,4.907126426696777,5.256678104400635,5.0
60.570213079452515,0.16641204406520524,-0.0003638198122238407,0.23000000000000007,0.003123042614959799,NONE,5.2571563720703125,5.256678104400635,5.0
60.570616006851196,0.17030622894283376,-0.0003718281475348596,0.23000000000000007,0.003123042614959799,NONE,5.389448642730713,5.004487991333008,5.0
60.63165783882141,0.17405430931952992,-0.00036199577718249614,0.23000000000000007,0.003123042614959799,NONE,5.767488479614258,4.613530158996582,5.0
60.68461275100708,0.17679058034706147,-0.00035861065554675104,0.23000000000000007,0.003123042614959799,NONE,4.89598274230957,5.945662021636963,5.0
60.68580889701843,0.17964511878472078,-0.00036325474154852135,0.23000000000000007,0.003123042614959799,NONE,6.309162139892578,4.907573223114014,5.0
60.81757974624634,0.18368259657276062,-0.0003542544056839778,0.23000000000000007,0.003123042614959799,NONE,5.244266510009766,5.593376636505127,5.0
60.81866192817688,0.1866140577557505,-0.00035184135581920644,0.23000000000000007,0.003123042614959799,NONE,4.905786514282227,5.60610294342041,5.0
60.819653272628784,0.19028748520389677,-0.00035657337236627584,0.23000000000000007,0.003123042614959799,NONE,6.2942633628845215,5.594901084899902,5.0
60.820618867874146,0.19332369616006143,-0.00035186594598748185,0.23000000000000007,0.003123042614959799,NONE,5.772100448608398,5.001986980438232,5.0
60.821566343307495,0.1977713223802911,-0.0003632253770382807,0.23000000000000007,0.003123042614959799,NONE,4.909808158874512,6.313185691833496,5.0
60.85733103752136,0.2019120222632603,-0.000368103408733282,0.26000000000000006,-0.002837773667167246,NONE,5.957026481628418,5.256199836730957,5.0
60.87301707267761,0.20638702812188664,-0.00036085522059592964,0.3,-0.002556347139600284,NONE,5.594901084899902,5.944581985473633,5.0
60.87638306617737,0.23164455983151416,-0.0003483386083757978,0.3,-0.002556347139600284,NONE,5.7663373947143555,6.150145530700684,5.0
60.877594232559204,0.23588068218417232,-0.000345729075085745,0.3,-0.002556347139600284,NONE,5.966801643371582,5.615301132202148,5.0
60.87855339050293,0.2389364336632985,-0.00035208483544653927,0.3,-0.002556347139600284,NONE,5.594392776489258,6.2942633628845215,5.0
60.89243412017822,0.24337173877978713,-0.0003526844165992159,0.3,-0.002556347139600284,NONE,6.309162139892578,5.607633590698242,5.0
60.89357614517212,0.24810501381630737,-0.0003666644825644414,0.3,-0.002556347139600284,NONE,5.585261821746826,6.28285026550293,5.0
60.89596366882324,0.2524364470605722,-0.0003730742375629131,0.3,-0.002556347139600284,NONE,6.098392009735107,5.716676235198975,5.0
60.896854639053345,0.25692654293241574,-0.00037292596425976673,0.3,-0.002556347139600284,NONE,5.608654975891113,6.31203556060791,5.0
60.91295528411865,0.2612324850637112,-0.00038511687007170654,0.3,-0.002556347139600284,NONE,5.957568168640137,5.607633590698242,5.0
60.914023876190186,0.2655320623922768,-0.0003912337033188263,0.3,-0.002556347139600284,NONE,5.2447428703308105,6.29311990737915,5.0
60.9149374961853,0.2685726939022518,-0.00040840189373753696,0.3,-0.002556347139600284,NONE,6.298839569091797,5.598968505859375,5.0
60.945472240448,0.2731247763093374,-0.0004253017520178759,0.3,-0.002556347139600284,NONE,6.302850246429443,5.953233242034912,5.0
60.95012545585632,0.27605836596358724,-0.00043207458893790675,0.3,-0.002556347139600284,NONE,6.293691635131836,6.307439804077148,5.0
60.96804928779602,0.2803189908570123,-0.0004541831556857357,0.3,-0.002556347139600284,NONE,6.293691635131836,5.2447428703308105,5.0
61.007747411727905,0.2833912693232353,-0.00046582409855455253,0.3,0.011926246184083404,NONE,5.594392776489258,6.642737865447998,5.0
61.008137941360474,0.2868376131173517,-0.0004886889588550641,0.3,0.011926246184083404,NONE,6.309162139892578,5.958653450012207,5.0
61.008445739746094,0.2909668900138389,-0.0005200473860184444,0.3,0.011926246184083404,NONE,6.280003547668457,5.232387542724609,5.0
61.00937867164612,0.29391963579912717,-0.0005304754505791645,0.3,0.011926246184083404,NONE,5.268667697906494,6.32240104675293,5.0
61.009769678115845,0.29709218764582873,-0.000550886707333538,0.3,0.011926246184083404,NONE,6.292548656463623,6.291977405548096,5.0
61.04706907272339,0.30126039343614075,-0.0005907012254165807,0.3,0.011926246184083404,NONE,6.309162139892578,5.607633590698242,5.0
61.04746341705322,0.3056562804012195,-0.0006210281089596588,0.3,0.011926246184083404,NONE,5.381377220153809,6.150145530700684,5.0
61.07015299797058,0.31013663091764354,-0.0006618595113847582,0.3,0.011926246184083404,NONE,5.60253381729126,6.299985408782959,5.0
61.10977244377136,0.3178797522855467,-0.0006974638775546597,0.3,0.011926246184083404,NONE,5.594392776489258,5.259071350097656,5.0
61.11104917526245,0.32222686755846425,-0.000727456480230714,0.3,0.008322772903579674,NONE,5.960280895233154,5.25859260559082,5.0
61.16495203971863,0.32680621499048335,-0.000765583170484974,0.3,0.013746897171571236,NONE,5.958110809326172,5.944581985473633,5.0
61.1660578250885,0.33136408404942463,-0.0008099582365678914,0.3,0.013746897171571236,NONE,6.364205837249756,6.307439804077148,5.0
61.16696810722351,0.3356338104117017,-0.0008515383647992937,0.3,0.013746897171571236,NONE,5.70763635635376,5.653956413269043,5.0
61.18187475204468,0.3401286212603713,-0.0009082903182497157,0.3,0.013746897171571236,NONE,6.320094585418701,5.617861747741699,5.0
61.18298649787903,0.3431153770026626,-0.0009374623530252649,0.3,0.013746897171571236,NONE,6.158138275146484,5.772677421569824,5.0
61.18393111228943,0.34670291531281633,-0.0009687592865085075,0.3,0.013746897171571236,NONE,5.596425533294678,6.645151615142822,5.0
61.20244789123535,0.35034783830642124,-0.0010126692717285853,0.3,0.013746897171571236,NONE,6.543022155761719,5.772677421569824,5.0
61.219563245773315,0.35333926487797834,-0.0010448980742066077,0.3,0.013746897171571236,NONE,5.608654975891113,5.257635116577148,5.0
61.22069430351257,0.35809746815181903,-0.0011052220793237382,0.3,0.013746897171571236,NONE,5.594901084899902,6.294834613800049,5.0
61.22167444229126,0.36253194884477663,-0.0011545280040809645,0.3,0.013746897171571236,NONE,6.543022155761719,6.158138275146484,5.0
61.25712490081787,0.366960503690233,-0.001191267840433709,0.3,0.013746897171571236,NONE,5.246649265289307,5.595917224884033,5.0
61.27908229827881,0.3701132338874849,-0.0012174164044502932,0.3,0.013746897171571236,NONE,6.642737865447998,5.593376636505127,5.0
61.29438090324402,0.3775047265759135,-0.0012702667331570656,0.3,0.013746897171571236,NONE,5.2571563720703125,6.308013439178467,5.0
61.312490463256836,0.38658320908643456,-0.0013304772516531237,0.3,0.013746897171571236,NONE,6.283989429473877,6.286269664764404,5.0
61.31409549713135,0.3911820949551149,-0.001354130296093778,0.3,0.013746897171571236,NONE,5.958653450012207,5.593376636505127,5.0
61.38077354431152,0.39549915554583526,-0.0013579265205876183,0.3,0.013746897171571236,NONE,5.6066131591796875,5.593376636505127,5.0
61.381863832473755,0.39855889065570843,-0.0013649444171708483,0.3,0.013746897171571236,NONE,5.944581985473633,5.957026481628418,5.0
61.3828022480011,0.40146850444323634,-0.0013743678727846575,0.3,0.013746897171571236,NONE,5.958653450012207,6.2942633628845215,5.0
61.400389194488525,0.4064250246820757,-0.0013856890438540268,0.3,0.013746897171571236,NONE,5.772677421569824,5.770946979522705,5.0
61.427844524383545,0.410519927485976,-0.001413879896307389,0.3,0.013746897171571236,NONE,6.658458709716797,5.254764556884766,5.0
61.42917251586914,0.41325198785445266,-0.00141843712505483,0.3,0.013746897171571236,NONE,5.245219707489014,5.595408916473389,5.0
61.43009066581726,0.4163284199622382,-0.0014265040466905523,0.3,0.013746897171571236,NONE,5.958653450012207,6.309736728668213,5.0
61.430957555770874,0.4207308684558422,-0.0014422381422384528,0.3,0.013746897171571236,NONE,6.29311990737915,5.593376636505127,5.0
61.44986367225647,0.42364395626946644,-0.0014444873583604639,0.3,0.013746897171571236,NONE,5.957026481628418,5.6066131591796875,5.0
61.45510768890381,0.42664318371982024,-0.0014439408338981464,0.3,0.013746897171571236,NONE,5.594901084899902,6.2942633628845215,5.0
61.48934626579285,0.4358940681204599,-0.0014463609100561913,0.3,0.013746897171571236,NONE,5.594901084899902,6.2942633628845215,5.0
61.49056792259216,0.44013362454907445,-0.0014416507766551304,0.3,0.013746897171571236,NONE,6.150145530700684,5.380839824676514,5.0
61.515480041503906,0.4445980008792725,-0.0014230395175361431,0.3,0.013746897171571236,NONE,5.60253381729126,5.60253381729126,5.0
61.51665687561035,0.44760991278351464,-0.001424543982288036,0.3,0.009837631088055429,NONE,5.3819146156311035,6.534529685974121,5.0
61.52638602256775,0.451818383374553,-0.0014399006756983031,0.3,0.003695685780491086,NONE,7.020406723022461,5.966801643371582,5.0
61.550790786743164,0.4560719262661841,-0.0014554218377644693,0.3,0.003695685780491086,NONE,5.594392776489258,5.594392776489258,5.0
61.570764780044556,0.4603539970950318,-0.0014833453212181164,0.3,0.003695685780491086,NONE,6.643341064453125,5.944042205810547,5.0
61.58978891372681,0.46489650507105673,-0.0015065849341110756,0.3,0.015830216385857743,NONE,5.593884468078613,6.292548656463623,5.0
61.59075713157654,0.4695096289937312,-0.0015435023386597391,0.3,0.015830216385857743,NONE,6.307439804077148,6.306865692138672,5.0
61.60584497451782,0.4723253475743421,-0.0015660292722284163,0.3,0.015830216385857743,NONE,5.944581985473633,5.245219707489014,5.0
61.60698485374451,0.47535492752669706,-0.001584502902969113,0.3,0.015243066934815738,NONE,5.948904037475586,5.948363780975342,5.0
61.62345623970032,0.4796261669305005,-0.001610541513665164,0.3,0.015243066934815738,NONE,6.302850246429443,6.653008937835693,5.0
61.6264545917511,0.48257915725970146,-0.0016326449938436705,0.3,0.015243066934815738,NONE,5.592868804931641,5.595408916473389,5.0
61.6468722820282,0.4855297854685865,-0.0016575640773682926,0.3,0.015243066934815738,NONE,5.592868804931641,5.595408916473389,5.0
61.66442632675171,0.48967477666375714,-0.00169259999405168,0.3,0.015243066934815738,NONE,5.805173397064209,5.804590225219727,5.0
61.68467164039612,0.49405252334897254,-0.0017295934428749476,0.3,0.020172618969348858,NONE,5.594392776489258,5.945662021636963,5.0
61.70802712440491,0.4983651021302796,-0.001772249614823122,0.3,0.020172618969348858,NONE,6.283989429473877,5.236183166503906,5.0
61.709261894226074,0.502684654740693,-0.0017966556629157699,0.3,0.017733345912295827,NONE,5.615813255310059,5.966801643371582,5.0
61.721492290496826,0.5059258992985791,-0.001819556029443422,0.3,0.017733345912295827,NONE,5.944042205810547,6.992355823516846,5.0
61.7225604057312,0.5103755958219309,-0.0018636307950966346,0.3,0.017733345912295827,NONE,6.543022155761719,5.387293815612793,5.0
61.74145793914795,0.5149851781915817,-0.0018878059452842213,0.3,0.017733345912295827,NONE,5.25859260559082,5.610187530517578,5.0
61.76235318183899,0.5196934173185962,-0.0019192131140719556,0.3,0.017733345912295827,NONE,5.943502426147461,6.293691635131836,5.0
61.78430199623108,0.5236754758324372,-0.001934460078255191,0.3,0.01717421345042983,NONE,6.659064769744873,5.954858303070068,5.0
61.78551626205444,0.528022078474167,-0.0019511453473610402,0.3,0.01717421345042983,NONE,6.309162139892578,6.309162139892578,5.0
61.803515672683716,0.530862393385281,-0.0019541912782304457,0.3,0.01717421345042983,NONE,6.291977405548096,5.592360973358154,5.0
61.80474543571472,0.5336993778789852,-0.0019572336375870037,0.3,0.006177623459368711,NONE,5.608654975891113,5.608654975891113,5.0
61.82235622406006,0.5384153113393797,-0.0019622909667052894,0.3,0.006177623459368711,NONE,5.934340953826904,6.28285026550293,5.0
61.84871816635132,0.5411445060714725,-0.00196521773318832,0.3,0.006177623459368711,NONE,5.593884468078613,5.2423624992370605,5.0
61.849793434143066,0.5455770149129887,-0.0019657286731191797,0.3,0.006177623459368711,NONE,5.958110809326172,5.960280895233154,5.0
61.86562204360962,0.5488250762341793,-0.0019661314199928338,0.3,0.006177623459368711,NONE,5.958110809326172,5.960280895233154,5.0
61.88668417930603,0.5530617828583922,-0.001962629244687323,0.3,0.004367184435086492,NONE,5.609676361083984,5.609676361083984,5.0
61.889686584472656,0.5577225788930761,-0.0019587765057028942,0.3,0.004367184435086492,NONE,6.658458709716797,5.957026481628418,5.0
61.90635085105896,0.5619261838316795,-0.0019435249662430277,0.3,0.004367184435086492,NONE,5.594392776489258,5.594392776489258,5.0
61.92755341529846,0.565192522999489,-0.0019316740189169203,0.3,-0.0031127332260172435,NONE,5.958653450012207,6.308588027954102,5.0
61.92941617965698,0.5697467280648173,-0.0019197379634681318,0.3,-0.0031127332260172435,NONE,6.291977405548096,6.289693355560303,5.0
61.94183659553528,0.5740039559993485,-0.00190854220012696,0.3,-0.0031127332260172435,NONE,5.607633590698242,5.258114337921143,5.0
61.960039138793945,0.5789204082704128,-0.0018956230611026103,0.3,-0.0031127332260172435,NONE,5.594901084899902,5.595408916473389,5.0
61.98032212257385,0.5817178171888832,-0.0018882654375676322,0.3,-0.00113332691021814,NONE,5.593884468078613,5.590838432312012,5.0
62.04277515411377,0.6027688267896384,-0.0018391475080885991,0.3,-0.00113332691021814,NONE,5.593884468078613,5.593376636505127,5.0
62.06358075141907,0.6076753767639151,-0.0018282983451165516,0.3,-0.00113332691021814,NONE,5.607633590698242,5.607122898101807,5.0
62.064708948135376,0.612054518712026,-0.0018248828624561806,0.3,-0.00113332691021814,NONE,6.293691635131836,6.642737865447998,5.0
62.08711266517639,0.6148084399926239,-0.001815059805266952,0.3,-0.00113332691021814,NONE,5.235233783721924,5.584249496459961,5.0
62.102295875549316,0.6197046968859817,-0.0018022975749287023,0.3,-0.00113332691021814,NONE,6.318366050720215,6.669994354248047,5.0
62.14862656593323,0.6317603418444812,-0.0018103864715202772,0.3,-0.00113332691021814,NONE,5.257635116577148,5.958110809326172,5.0
62.14982199668884,0.6345792721834641,-0.0018150410706202257,0.3,-0.0031192315167016225,NONE,5.607633590698242,5.607122898101807,5.0
62.16850662231445,0.6393894338410628,-0.0018229769023354436,0.3,0.001747754789529116,NONE,5.944042205810547,6.29311990737915,5.0
62.18931245803833,0.6434346455812092,-0.0018232657094531333,0.3,0.007494188633274881,NONE,5.25859260559082,6.158753871917725,5.0
62.190415143966675,0.6478753160565621,-0.0018298472502168393,0.3,0.007494188633274881,NONE,5.657591342926025,5.609165191650391,5.0
62.20503568649292,0.6509227187901907,-0.0018429027190378306,0.3,0.007494188633274881,NONE,6.46929407119751,5.709329128265381,5.0
62.20620560646057,0.6538617531654204,-0.0018494516987420124,0.3,0.008797491789504019,NONE,5.959196090698242,5.609165191650391,5.0
62.22883892059326,0.6583923586686312,-0.0018551914562216654,0.3,0.008797491789504019,NONE,5.943502426147461,6.642134666442871,5.0
62.23817229270935,0.661496204548127,-0.0018591160825189067,0.3,0.008797491789504019,NONE,5.6147894859313965,5.612742900848389,5.0
62.245821475982666,0.6643643542830072,-0.0018627378800420932,0.3,0.008797491789504019,NONE,5.6147894859313965,5.612742900848389,5.0
62.26534342765808,0.6691819408079474,-0.0018687941277632219,0.3,0.008797491789504019,NONE,6.659671306610107,6.308588027954102,5.0
62.28077530860901,0.6734136095319408,-0.0018681471898714089,0.3,0.006972469836366825,NONE,5.593884468078613,5.593376636505127,5.0
62.281840085983276,0.6779373441931056,-0.0018674462066440721,0.3,0.006972469836366825,NONE,5.958653450012207,5.958110809326172,5.0
62.29832148551941,0.6808774260333694,-0.0018669834354540988,0.3,0.006972469836366825,NONE,6.159369468688965,6.158753871917725,5.0
62.29954218864441,0.6837410654949266,-0.0018708991521506231,0.3,0.007293269578084264,NONE,5.594901084899902,5.594901084899902,5.0
62.31910157203674,0.68843180738217,-0.0018773132334529452,0.3,0.007293269578084264,NONE,5.958653450012207,6.308588027954102,5.0
62.34052014350891,0.6926405362911369,-0.0018712014417287645,0.3,0.007293269578084264,NONE,6.642737865447998,5.942962646484375,5.0
62.35116219520569,0.6954773242256586,-0.0018714941672772988,0.3,0.007293269578084264,NONE,5.619912147521973,5.621963977813721,5.0
62.352386474609375,0.7003536399131253,-0.0018720246446066692,0.3,0.0048699982197869755,NONE,6.642737865447998,5.942962646484375,5.0
62.3533296585083,0.7032003138282672,-0.0018723268337139203,0.3,0.0048699982197869755,NONE,6.147690296173096,6.147076606750488,5.0
62.39855456352234,0.7072798547175614,-0.0018768098079189558,0.3,0.0048699982197869755,NONE,5.943502426147461,6.29311990737915,5.0
62.39967107772827,0.7102624744093337,-0.0018838457639470479,0.3,0.0048699982197869755,NONE,6.309162139892578,5.607633590698242,5.0
62.41589593887329,0.713091292503341,-0.0018851492141175553,0.3,0.005692356822492402,NONE,5.593884468078613,5.593376636505127,5.0
62.422847032547,0.7163191134160132,-0.0018866320340888527,0.3,0.005692356822492402,NONE,5.958110809326172,6.658458709716797,5.0
62.43964695930481,0.7208059919422226,-0.0018973845668126162,0.3,0.005692356822492402,NONE,5.958110809326172,6.658458709716797,5.0
62.45890760421753,0.7236554553182556,-0.0019002577447730358,0.3,0.005692356822492402,NONE,5.608144283294678,5.607633590698242,5.0
62.46005058288574,0.7283741013466438,-0.0019050090429571693,0.3,0.0069092271183338605,NONE,5.608144283294678,6.288551330566406,5.0
62.47757840156555,0.7327845316403865,-0.001909388721570716,0.3,0.0069092271183338605,NONE,6.311460971832275,5.961909770965576,5.0
62.49581742286682,0.7369999072659827,-0.0019196744695330313,0.3,0.0069092271183338605,NONE,5.593884468078613,5.944042205810547,5.0
62.49691319465637,0.7414501603986655,-0.0019366698015304761,0.3,0.0069092271183338605,NONE,5.608144283294678,5.958110809326172,5.0
62.51535630226135,0.7442244810052512,-0.0019394072070087363,0.3,0.0069092271183338605,NONE,5.257635116577148,5.607633590698242,5.0
62.53494143486023,0.7486808025330881,-0.001948109680174759,0.3,0.007079618980542964,NONE,6.29311990737915,6.642737865447998,5.0
62.53602313995361,0.7516610892773843,-0.0019539231704540205,0.3,0.007079618980542964,NONE,5.948363780975342,5.9478230476379395,5.0
62.55819606781006,0.7562686515503653,-0.001967449914690673,0.3,0.007079618980542964,NONE,5.594901084899902,5.2447428703308105,5.0
62.559361696243286,0.7593585042228242,-0.001976513996790588,0.3,0.011157724665927748,NONE,6.318942070007324,6.318366050720215,5.0
62.58255887031555,0.7636613550549308,-0.0019850232299141474,0.3,0.011157724665927748,NONE,6.29311990737915,5.942962646484375,5.0
62.603328466415405,0.7683864447412272,-0.0019943564813831153,0.3,0.011157724665927748,NONE,5.610698699951172,5.610187530517578,5.0
62.62642550468445,0.7727572390290305,-0.0020029797754894493,0.3,0.011157724665927748,NONE,5.957026481628418,5.60610294342041,5.0
62.62758755683899,0.7771433004662132,-0.0020053434598315987,0.3,0.009397791536291117,NONE,5.945121765136719,5.944581985473633,5.0
62.64511513710022,0.7803233370954544,-0.0020070503619634083,0.3,0.009397791536291117,NONE,6.307439804077148,6.306865692138672,5.0
62.646239042282104,0.783146415796998,-0.0020085612477691276,0.3,0.009397791536291117,NONE,5.594901084899902,5.594901084899902,5.0
62.68236303329468,0.7922462954798082,-0.0020069923273977304,0.3,0.006674192513914504,NONE,5.948904037475586,5.948363780975342,5.0
62.683478593826294,0.7963673932553027,-0.002003215228203745,0.3,0.006674192513914504,NONE,5.592868804931641,5.592868804931641,5.0
62.70434069633484,0.7995294243666301,-0.0020003171399242165,0.3,0.006674192513914504,NONE,6.309736728668213,6.309736728668213,5.0
62.705501556396484,0.8024568697884129,-0.0019976340558661766,0.3,0.003878282474846748,NONE,6.309736728668213,5.593884468078613,5.0
62.722257137298584,0.8073249106547055,-0.0019885037417467456,0.3,0.003878282474846748,NONE,5.67322301864624,5.6700897216796875,5.0
62.744590044021606,0.8117667282977544,-0.001980172835853354,0.3,0.003878282474846748,NONE,6.4629058837890625,6.4629058837890625,5.0
62.76135778427124,0.8159871979898916,-0.001972284653722836,0.3,0.002028735737386605,NONE,6.290263652801514,6.289693355560303,5.0
62.76231908798218,0.819186023241803,-0.0019663059551344336,0.3,0.002028735737386605,NONE,5.610187530517578,6.311460971832275,5.0
62.78109788894653,0.8236194390375124,-0.001958012820036503,0.3,0.002028735737386605,NONE,5.610187530517578,6.311460971832275,5.0
62.80333662033081,0.8283674621585533,-0.0019628474791714683,0.3,0.002028735737386605,NONE,6.542367935180664,6.156291484832764,5.0
62.81138229370117,0.8326940123374251,-0.001960501034275502,0.3,0.002028735737386605,NONE,6.542367935180664,6.156291484832764,5.0
62.82305932044983,0.8373254395195869,-0.001957989243536152,0.3,0.002028735737386605,NONE,6.542367935180664,6.156291484832764,5.0
62.841309547424316,0.8403087884968811,-0.0019563644853375375,0.3,0.004760315144718842,NONE,5.958653450012207,5.958110809326172,5.0
62.842411518096924,0.8431650793020896,-0.001954804729267234,0.3,0.004760315144718842,NONE,5.593884468078613,5.593376636505127,5.0
62.860392570495605,0.847745602163228,-0.001952296988365257,0.3,0.004760315144718842,NONE,5.593884468078613,5.593376636505127,5.0
62.8834810256958,0.8526588459083597,-0.0019496070897063982,0.3,0.004857219065424126,NONE,6.308588027954102,6.658458709716797,5.0
62.90165615081787,0.8569122139548714,-0.001953374195511545,0.3,0.004857219065424126,NONE,5.617861747741699,5.969522953033447,5.0
62.902772188186646,0.8599786186162647,-0.001960369221382238,0.3,0.004857219065424126,NONE,6.293691635131836,5.944042205810547,5.0
62.92092823982239,0.8629568582066943,-0.0019643422651868174,0.3,0.004857219065424126,NONE,5.958110809326172,5.256678104400635,5.0
62.93728494644165,0.8720771093588385,-0.0019713126682531132,0.3,0.004857219065424126,NONE,5.958110809326172,5.256678104400635,5.0
62.9593551158905,0.8748563887752813,-0.0019770064598063314,0.3,0.004857219065424126,NONE,5.961367130279541,5.960824012756348,5.0
62.9602952003479,0.8794179833933543,-0.0019819303298287227,0.3,0.004857219065424126,NONE,6.29311990737915,6.289693355560303,5.0
62.97751307487488,0.882610791310759,-0.0019853338286817857,0.3,0.004857219065424126,NONE,6.29311990737915,6.289693355560303,5.0
62.992560148239136,0.8864963061355462,-0.001985442136853193,0.3,0.004857219065424126,NONE,5.591853141784668,5.589316368103027,5.0
62.99363303184509,0.889674379844452,-0.001985500437574137,0.3,0.004857219065424126,NONE,6.31203556060791,6.312610149383545,5.0
63.011587381362915,0.8925621255400197,-0.0019855579279607766,0.3,0.004857219065424126,NONE,5.933265209197998,5.585261821746826,5.0
63.02665066719055,0.897054075041143,-0.001981410548052002,0.3,0.004857219065424126,NONE,5.968978404998779,5.968978404998779,5.0
63.027732372283936,0.9017589008327729,-0.0019770666212207653,0.3,0.004857219065424126,NONE,6.29311990737915,6.292548656463623,5.0
63.05061149597168,0.9060715633104276,-0.001973074819230237,0.3,0.004857219065424126,NONE,5.388370990753174,5.610187530517578,5.0
63.0846164226532,0.91638289541329,-0.0019515918599978114,0.3,0.004857219065424126,NONE,6.283419609069824,5.610187530517578,5.0
63.103734731674194,0.9211314364772735,-0.0019402534456549553,0.3,0.004857219065424126,NONE,5.592868804931641,5.593376636505127,5.0
63.12610721588135,0.928627684112428,-0.0019179202034838405,0.3,0.004857219065424126,NONE,5.958653450012207,5.596425533294678,5.0
63.15148329734802,0.9315829252575715,-0.0019121528897025504,0.3,0.004857219065424126,NONE,5.943502426147461,6.292548656463623,5.0
63.174275636672974,0.9356990039515427,-0.0019001291907592497,0.3,0.004857219065424126,NONE,5.593884468078613,5.593376636505127,5.0
63.17532420158386,0.9390415665415098,-0.0018903582994743982,0.3,0.004857219065424126,NONE,6.659064769744873,6.658458709716797,5.0
63.18732261657715,0.9420738061673704,-0.0018814895496008816,0.3,0.004857219065424126,NONE,5.944042205810547,5.943502426147461,5.0
63.18845820426941,0.94601403319334,-0.0018699592365187597,0.3,0.004857219065424126,NONE,5.37976598739624,5.3792290687561035,5.0
63.209798097610474,0.9490272145876136,-0.001861135337945933,0.3,0.004857219065424126,NONE,5.969522953033447,5.969522953033447,5.0
63.21092939376831,0.9522547846207762,-0.0018516836166976058,0.3,0.004857219065424126,NONE,6.29311990737915,6.29311990737915,5.0
63.227216958999634,0.9566482221715498,-0.0018388177310234978,0.3,0.004857219065424126,NONE,5.3819146156311035,5.381377220153809,5.0
63.22832703590393,0.9596515216966279,-0.001830016273867396,0.3,0.004857219065424126,NONE,5.967889308929443,5.967345714569092,5.0
63.24287700653076,0.962727982201612,-0.0018209958620076796,0.3,0.004857219065424126,NONE,6.291977405548096,5.942423343658447,5.0
63.263535499572754,0.9670187038140368,-0.0018043377907865394,0.3,0.004857219065424126,NONE,5.7314276695251465,5.645665645599365,5.0
63.27898669242859,0.9719239588383111,-0.0017853051790864929,0.3,0.004857219065424126,NONE,6.2942633628845215,6.644547939300537,5.0
63.28081941604614,0.9760613511535249,-0.0017751918334257587,0.3,0.004857219065424126,NONE,5.608144283294678,5.955942153930664,5.0
63.30179405212402,0.9809227964712443,-0.0017497573222445013,0.3,0.004857219065424126,NONE,5.934340953826904,5.2380828857421875,5.0
63.31853461265564,0.9851200731456127,-0.0017337598346295992,0.3,0.004857219065424126,NONE,6.318366050720215,6.669386386871338,5.0
63.33355212211609,0.9880343714906331,-0.0017226522867366289,0.3,0.004857219065424126,NONE,5.608144283294678,5.958110809326172,5.0
63.33458948135376,0.9913991579829862,-0.0017130354334451408,0.3,0.004857219065424126,NONE,6.29311990737915,6.642134666442871,5.0
63.35197305679321,0.9953382468246207,-0.001705643376558717,0.3,0.004857219065424126,NONE,5.608144283294678,5.2571563720703125,5.0
63.36807560920715,0.998410593658788,-0.0016956513637560132,0.3,0.004857219065424126,NONE,6.290263652801514,5.940265655517578,5.0
63.370596170425415,1.0018207348034263,-0.0016813193854918955,0.3,0.004857219065424126,NONE,6.311460971832275,5.940265655517578,5.0
63.389760971069336,1.0059013332109736,-0.0016720806951352793,0.3,0.004857219065424126,NONE,5.2447428703308105,5.593884468078613,5.0
63.399259090423584,1.009132234028292,-0.0016647722555187718,0.3,0.004857219065424126,NONE,6.643341064453125,5.944042205810547,5.0
63.40781259536743,1.0123378254923407,-0.0016513005965632574,0.3,0.004857219065424126,NONE,6.643341064453125,5.944042205810547,5.0
63.42554497718811,1.0163333067073392,-0.0016268166923864543,0.3,-0.0016221003874519356,NONE,6.150759696960449,6.150145530700684,5.0
63.44488191604614,1.0195340731606284,-0.0016116627796353396,0.3,-0.0016221003874519356,NONE,6.542367935180664,6.157522678375244,5.0
63.44598436355591,1.0239642448290445,-0.001586042755873697,0.3,-0.0016221003874519356,NONE,5.946742057800293,5.946202278137207,5.0
63.46215891838074,1.0267683820008795,-0.0015698201190184422,0.3,-0.0016221003874519356,NONE,5.388370990753174,5.773254871368408,5.0
63.48078536987305,1.0316474595013925,-0.001546693979888838,0.3,-0.004906852547214473,NONE,6.283419609069824,6.28285026550293,5.0
63.48185396194458,1.0354289872128866,-0.0015287610344924577,0.3,-0.004906852547214473,NONE,5.264824867248535,5.264824867248535,5.0
63.49567174911499,1.0399052185274988,-0.0015075336317413098,0.3,-0.004906852547214473,NONE,5.264824867248535,5.264824867248535,5.0
63.51564431190491,1.0430160075607382,-0.0014927814960626058,0.3,-0.004906852547214473,NONE,6.309162139892578,5.958110809326172,5.0
63.53460168838501,1.0472154300450793,-0.001468825148457739,0.3,-0.0029313062322730635,NONE,5.610187530517578,5.611209392547607,5.0
63.535738945007324,1.0500401954894605,-0.0014527224536014384,0.3,-0.0029313062322730635,NONE,6.642737865447998,6.293691635131836,5.0
63.554627895355225,1.0541835268231676,-0.0014291147409077642,0.3,-0.004992355438333187,NONE,5.608144283294678,5.607122898101807,5.0
63.57356882095337,1.0572971450287405,-0.0014113613857013913,0.3,-0.004992355438333187,NONE,5.942962646484375,6.29311990737915,5.0
63.57467818260193,1.0621237510672121,-0.001388490334765736,0.3,-0.004992355438333187,NONE,6.309162139892578,6.655429840087891,5.0
63.57669997215271,1.0661999700240723,-0.0013748559946118503,0.3,-0.004992355438333187,NONE,5.592868804931641,6.655429840087891,5.0
63.607587814331055,1.0711906351921088,-0.0013511283229827513,0.3,-0.004992355438333187,NONE,6.643341064453125,6.642737865447998,5.0
63.62217330932617,1.0753237326279788,-0.001331467756076629,0.3,-0.003170108362910694,NONE,6.643341064453125,6.642737865447998,5.0
63.66067552566528,1.08427493362095,-0.0012996388034379955,0.3,-0.003170108362910694,NONE,6.505949020385742,5.280229091644287,5.0
63.6619827747345,1.0871695737518445,-0.0012905572855634755,0.3,-2.2316999150629943e-05,NONE,5.388370990753174,5.773254871368408,5.0
63.682706117630005,1.0914409745618288,-0.0012817656316650849,0.3,-2.2316999150629943e-05,NONE,6.661490440368652,6.3103108406066895,5.0
63.69764304161072,1.095488483734597,-0.0012790900769057778,0.3,-2.2316999150629943e-05,NONE,5.594392776489258,5.943502426147461,5.0
63.72191286087036,1.1003284209879958,-0.0012690686867793755,0.3,-2.2316999150629943e-05,NONE,6.642737865447998,6.29311990737915,5.0
63.723259687423706,1.104438233526125,-0.0012547471018094303,0.3,0.0021829827912259736,NONE,5.958653450012207,5.959196090698242,5.0
63.740901708602905,1.1074697649183363,-0.001244164903076702,0.3,0.0021829827912259736,NONE,5.5266337394714355,5.525146007537842,5.0
63.76462483406067,1.1120167097762788,-0.00122829970247164,0.3,0.0021829827912259736,NONE,6.29311990737915,5.943502426147461,5.0
63.765830755233765,1.114835763177938,-0.001214504117427934,0.3,-0.003455616806108045,NONE,5.598968505859375,5.597951412200928,5.0
63.78045296669006,1.1196000401340838,-0.0011911760135721984,0.3,-0.003455616806108045,NONE,5.598968505859375,5.597951412200928,5.0
63.80101299285889,1.123809293582423,-0.001170575418987591,0.3,-0.003455616806108045,NONE,6.010087013244629,5.999619007110596,5.0
63.80209302902222,1.1268610860105075,-0.0011557084184612022,0.3,-0.003455616806108045,NONE,5.722341060638428,5.7280168533325195,5.0
63.82750630378723,1.1298522174961447,-0.0011411503792406147,0.3,-0.003455616806108045,NONE,5.944581985473633,5.946202278137207,5.0
63.828800678253174,1.1338830385483725,-0.0011215498623357047,0.3,-0.003539557204901434,NONE,6.308588027954102,6.308013439178467,5.0
63.84699749946594,1.1384846876642303,-0.0011056331974404771,0.3,-0.003539557204901434,NONE,6.309162139892578,5.958653450012207,5.0
63.872021198272705,1.142438576341085,-0.0010863370525578712,0.3,-0.003539557204901434,NONE,6.158138275146484,6.157522678375244,5.0
63.89373254776001,1.1467220691774953,-0.0010654240210260274,0.3,-0.003688051052897134,NONE,5.7663373947143555,5.765761375427246,5.0
63.894843101501465,1.1518136846757252,-0.00104055376473827,0.3,-0.003688051052897134,NONE,6.669386386871338,7.020406723022461,5.0
63.8958101272583,1.1546778415053442,-0.0010306062267265847,0.3,-0.003688051052897134,NONE,5.592868804931641,5.593376636505127,5.0
63.918986558914185,1.1598771544819702,-0.0010125557381938082,0.3,-0.0009744476951509011,NONE,6.642737865447998,6.991720676422119,5.0
63.93878722190857,1.1640992657810092,-0.0010039722440023616,0.3,-0.0009744476951509011,NONE,5.608144283294678,5.958110809326172,5.0
63.93992209434509,1.1668976097611523,-0.0010021480270058268,0.3,-0.0009744476951509011,NONE,5.593884468078613,5.593376636505127,5.0
63.957865953445435,1.170109557143208,-0.0010000497745494272,0.3,-0.0009744476951509011,NONE,6.542367935180664,6.157522678375244,5.0
63.96529173851013,1.174509488052682,-0.000992545683900943,0.3,-0.0009744476951509011,NONE,5.594392776489258,5.943502426147461,5.0
63.97815155982971,1.179184315117636,-0.000991311154040691,0.29690276279300526,0.0026519014410858596,NONE,5.594392776489258,5.943502426147461,5.0
63.99593806266785,1.1821954263096386,-0.00099050905468076,0.29690276279300526,0.0026519014410858596,NONE,5.930576801300049,5.930576801300049,5.0
63.99706530570984,1.1850156153738245,-0.0009897578131293767,0.29690276279300526,0.0026519014410858596,NONE,5.619912147521973,5.619399547576904,5.0
64.00743317604065,1.1896700512455833,-0.0009885114931226348,0.29690276279300526,0.0026519014410858596,NONE,6.29311990737915,6.292548656463623,5.0
64.02042961120605,1.194522618092225,-0.0009872010367624846,0.28690276279300525,0.005748926722793016,NONE,5.958110809326172,5.957568168640137,5.0
64.04126834869385,1.1997377689712092,-0.0009857802038354864,0.28690276279300525,0.005748926722793016,NONE,5.2447428703308105,5.593884468078613,5.0
64.06020975112915,1.2031787631539348,-0.0009732110183001746,0.28690276279300525,0.005748926722793016,NONE,5.66123104095459,5.658631324768066,5.0
64.06132388114929,1.2069033089895334,-0.0009595742610675267,0.27690276279300524,-0.0007650759099901506,NONE,5.323444366455078,5.323970317840576,5.0
64.07745671272278,1.2102819199073533,-0.0009472108027185298,0.27690276279300524,-0.0007650759099901506,NONE,5.948363780975342,6.298839569091797,5.0
64.10470676422119,1.2140572282424518,-0.0009373418795925804,0.27690276279300524,-0.0007650759099901506,NONE,5.257635116577148,4.906232833862305,5.0
64.12431907653809,1.2181717577291062,-0.000920780131531935,0.0,-0.0,RED,5.958110809326172,6.307439804077148,5.0
64.12531805038452,1.2222688890788107,-0.0009098194025850276,0.0,-0.0,RED,5.2447428703308105,4.894649028778076,5.0
64.14599537849426,1.2259842253813429,-0.0008941978711512232,0.0,-0.0,RED,5.2447428703308105,4.894649028778076,5.0
64.18432950973511,1.229915880561823,-0.0008735062104470466,0.0,-0.0,RED,3.8391716480255127,5.258114337921143,5.0
64.18537545204163,1.230968175042105,-0.0008667156635122512,0.0,-0.0,RED,1.4016532897949219,1.4016532897949219,5.0
64.20353293418884,1.2319386372849779,-0.0008604531870551775,0.0,-0.0,RED,1.9223041534423828,1.9223041534423828,5.0
64.22297286987305,1.2322199895784143,-0.0008586377306271275,0.0,-0.0,RED,0.7010180354118347,0.3504451811313629,5.0
64.2240936756134,1.2325993962166681,-0.0008558047741090683,0.0,-0.0,RED,0.6992355585098267,0.34961777925491333,5.0
64.24622297286987,1.2325993962166681,-0.0008558047741090683,0.0,-0.0,RED,0.0,0.0,5.0
64.26660585403442,1.2325993962166681,-0.0008558047741090683,0.0,-0.0,RED,0.0,0.0,5.0
64.30854201316833,1.2325114667204713,-0.0008565815580746845,0.0,-0.0,RED,0.0,-0.34955430030822754,5.0
64.32744550704956,1.2325114667204713,-0.0008565815580746845,0.0,-0.0,RED,0.0,0.0,5.0
64.32853198051453,1.2325114667204713,-0.0008565815580746845,0.0,-0.0,RED,0.0,0.0,5.0
64.36612296104431,1.2325114667204713,-0.0008565815580746845,0.0,-0.0,RED,0.0,0.0,5.0
64.38357853889465,1.2325114667204713,-0.0008565815580746845,0.0,-0.0,RED,0.0,0.0,5.0
64.38486814498901,1.2325114667204713,-0.0008565815580746845,0.0,-0.0,RED,0.0,0.0,5.0
64.4033510684967,1.2325114667204713,-0.0008565815580746845,0.0,-0.0,RED,0.0,0.0,5.0
64.43284821510315,1.2325114667204713,-0.0008565815580746845,0.0,-0.0,RED,0.0,0.0,5.0
64.4339771270752,1.2325114667204713,-0.0008565815580746845,0.0,-0.0,RED,0.0,0.0,5.0
64.44896149635315,1.2325114667204713,-0.0008565815580746845,0.0,-0.0,RED,0.0,0.0,5.0
64.46950125694275,1.2325114667204713,-0.0008565815580746845,0.0,-0.0,RED,0.0,0.0,5.0
64.47367405891418,1.2325114667204713,-0.0008565815580746845,0.0,-0.0,RED,0.0,0.0,5.0
64.4952495098114,1.2325114667204713,-0.0008565815580746845,0.0,-0.0,RED,0.0,0.0,5.0
64.51253294944763,1.2325114667204713,-0.0008565815580746845,0.0,-0.0,RED,0.0,0.0,5.0
64.51372385025024,1.2325114667204713,-0.0008565815580746845,0.0,-0.0,RED,0.0,0.0,5.0
64.52836346626282,1.2325114667204713,-0.0008565815580746845,0.0,-0.0,RED,0.0,0.0,5.0
64.53358745574951,1.2325114667204713,-0.0008565815580746845,0.0,-0.0,RED,0.0,0.0,5.0
64.69951510429382,1.2325114667204713,-0.0008565815580746845,0.0,-0.0,RED,0.0,0.0,5.0
64.72047638893127,1.2325114667204713,-0.0008565815580746845,0.0,-0.0,RED,0.0,0.0,5.0
64.73554921150208,1.2325114667204713,-0.0008565815580746845,0.0,-0.0,RED,0.0,0.0,5.0
64.7371826171875,1.2325114667204713,-0.0008565815580746845,0.0,-0.0,RED,0.0,0.0,5.0
64.73835873603821,1.2325114667204713,-0.0008565815580746845,0.0,-0.0,RED,0.0,0.0,5.0
64.73949670791626,1.2325114667204713,-0.0008565815580746845,0.0,-0.0,RED,0.0,0.0,5.0
64.74054837226868,1.2325114667204713,-0.0008565815580746845,0.0,-0.0,RED,0.0,0.0,5.0
64.74147033691406,1.2325114667204713,-0.0008565815580746845,0.0,-0.0,RED,0.0,0.0,5.0
64.74237012863159,1.2325114667204713,-0.0008565815580746845,0.0,-0.0,RED,0.0,0.0,5.0
64.95152616500854,1.2325114667204713,-0.0008565815580746845,0.0,-0.0,RED,0.0,0.0,5.0
64.95265460014343,1.2325114667204713,-0.0008565815580746845,0.0,-0.0,RED,0.0,0.0,5.0
64.95362162590027,1.2325114667204713,-0.0008565815580746845,0.0,-0.0,RED,0.0,0.0,5.0
64.98575687408447,1.2325114667204713,-0.0008565815580746845,0.0,-0.0,RED,0.0,0.0,5.0
64.98688387870789,1.2325114667204713,-0.0008565815580746845,0.0,-0.0,RED,0.0,0.0,5.0
64.98791337013245,1.2325114667204713,-0.0008565815580746845,0.0,-0.0,RED,0.0,0.0,5.0
64.98883414268494,1.2325114667204713,-0.0008565815580746845,0.0,-0.0,RED,0.0,0.0,5.0
64.98966979980469,1.2325114667204713,-0.0008565815580746845,0.0,-0.0,RED,0.0,0.0,5.0
64.99051284790039,1.2325114667204713,-0.0008565815580746845,0.0,-0.0,RED,0.0,0.0,5.0
64.99134254455566,1.2325114667204713,-0.0008565815580746845,0.0,-0.0,RED,0.0,0.0,5.0
64.99218583106995,1.2325114667204713,-0.0008565815580746845,0.0,-0.0,RED,0.0,0.0,5.0
65.0118293762207,1.2325114667204713,-0.0008565815580746845,0.0,-0.0,RED,0.0,0.0,5.0
65.08047676086426,1.2325114667204713,-0.0008565815580746845,0.0,-0.0,RED,0.0,0.0,5.0
65.08160305023193,1.2325114667204713,-0.0008565815580746845,0.0,-0.0,RED,0.0,0.0,5.0
65.08258104324341,1.2325114667204713,-0.0008565815580746845,0.0,-0.0,RED,0.0,0.0,5.0
65.08353567123413,1.2325114667204713,-0.0008565815580746845,0.0,-0.0,RED,0.0,0.0,5.0
65.08450388908386,1.2325114667204713,-0.0008565815580746845,0.0,-0.0,RED,0.0,0.0,5.0
65.08543539047241,1.2325114667204713,-0.0008565815580746845,0.0,-0.0,RED,0.0,0.0,5.0
65.08636116981506,1.2325114667204713,-0.0008565815580746845,0.0,-0.0,RED,0.0,0.0,5.0
65.09158205986023,1.2325114667204713,-0.0008565815580746845,0.0,-0.0,RED,0.0,0.0,5.0
65.16566610336304,1.2325114667204713,-0.0008565815580746845,0.0,-0.0,RED,0.0,0.0,5.0
65.23009514808655,1.2325114667204713,-0.0008565815580746845,0.0,-0.0,RED,0.0,0.0,5.0
65.23124837875366,1.2325114667204713,-0.0008565815580746845,0.0,-0.0,RED,0.0,0.0,5.0
65.23218131065369,1.2325114667204713,-0.0008565815580746845,0.0,-0.0,RED,0.0,0.0,5.0
65.23308777809143,1.2325114667204713,-0.0008565815580746845,0.0,-0.0,RED,0.0,0.0,5.0
65.24780750274658,1.2325114667204713,-0.0008565815580746845,0.0,-0.0,RED,0.0,0.0,5.0
65.27290201187134,1.2325114667204713,-0.0008565815580746845,0.0,-0.0,RED,0.0,0.0,5.0
65.34631824493408,1.2325114667204713,-0.0008565815580746845,0.0,-0.0,RED,0.0,0.0,5.0
65.34753227233887,1.2325114667204713,-0.0008565815580746845,0.0,-0.0,RED,0.0,0.0,5.0
65.34840774536133,1.2325114667204713,-0.0008565815580746845,0.0,-0.0,RED,0.0,0.0,5.0
65.34930682182312,1.2325114667204713,-0.0008565815580746845,0.0,-0.0,RED,0.0,0.0,5.0
65.35038805007935,1.2325114667204713,-0.0008565815580746845,0.0,-0.0,RED,0.0,0.0,5.0
65.36840033531189,1.2325114667204713,-0.0008565815580746845,0.0,-0.0,RED,0.0,0.0,5.0
65.44921374320984,1.2325114667204713,-0.0008565815580746845,0.0,-0.0,RED,0.0,0.0,5.0
65.45046019554138,1.2325114667204713,-0.0008565815580746845,0.0,-0.0,RED,0.0,0.0,5.0
65.45142841339111,1.2325114667204713,-0.0008565815580746845,0.0,-0.0,RED,0.0,0.0,5.0
65.45250701904297,1.2325114667204713,-0.0008565815580746845,0.0,-0.0,RED,0.0,0.0,5.0
65.45344543457031,1.2325114667204713,-0.0008565815580746845,0.0,-0.0,RED,0.0,0.0,5.0
65.47169423103333,1.2325114667204713,-0.0008565815580746845,0.0,-0.0,RED,0.0,0.0,5.0
65.47295379638672,1.2325114667204713,-0.0008565815580746845,0.0,-0.0,RED,0.0,0.0,5.0
65.52396821975708,1.2325114667204713,-0.0008565815580746845,0.0,-0.0,RED,0.0,0.0,5.0
65.52847599983215,1.2325114667204713,-0.0008565815580746845,0.0,-0.0,RED,0.0,0.0,5.0
65.52959561347961,1.2325114667204713,-0.0008565815580746845,0.0,-0.0,RED,0.0,0.0,5.0
65.53053140640259,1.2325114667204713,-0.0008565815580746845,0.0,-0.0,RED,0.0,0.0,5.0
65.53143000602722,1.2325114667204713,-0.0008565815580746845,0.0,-0.0,RED,0.0,0.0,5.0
65.53210544586182,1.2325114667204713,-0.0008565815580746845,0.0,-0.0,RED,0.0,0.0,5.0
65.55067992210388,1.2325114667204713,-0.0008565815580746845,0.0,-0.0,RED,0.0,0.0,5.0
65.55191040039062,1.2325114667204713,-0.0008565815580746845,0.0,-0.0,RED,0.0,0.0,5.0
65.5759642124176,1.2325114667204713,-0.0008565815580746845,0.0,-0.0,RED,0.0,0.0,5.0
65.57727003097534,1.2325114667204713,-0.0008565815580746845,0.0,-0.0,RED,0.0,0.0,5.0
65.73550724983215,1.2325114667204713,-0.0008565815580746845,0.0,-0.0,RED,0.0,0.0,5.0
65.73938989639282,1.2325114667204713,-0.0008565815580746845,0.0,-0.0,RED,0.0,0.0,5.0
65.75911116600037,1.2325114667204713,-0.0008565815580746845,0.0,-0.0,RED,0.0,0.0,5.0
65.76057147979736,1.2325114667204713,-0.0008565815580746845,0.0,-0.0,RED,0.0,0.0,5.0
65.76165914535522,1.2325114667204713,-0.0008565815580746845,0.0,-0.0,RED,0.0,0.0,5.0
65.76270413398743,1.2325114667204713,-0.0008565815580746845,0.0,-0.0,RED,0.0,0.0,5.0
65.76374840736389,1.2325114667204713,-0.0008565815580746845,0.0,-0.0,RED,0.0,0.0,5.0
65.77781820297241,1.2325114667204713,-0.0008565815580746845,0.0,-0.0,RED,0.0,0.0,5.0
65.77891850471497,1.2325114667204713,-0.0008565815580746845,0.0,-0.0,RED,0.0,0.0,5.0
65.92084431648254,1.2325114667204713,-0.0008565815580746845,0.0,-0.0,RED,0.0,0.0,5.0
65.92547965049744,1.2325114667204713,-0.0008565815580746845,0.0,-0.0,RED,0.0,0.0,5.0
65.94121718406677,1.2325114667204713,-0.0008565815580746845,0.0,-0.0,RED,0.0,0.0,5.0
65.94240689277649,1.2325114667204713,-0.0008565815580746845,0.0,-0.0,RED,0.0,0.0,5.0
65.95909428596497,1.2325114667204713,-0.0008565815580746845,0.0,-0.0,RED,0.0,0.0,5.0
65.96055054664612,1.2325114667204713,-0.0008565815580746845,0.0,-0.0,RED,0.0,0.0,5.0
65.96194434165955,1.2325114667204713,-0.0008565815580746845,0.0,-0.0,RED,0.0,0.0,5.0
65.96292066574097,1.2325114667204713,-0.0008565815580746845,0.0,-0.0,RED,0.0,0.0,5.0
65.96390318870544,1.2325114667204713,-0.0008565815580746845,0.0,-0.0,RED,0.0,0.0,5.0
65.9647581577301,1.2325114667204713,-0.0008565815580746845,0.0,-0.0,RED,0.0,0.0,5.0
65.965585231781,1.2325114667204713,-0.0008565815580746845,0.0,-0.0,RED,0.0,0.0,5.0
65.98161387443542,1.2325114667204713,-0.0008565815580746845,0.0,-0.0,RED,0.0,0.0,5.0
65.98258423805237,1.2325114667204713,-0.0008565815580746845,0.0,-0.0,RED,0.0,0.0,5.0
66.11256527900696,1.2325114667204713,-0.0008565815580746845,0.0,-0.0,RED,0.0,0.0,5.0
66.13053584098816,1.2325114667204713,-0.0008565815580746845,0.0,-0.0,RED,0.0,0.0,5.0
66.13392519950867,1.2325114667204713,-0.0008565815580746845,0.0,-0.0,RED,0.0,0.0,5.0
66.1522388458252,1.2325114667204713,-0.0008565815580746845,0.0,-0.0,RED,0.0,0.0,5.0
66.15284323692322,1.2325114667204713,-0.0008565815580746845,0.0,-0.0,RED,0.0,0.0,5.0
66.1531126499176,1.2325114667204713,-0.0008565815580746845,0.0,-0.0,RED,0.0,0.0,5.0
66.15338921546936,1.2325114667204713,-0.0008565815580746845,0.0,-0.0,RED,0.0,0.0,5.0
66.1536500453949,1.2325114667204713,-0.0008565815580746845,0.0,-0.0,RED,0.0,0.0,5.0
66.15521216392517,1.2325114667204713,-0.0008565815580746845,0.0,-0.0,RED,0.0,0.0,5.0
66.15551018714905,1.2325114667204713,-0.0008565815580746845,0.0,-0.0,RED,0.0,0.0,5.0
66.15577840805054,1.2325114667204713,-0.0008565815580746845,0.0,-0.0,RED,0.0,0.0,5.0
66.17248439788818,1.2325114667204713,-0.0008565815580746845,0.0,-0.0,RED,0.0,0.0,5.0
66.17352175712585,1.2325114667204713,-0.0008565815580746845,0.0,-0.0,RED,0.0,0.0,5.0
66.31403851509094,1.2325114667204713,-0.0008565815580746845,0.0,-0.0,RED,0.0,0.0,5.0
66.33825755119324,1.2325114667204713,-0.0008565815580746845,0.0,-0.0,RED,0.0,0.0,5.0
66.34157347679138,1.2325114667204713,-0.0008565815580746845,0.0,-0.0,RED,0.0,0.0,5.0
66.35772228240967,1.2325114667204713,-0.0008565815580746845,0.0,-0.0,RED,0.0,0.0,5.0
66.35876774787903,1.2325114667204713,-0.0008565815580746845,0.0,-0.0,RED,0.0,0.0,5.0
66.36015629768372,1.2325114667204713,-0.0008565815580746845,0.0,-0.0,RED,0.0,0.0,5.0
66.36173701286316,1.2325114667204713,-0.0008565815580746845,0.0,-0.0,RED,0.0,0.0,5.0
66.36277508735657,1.2325114667204713,-0.0008565815580746845,0.0,-0.0,RED,0.0,0.0,5.0
66.36374831199646,1.2325114667204713,-0.0008565815580746845,0.0,-0.0,RED,0.0,0.0,5.0
66.36469316482544,1.2325114667204713,-0.0008565815580746845,0.0,-0.0,RED,0.0,0.0,5.0
66.38706922531128,1.2325114667204713,-0.0008565815580746845,0.0,-0.0,RED,0.0,0.0,5.0
66.38809394836426,1.2325114667204713,-0.0008565815580746845,0.0,-0.0,RED,0.0,0.0,5.0
66.43980526924133,1.2325114667204713,-0.0008565815580746845,0.0,-0.0,RED,0.0,0.0,5.0
66.45143222808838,1.2325114667204713,-0.0008565815580746845,0.0,-0.0,RED,0.0,0.0,5.0
66.45505857467651,1.2325114667204713,-0.0008565815580746845,0.0,-0.0,RED,0.0,0.0,5.0
66.53824853897095,1.2325114667204713,-0.0008565815580746845,0.0,-0.0,RED,0.0,0.0,5.0
66.53922939300537,1.2325114667204713,-0.0008565815580746845,0.0,-0.0,RED,0.0,0.0,5.0
66.55287075042725,1.2325114667204713,-0.0008565815580746845,0.0,-0.0,RED,0.0,0.0,5.0
66.57807183265686,1.2325114667204713,-0.0008565815580746845,0.0,-0.0,RED,0.0,0.0,5.0
66.57953095436096,1.2325114667204713,-0.0008565815580746845,0.0,-0.0,RED,0.0,0.0,5.0
66.58063435554504,1.2325114667204713,-0.0008565815580746845,0.0,-0.0,RED,0.0,0.0,5.0
66.58157849311829,1.2325114667204713,-0.0008565815580746845,0.0,-0.0,RED,0.0,0.0,5.0
66.58244943618774,1.2325114667204713,-0.0008565815580746845,0.0,-0.0,RED,0.0,0.0,5.0
66.59986639022827,1.2325114667204713,-0.0008565815580746845,0.0,-0.0,RED,0.0,0.0,5.0
66.60319972038269,1.2325114667204713,-0.0008565815580746845,0.0,-0.0,RED,0.0,0.0,5.0
66.69460964202881,1.2325114667204713,-0.0008565815580746845,0.0,-0.0,RED,0.0,0.0,5.0
66.70172142982483,1.2325114667204713,-0.0008565815580746845,0.0,-0.0,RED,0.0,0.0,5.0
66.72243928909302,1.2325114667204713,-0.0008565815580746845,0.0,-0.0,RED,0.0,0.0,5.0
66.74531626701355,1.2325114667204713,-0.0008565815580746845,0.0,-0.0,RED,0.0,0.0,5.0
66.74646830558777,1.2325114667204713,-0.0008565815580746845,0.0,-0.0,RED,0.0,0.0,5.0
66.74754977226257,1.2325114667204713,-0.0008565815580746845,0.0,-0.0,RED,0.0,0.0,5.0
66.74845719337463,1.2325114667204713,-0.0008565815580746845,0.0,-0.0,RED,0.0,0.0,5.0
66.74936532974243,1.2325114667204713,-0.0008565815580746845,0.0,-0.0,RED,0.0,0.0,5.0
66.75249218940735,1.2325114667204713,-0.0008565815580746845,0.0,-0.0,RED,0.0,0.0,5.0
66.7675609588623,1.2325114667204713,-0.0008565815580746845,0.0,-0.0,RED,0.0,0.0,5.0
66.76865744590759,1.2325114667204713,-0.0008565815580746845,0.0,-0.0,RED,0.0,0.0,5.0
66.76954293251038,1.2325114667204713,-0.0008565815580746845,0.0,-0.0,RED,0.0,0.0,5.0
66.77038836479187,1.2325114667204713,-0.0008565815580746845,0.0,-0.0,RED,0.0,0.0,5.0
66.79352521896362,1.2325114667204713,-0.0008565815580746845,0.0,-0.0,RED,0.0,0.0,5.0
66.84324383735657,1.2325114667204713,-0.0008565815580746845,0.0,-0.0,RED,0.0,0.0,5.0
66.84543514251709,1.2325114667204713,-0.0008565815580746845,0.0,-0.0,RED,0.0,0.0,5.0
66.86083102226257,1.2325114667204713,-0.0008565815580746845,0.0,-0.0,RED,0.0,0.0,5.0
66.86370062828064,1.2325114667204713,-0.0008565815580746845,0.0,-0.0,RED,0.0,0.0,5.0
66.91633653640747,1.2325114667204713,-0.0008565815580746845,0.0,-0.0,RED,0.0,0.0,5.0
66.94166660308838,1.2325114667204713,-0.0008565815580746845,0.0,-0.0,RED,0.0,0.0,5.0
66.94272303581238,1.2325114667204713,-0.0008565815580746845,0.0,-0.0,RED,0.0,0.0,5.0
66.94549989700317,1.2325114667204713,-0.0008565815580746845,0.0,-0.0,RED,0.0,0.0,5.0
66.94678592681885,1.2325114667204713,-0.0008565815580746845,0.0,-0.0,RED,0.0,0.0,5.0
66.9477310180664,1.2325114667204713,-0.0008565815580746845,0.0,-0.0,RED,0.0,0.0,5.0
66.96033263206482,1.2325114667204713,-0.0008565815580746845,0.0,-0.0,RED,0.0,0.0,5.0
66.96228909492493,1.2325114667204713,-0.0008565815580746845,0.0,-0.0,RED,0.0,0.0,5.0
66.96335744857788,1.2325114667204713,-0.0008565815580746845,0.0,-0.0,RED,0.0,0.0,5.0
66.96429562568665,1.2325114667204713,-0.0008565815580746845,0.0,-0.0,RED,0.0,0.0,5.0
66.97899651527405,1.2325114667204713,-0.0008565815580746845,0.0,-0.0,RED,0.0,0.0,5.0
66.99762558937073,1.2325114667204713,-0.0008565815580746845,0.0,-0.0,RED,0.0,0.0,5.0
67.13179588317871,1.2325114667204713,-0.0008565815580746845,0.0,-0.0,RED,0.0,0.0,5.0
67.15267610549927,1.2325114667204713,-0.0008565815580746845,0.0,-0.0,RED,0.0,0.0,5.0
67.17011284828186,1.2325114667204713,-0.0008565815580746845,0.0,-0.0,RED,0.0,0.0,5.0
67.17691349983215,1.2325114667204713,-0.0008565815580746845,0.0,-0.0,RED,0.0,0.0,5.0
67.1872832775116,1.2325114667204713,-0.0008565815580746845,0.0,-0.0,RED,0.0,0.0,5.0
67.18853616714478,1.2325114667204713,-0.0008565815580746845,0.0,-0.0,RED,0.0,0.0,5.0
67.18958854675293,1.2325114667204713,-0.0008565815580746845,0.0,-0.0,RED,0.0,0.0,5.0
67.1906270980835,1.2325114667204713,-0.0008565815580746845,0.0,-0.0,RED,0.0,0.0,5.0
67.1915225982666,1.2325114667204713,-0.0008565815580746845,0.0,-0.0,RED,0.0,0.0,5.0
67.19241261482239,1.2325114667204713,-0.0008565815580746845,0.0,-0.0,RED,0.0,0.0,5.0
67.19333338737488,1.2325114667204713,-0.0008565815580746845,0.0,-0.0,RED,0.0,0.0,5.0
67.21370577812195,1.2325114667204713,-0.0008565815580746845,0.0,-0.0,RED,0.0,0.0,5.0
67.21515655517578,1.2325114667204713,-0.0008565815580746845,0.0,-0.0,RED,0.0,0.0,5.0
67.25716185569763,1.2325114667204713,-0.0008565815580746845,0.0,-0.0,RED,0.0,0.0,5.0
67.25821256637573,1.2325114667204713,-0.0008565815580746845,0.0,-0.0,RED,0.0,0.0,5.0
67.27645373344421,1.2325114667204713,-0.0008565815580746845,0.0,-0.0,RED,0.0,0.0,5.0
67.29416370391846,1.2325114667204713,-0.0008565815580746845,0.0,-0.0,RED,0.0,0.0,5.0
67.29515600204468,1.2325114667204713,-0.0008565815580746845,0.0,-0.0,RED,0.0,0.0,5.0
67.3165225982666,1.2325114667204713,-0.0008565815580746845,0.0,-0.0,RED,0.0,0.0,5.0
67.32018327713013,1.2325114667204713,-0.0008565815580746845,0.0,-0.0,RED,0.0,0.0,5.0
67.32139253616333,1.2325114667204713,-0.0008565815580746845,0.0,-0.0,RED,0.0,0.0,5.0
67.34067893028259,1.2325114667204713,-0.0008565815580746845,0.0,-0.0,RED,0.0,0.0,5.0
67.35758900642395,1.2325114667204713,-0.0008565815580746845,0.0,-0.0,RED,0.0,0.0,5.0
67.35880947113037,1.2325114667204713,-0.0008565815580746845,0.0,-0.0,RED,0.0,0.0,5.0
67.37678241729736,1.2325114667204713,-0.0008565815580746845,0.0,-0.0,RED,0.0,0.0,5.0
67.39767217636108,1.2325114667204713,-0.0008565815580746845,0.0,-0.0,RED,0.0,0.0,5.0
67.4187843799591,1.2325114667204713,-0.0008565815580746845,0.0,-0.0,RED,0.0,0.0,5.0
67.41993522644043,1.2325114667204713,-0.0008565815580746845,0.0,-0.0,RED,0.0,0.0,5.0
67.42079758644104,1.2325114667204713,-0.0008565815580746845,0.0,-0.0,RED,0.0,0.0,5.0
67.43993425369263,1.2325114667204713,-0.0008565815580746845,0.0,-0.0,RED,0.0,0.0,5.0
67.45687985420227,1.2325114667204713,-0.0008565815580746845,0.0,-0.0,RED,0.0,0.0,5.0
67.45808720588684,1.2325114667204713,-0.0008565815580746845,0.0,-0.0,RED,0.0,0.0,5.0
67.47929859161377,1.2325114667204713,-0.0008565815580746845,0.0,-0.0,RED,0.0,0.0,5.0
67.51810574531555,1.2325114667204713,-0.0008565815580746845,0.0,-0.0,RED,0.0,0.0,5.0
67.53526401519775,1.2325114667204713,-0.0008565815580746845,0.0,-0.0,RED,0.0,0.0,5.0
67.54396176338196,1.2325114667204713,-0.0008565815580746845,0.0,-0.0,RED,0.0,0.0,5.0
67.5576434135437,1.2325114667204713,-0.0008565815580746845,0.0,-0.0,RED,0.0,0.0,5.0
67.57935929298401,1.2325114667204713,-0.0008565815580746845,0.0,-0.0,RED,0.0,0.0,5.0
67.58045530319214,1.2325114667204713,-0.0008565815580746845,0.0,-0.0,RED,0.0,0.0,5.0
67.60589170455933,1.2325114667204713,-0.0008565815580746845,0.0,-0.0,RED,0.0,0.0,5.0
67.61174368858337,1.2325114667204713,-0.0008565815580746845,0.0,-0.0,RED,0.0,0.0,5.0
67.62997627258301,1.2325114667204713,-0.0008565815580746845,0.0,-0.0,RED,0.0,0.0,5.0
67.63101100921631,1.2325114667204713,-0.0008565815580746845,0.0,-0.0,RED,0.0,0.0,5.0
67.63537979125977,1.2325114667204713,-0.0008565815580746845,0.0,-0.0,RED,0.0,0.0,5.0
67.67655420303345,1.2325114667204713,-0.0008565815580746845,0.0,-0.0,RED,0.0,0.0,5.0
67.68024587631226,1.2325114667204713,-0.0008565815580746845,0.0,-0.0,RED,0.0,0.0,5.0
67.69936227798462,1.2325114667204713,-0.0008565815580746845,0.0,-0.0,RED,0.0,0.0,5.0
67.70043158531189,1.2325114667204713,-0.0008565815580746845,0.0,-0.0,RED,0.0,0.0,5.0
67.71880960464478,1.2325114667204713,-0.0008565815580746845,0.0,-0.0,RED,0.0,0.0,5.0
67.72009706497192,1.2325114667204713,-0.0008565815580746845,0.0,-0.0,RED,0.0,0.0,5.0
67.73865699768066,1.2325114667204713,-0.0008565815580746845,0.0,-0.0,RED,0.0,0.0,5.0
67.76557993888855,1.2325114667204713,-0.0008565815580746845,0.0,-0.0,RED,0.0,0.0,5.0
67.78095197677612,1.2325114667204713,-0.0008565815580746845,0.0,-0.0,RED,0.0,0.0,5.0
67.78203749656677,1.2325114667204713,-0.0008565815580746845,0.0,-0.0,RED,0.0,0.0,5.0
67.80172896385193,1.2325114667204713,-0.0008565815580746845,0.0,-0.0,RED,0.0,0.0,5.0
67.80273509025574,1.2325114667204713,-0.0008565815580746845,0.0,-0.0,RED,0.0,0.0,5.0
67.82115745544434,1.2325114667204713,-0.0008565815580746845,0.0,-0.0,RED,0.0,0.0,5.0
67.82239437103271,1.2325114667204713,-0.0008565815580746845,0.0,-0.0,RED,0.0,0.0,5.0
67.8404004573822,1.2325114667204713,-0.0008565815580746845,0.0,-0.0,RED,0.0,0.0,5.0
67.85857629776001,1.2325114667204713,-0.0008565815580746845,0.0,-0.0,RED,0.0,0.0,5.0
67.85978984832764,1.2325114667204713,-0.0008565815580746845,0.0,-0.0,RED,0.0,0.0,5.0
67.87941431999207,1.2325114667204713,-0.0008565815580746845,0.0,-0.0,RED,0.0,0.0,5.0
67.8945198059082,1.2325114667204713,-0.0008565815580746845,0.0,-0.0,RED,0.0,0.0,5.0
67.9189760684967,1.2325114667204713,-0.0008565815580746845,0.0,-0.0,RED,0.0,0.0,5.0
67.92011594772339,1.2325114667204713,-0.0008565815580746845,0.0,-0.0,RED,0.0,0.0,5.0
67.93911075592041,1.2325114667204713,-0.0008565815580746845,0.0,-0.0,RED,0.0,0.0,5.0
67.94296550750732,1.2325114667204713,-0.0008565815580746845,0.0,-0.0,RED,0.0,0.0,5.0
67.96162581443787,1.2325114667204713,-0.0008565815580746845,0.0,-0.0,RED,0.0,0.0,5.0
67.96291828155518,1.2325114667204713,-0.0008565815580746845,0.0,-0.0,RED,0.0,0.0,5.0
67.98089838027954,1.2325114667204713,-0.0008565815580746845,0.0,-0.0,RED,0.0,0.0,5.0
67.99639177322388,1.2325114667204713,-0.0008565815580746845,0.0,-0.0,RED,0.0,0.0,5.0
68.03162288665771,1.2325114667204713,-0.0008565815580746845,0.0,-0.0,RED,0.0,0.0,5.0
68.0519597530365,1.2325114667204713,-0.0008565815580746845,0.0,-0.0,RED,0.0,0.0,5.0
68.05304598808289,1.2325114667204713,-0.0008565815580746845,0.0,-0.0,RED,0.0,0.0,5.0
68.06310534477234,1.2325114667204713,-0.0008565815580746845,0.0,-0.0,RED,0.0,0.0,5.0
68.08131051063538,1.2325114667204713,-0.0008565815580746845,0.0,-0.0,RED,0.0,0.0,5.0
68.08238101005554,1.2325114667204713,-0.0008565815580746845,0.0,-0.0,RED,0.0,0.0,5.0
68.08332777023315,1.2325114667204713,-0.0008565815580746845,0.0,-0.0,RED,0.0,0.0,5.0
68.10082793235779,1.2325114667204713,-0.0008565815580746845,0.0,-0.0,RED,0.0,0.0,5.0
68.12420058250427,1.2325114667204713,-0.0008565815580746845,0.0,-0.0,RED,0.0,0.0,5.0
68.12814807891846,1.2325114667204713,-0.0008565815580746845,0.0,-0.0,RED,0.0,0.0,5.0
68.14870738983154,1.2325114667204713,-0.0008565815580746845,0.0,-0.0,RED,0.0,0.0,5.0
68.16354489326477,1.2325114667204713,-0.0008565815580746845,0.0,-0.0,RED,0.0,0.0,5.0
68.16452431678772,1.2325114667204713,-0.0008565815580746845,0.0,-0.0,RED,0.0,0.0,5.0
68.18472027778625,1.2325114667204713,-0.0008565815580746845,0.0,-0.0,RED,0.0,0.0,5.0
68.20748257637024,1.2325114667204713,-0.0008565815580746845,0.0,-0.0,RED,0.0,0.0,5.0
68.20848298072815,1.2325114667204713,-0.0008565815580746845,0.0,-0.0,RED,0.0,0.0,5.0
68.24663352966309,1.2325114667204713,-0.0008565815580746845,0.0,-0.0,RED,0.0,0.0,5.0
68.2685272693634,1.2325114667204713,-0.0008565815580746845,0.0,-0.0,RED,0.0,0.0,5.0
68.30695080757141,1.2325114667204713,-0.0008565815580746845,0.0,-0.0,RED,0.0,0.0,5.0
68.31050539016724,1.2325114667204713,-0.0008565815580746845,0.0,-0.0,RED,0.0,0.0,5.0
68.34824085235596,1.2325114667204713,-0.0008565815580746845,0.0,-0.0,RED,0.0,0.0,5.0
68.37066984176636,1.2325114667204713,-0.0008565815580746845,0.0,-0.0,RED,0.0,0.0,5.0
68.37178134918213,1.2325114667204713,-0.0008565815580746845,0.0,-0.0,RED,0.0,0.0,5.0
68.425950050354,1.2325114667204713,-0.0008565815580746845,0.0,-0.0,RED,0.0,0.0,5.0
68.42727470397949,1.2325114667204713,-0.0008565815580746845,0.0,-0.0,RED,0.0,0.0,5.0
68.44891810417175,1.2325114667204713,-0.0008565815580746845,0.0,-0.0,RED,0.0,0.0,5.0
68.45002365112305,1.2325114667204713,-0.0008565815580746845,0.0,-0.0,RED,0.0,0.0,5.0
68.45260000228882,1.2325114667204713,-0.0008565815580746845,0.0,-0.0,RED,0.0,0.0,5.0
68.47951602935791,1.2325114667204713,-0.0008565815580746845,0.0,-0.0,RED,0.0,0.0,5.0
68.48071217536926,1.2325114667204713,-0.0008565815580746845,0.0,-0.0,RED,0.0,0.0,5.0
68.49457049369812,1.2325114667204713,-0.0008565815580746845,0.0,-0.0,RED,0.0,0.0,5.0
68.49566769599915,1.2325114667204713,-0.0008565815580746845,0.0,-0.0,RED,0.0,0.0,5.0
68.50981330871582,1.2325114667204713,-0.0008565815580746845,0.0,-0.0,RED,0.0,0.0,5.0
68.51324582099915,1.2325114667204713,-0.0008565815580746845,0.0,-0.0,RED,0.0,0.0,5.0
68.51486873626709,1.2325114667204713,-0.0008565815580746845,0.0,-0.0,RED,0.0,0.0,5.0
68.5341727733612,1.2325114667204713,-0.0008565815580746845,0.0,-0.0,RED,0.0,0.0,5.0
68.55490303039551,1.2325114667204713,-0.0008565815580746845,0.0,-0.0,RED,0.0,0.0,5.0
68.56944394111633,1.2325114667204713,-0.0008565815580746845,0.0,-0.0,RED,0.0,0.0,5.0
68.5705029964447,1.2325114667204713,-0.0008565815580746845,0.0,-0.0,RED,0.0,0.0,5.0
68.59050679206848,1.2325114667204713,-0.0008565815580746845,0.0,-0.0,RED,0.0,0.0,5.0
68.6090099811554,1.2325114667204713,-0.0008565815580746845,0.0,-0.0,RED,0.0,0.0,5.0
68.61034727096558,1.2325114667204713,-0.0008565815580746845,0.0,-0.0,RED,0.0,0.0,5.0
68.66419816017151,1.2325114667204713,-0.0008565815580746845,0.0,-0.0,RED,0.0,0.0,5.0
68.68278050422668,1.2325114667204713,-0.0008565815580746845,0.0,-0.0,RED,0.0,0.0,5.0
68.70644783973694,1.2325114667204713,-0.0008565815580746845,0.0,-0.0,RED,0.0,0.0,5.0
68.72167086601257,1.2325114667204713,-0.0008565815580746845,0.0,-0.0,RED,0.0,0.0,5.0
68.72990298271179,1.2325114667204713,-0.0008565815580746845,0.0,-0.0,RED,0.0,0.0,5.0
68.74864363670349,1.2325114667204713,-0.0008565815580746845,0.0,-0.0,RED,0.0,0.0,5.0
68.74961233139038,1.2325114667204713,-0.0008565815580746845,0.0,-0.0,RED,0.0,0.0,5.0
68.77532839775085,1.2325114667204713,-0.0008565815580746845,0.0,-0.0,RED,0.0,0.0,5.0
68.8142659664154,1.2325114667204713,-0.0008565815580746845,0.0,-0.0,RED,0.0,0.0,5.0
68.81531381607056,1.2325114667204713,-0.0008565815580746845,0.0,-0.0,RED,0.0,0.0,5.0
68.83553862571716,1.2325114667204713,-0.0008565815580746845,0.0,-0.0,RED,0.0,0.0,5.0
68.83650207519531,1.2325114667204713,-0.0008565815580746845,0.0,-0.0,RED,0.0,0.0,5.0
68.8618381023407,1.2325114667204713,-0.0008565815580746845,0.0,-0.0,RED,0.0,0.0,5.0
68.86294388771057,1.2325114667204713,-0.0008565815580746845,0.0,-0.0,RED,0.0,0.0,5.0
68.91356539726257,1.2325114667204713,-0.0008565815580746845,0.0,-0.0,RED,0.0,0.0,5.0
68.91462659835815,1.2325114667204713,-0.0008565815580746845,0.0,-0.0,RED,0.0,0.0,5.0
68.93185043334961,1.2325114667204713,-0.0008565815580746845,0.0,-0.0,RED,0.0,0.0,5.0
68.93276953697205,1.2325114667204713,-0.0008565815580746845,0.0,-0.0,RED,0.0,0.0,5.0
68.93361830711365,1.2325114667204713,-0.0008565815580746845,0.0,-0.0,RED,0.0,0.0,5.0
68.9559805393219,1.2325114667204713,-0.0008565815580746845,0.0,-0.0,RED,0.0,0.0,5.0
68.97222113609314,1.2325114667204713,-0.0008565815580746845,0.0,-0.0,RED,0.0,0.0,5.0
68.97327733039856,1.2325114667204713,-0.0008565815580746845,0.0,-0.0,RED,0.0,0.0,5.0
68.98227000236511,1.2325114667204713,-0.0008565815580746845,0.0,-0.0,RED,0.0,0.0,5.0
68.98336362838745,1.2325114667204713,-0.0008565815580746845,0.0,-0.0,RED,0.0,0.0,5.0
69.00226378440857,1.2325114667204713,-0.0008565815580746845,0.0,-0.0,RED,0.0,0.0,5.0
69.00666928291321,1.2325114667204713,-0.0008565815580746845,0.0,-0.0,RED,0.0,0.0,5.0
69.0469741821289,1.2325114667204713,-0.0008565815580746845,0.0,-0.0,RED,0.0,0.0,5.0
69.07427787780762,1.2325114667204713,-0.0008565815580746845,0.0,-0.0,RED,0.0,0.0,5.0
69.07524299621582,1.2325114667204713,-0.0008565815580746845,0.0,-0.0,RED,0.0,0.0,5.0
69.10011696815491,1.2325114667204713,-0.0008565815580746845,0.0,-0.0,RED,0.0,0.0,5.0
69.1012134552002,1.2325114667204713,-0.0008565815580746845,0.0,-0.0,RED,0.0,0.0,5.0
69.12333965301514,1.2325114667204713,-0.0008565815580746845,0.0,-0.0,RED,0.0,0.0,5.0
69.15793561935425,1.2325114667204713,-0.0008565815580746845,0.0,-0.0,RED,0.0,0.0,5.0
69.15902209281921,1.2325114667204713,-0.0008565815580746845,0.0,-0.0,RED,0.0,0.0,5.0
69.1750180721283,1.2325114667204713,-0.0008565815580746845,0.0,-0.0,RED,0.0,0.0,5.0
69.17590689659119,1.2325114667204713,-0.0008565815580746845,0.0,-0.0,RED,0.0,0.0,5.0
69.20076584815979,1.2325114667204713,-0.0008565815580746845,0.0,-0.0,RED,0.0,0.0,5.0
69.2018051147461,1.2325114667204713,-0.0008565815580746845,0.0,-0.0,RED,0.0,0.0,5.0
69.22437191009521,1.2325114667204713,-0.0008565815580746845,0.0,-0.0,RED,0.0,0.0,5.0
69.23949217796326,1.2325114667204713,-0.0008565815580746845,0.0,-0.0,RED,0.0,0.0,5.0
69.24443888664246,1.2325114667204713,-0.0008565815580746845,0.0,-0.0,RED,0.0,0.0,5.0
69.25636124610901,1.2325114667204713,-0.0008565815580746845,0.0,-0.0,RED,0.0,0.0,5.0
69.26656651496887,1.2325114667204713,-0.0008565815580746845,0.0,-0.0,RED,0.0,0.0,5.0
69.28230094909668,1.2325114667204713,-0.0008565815580746845,0.0,-0.0,RED,0.0,0.0,5.0
69.28625965118408,1.2325114667204713,-0.0008565815580746845,0.0,-0.0,RED,0.0,0.0,5.0
69.3166389465332,1.2325114667204713,-0.0008565815580746845,0.0,-0.0,RED,0.0,0.0,5.0
69.32437682151794,1.2325114667204713,-0.0008565815580746845,0.0,-0.0,RED,0.0,0.0,5.0
69.34598445892334,1.2325114667204713,-0.0008565815580746845,0.0,-0.0,RED,0.0,0.0,5.0
69.34706163406372,1.2325114667204713,-0.0008565815580746845,0.0,-0.0,RED,0.0,0.0,5.0
69.36472678184509,1.2325114667204713,-0.0008565815580746845,0.0,-0.0,RED,0.0,0.0,5.0
69.37627100944519,1.2325114667204713,-0.0008565815580746845,0.0,-0.0,RED,0.0,0.0,5.0
69.39767074584961,1.2325114667204713,-0.0008565815580746845,0.0,-0.0,RED,0.0,0.0,5.0
69.40551996231079,1.2325114667204713,-0.0008565815580746845,0.0,-0.0,RED,0.0,0.0,5.0
69.42838096618652,1.2325114667204713,-0.0008565815580746845,0.0,-0.0,RED,0.0,0.0,5.0
69.43019270896912,1.2325114667204713,-0.0008565815580746845,0.0,-0.0,RED,0.0,0.0,5.0
69.43144965171814,1.2325114667204713,-0.0008565815580746845,0.0,-0.0,RED,0.0,0.0,5.0
69.44659447669983,1.2325114667204713,-0.0008565815580746845,0.0,-0.0,RED,0.0,0.0,5.0
69.44768404960632,1.2325114667204713,-0.0008565815580746845,0.0,-0.0,RED,0.0,0.0,5.0
69.46916198730469,1.2325114667204713,-0.0008565815580746845,0.0,-0.0,RED,0.0,0.0,5.0
69.49530076980591,1.2325114667204713,-0.0008565815580746845,0.0,-0.0,RED,0.0,0.0,5.0
69.50743579864502,1.2325114667204713,-0.0008565815580746845,0.0,-0.0,RED,0.0,0.0,5.0
69.5129668712616,1.2325114667204713,-0.0008565815580746845,0.0,-0.0,RED,0.0,0.0,5.0
69.54016065597534,1.2325114667204713,-0.0008565815580746845,0.0,-0.0,RED,0.0,0.0,5.0
69.55848908424377,1.2325114667204713,-0.0008565815580746845,0.0,-0.0,RED,0.0,0.0,5.0
69.57700276374817,1.2325114667204713,-0.0008565815580746845,0.0,-0.0,RED,0.0,0.0,5.0
69.59412860870361,1.2325114667204713,-0.0008565815580746845,0.0,-0.0,RED,0.0,0.0,5.0
69.60433983802795,1.2325114667204713,-0.0008565815580746845,0.0,-0.0,RED,0.0,0.0,5.0
69.62373089790344,1.2325114667204713,-0.0008565815580746845,0.0,-0.0,RED,0.0,0.0,5.0
69.64228558540344,1.2325114667204713,-0.0008565815580746845,0.0,-0.0,RED,0.0,0.0,5.0
69.6434919834137,1.2325114667204713,-0.0008565815580746845,0.0,-0.0,RED,0.0,0.0,5.0
69.66365480422974,1.2325114667204713,-0.0008565815580746845,0.0,-0.0,RED,0.0,0.0,5.0
69.68762373924255,1.2325114667204713,-0.0008565815580746845,0.0,-0.0,RED,0.0,0.0,5.0
69.71008133888245,1.2325114667204713,-0.0008565815580746845,0.0,-0.0,RED,0.0,0.0,5.0
69.71128249168396,1.2325114667204713,-0.0008565815580746845,0.0,-0.0,RED,0.0,0.0,5.0
69.71222448348999,1.2325114667204713,-0.0008565815580746845,0.0,-0.0,RED,0.0,0.0,5.0
69.73080229759216,1.2325114667204713,-0.0008565815580746845,0.0,-0.0,RED,0.0,0.0,5.0
69.75647568702698,1.2325114667204713,-0.0008565815580746845,0.0,-0.0,RED,0.0,0.0,5.0
69.76672029495239,1.2325114667204713,-0.0008565815580746845,0.0,-0.0,RED,0.0,0.0,5.0
69.78267431259155,1.2325114667204713,-0.0008565815580746845,0.0,-0.0,RED,0.0,0.0,5.0
69.79858088493347,1.2325114667204713,-0.0008565815580746845,0.0,-0.0,RED,0.0,0.0,5.0
69.79965424537659,1.2325114667204713,-0.0008565815580746845,0.0,-0.0,RED,0.0,0.0,5.0
69.82122349739075,1.2325114667204713,-0.0008565815580746845,0.0,-0.0,RED,0.0,0.0,5.0
69.82245540618896,1.2325114667204713,-0.0008565815580746845,0.0,-0.0,RED,0.0,0.0,5.0
69.83702373504639,1.2325114667204713,-0.0008565815580746845,0.0,-0.0,RED,0.0,0.0,5.0
69.85915446281433,1.2325114667204713,-0.0008565815580746845,0.0,-0.0,RED,0.0,0.0,5.0
69.86454224586487,1.2325114667204713,-0.0008565815580746845,0.0,-0.0,RED,0.0,0.0,5.0
69.87977981567383,1.2325114667204713,-0.0008565815580746845,0.0,-0.0,RED,0.0,0.0,5.0
69.88083910942078,1.2325114667204713,-0.0008565815580746845,0.0,-0.0,RED,0.0,0.0,5.0
69.90180706977844,1.2325114667204713,-0.0008565815580746845,0.0,-0.0,RED,0.0,0.0,5.0
69.9030282497406,1.2325114667204713,-0.0008565815580746845,0.0,-0.0,RED,0.0,0.0,5.0
69.92641019821167,1.2325114667204713,-0.0008565815580746845,0.0,-0.0,RED,0.0,0.0,5.0
69.94920063018799,1.2325114667204713,-0.0008565815580746845,0.0,-0.0,RED,0.0,0.0,5.0
69.97165036201477,1.2325114667204713,-0.0008565815580746845,0.0,-0.0,RED,0.0,0.0,5.0
69.97274327278137,1.2325114667204713,-0.0008565815580746845,0.0,-0.0,RED,0.0,0.0,5.0
69.9866931438446,1.2325114667204713,-0.0008565815580746845,0.0,-0.0,RED,0.0,0.0,5.0
70.0088562965393,1.2325114667204713,-0.0008565815580746845,0.0,-0.0,RED,0.0,0.0,5.0
70.04233908653259,1.2325114667204713,-0.0008565815580746845,0.0,-0.0,RED,0.0,0.0,5.0
70.04587268829346,1.2325114667204713,-0.0008565815580746845,0.0,-0.0,RED,0.0,0.0,5.0
70.07053709030151,1.2325114667204713,-0.0008565815580746845,0.0,-0.0,RED,0.0,0.0,5.0
70.07174181938171,1.2325114667204713,-0.0008565815580746845,0.0,-0.0,RED,0.0,0.0,5.0
70.09149956703186,1.2325114667204713,-0.0008565815580746845,0.0,-0.0,RED,0.0,0.0,5.0
70.0925555229187,1.2325114667204713,-0.0008565815580746845,0.0,-0.0,RED,0.0,0.0,5.0
70.11717510223389,1.2325114667204713,-0.0008565815580746845,0.0,-0.0,RED,0.0,0.0,5.0
70.11836886405945,1.2325114667204713,-0.0008565815580746845,0.0,-0.0,RED,0.0,0.0,5.0
70.1346025466919,1.2325114667204713,-0.0008565815580746845,0.0,-0.0,RED,0.0,0.0,5.0
70.17360210418701,1.2325114667204713,-0.0008565815580746845,0.0,-0.0,RED,0.0,0.0,5.0
70.17496585845947,1.2325114667204713,-0.0008565815580746845,0.0,-0.0,RED,0.0,0.0,5.0
70.19564771652222,1.2325114667204713,-0.0008565815580746845,0.0,-0.0,RED,0.0,0.0,5.0
70.19673132896423,1.2325114667204713,-0.0008565815580746845,0.0,-0.0,RED,0.0,0.0,5.0
70.22765779495239,1.2325114667204713,-0.0008565815580746845,0.0,-0.0,RED,0.0,0.0,5.0
70.22932934761047,1.2325114667204713,-0.0008565815580746845,0.0,-0.0,RED,0.0,0.0,5.0
70.25643682479858,1.2325114667204713,-0.0008565815580746845,0.0,-0.0,RED,0.0,0.0,5.0
70.25749325752258,1.2325114667204713,-0.0008565815580746845,0.0,-0.0,RED,0.0,0.0,5.0
70.27888035774231,1.2325114667204713,-0.0008565815580746845,0.0,-0.0,RED,0.0,0.0,5.0
70.28597211837769,1.2325114667204713,-0.0008565815580746845,0.0,-0.0,RED,0.0,0.0,5.0
70.28721332550049,1.2325114667204713,-0.0008565815580746845,0.0,-0.0,RED,0.0,0.0,5.0
70.3284068107605,1.2325114667204713,-0.0008565815580746845,0.0,-0.0,RED,0.0,0.0,5.0
70.35409188270569,1.2325114667204713,-0.0008565815580746845,0.0,-0.0,RED,0.0,0.0,5.0
70.35520052909851,1.2325114667204713,-0.0008565815580746845,0.0,-0.0,RED,0.0,0.0,5.0
70.36178684234619,1.2325114667204713,-0.0008565815580746845,0.0,-0.0,RED,0.0,0.0,5.0
70.38169813156128,1.2325114667204713,-0.0008565815580746845,0.0,-0.0,RED,0.0,0.0,5.0
70.38522815704346,1.2325114667204713,-0.0008565815580746845,0.0,-0.0,RED,0.0,0.0,5.0
70.4223997592926,1.2325114667204713,-0.0008565815580746845,0.0,-0.0,RED,0.0,0.0,5.0
70.44483923912048,1.2325114667204713,-0.0008565815580746845,0.0,-0.0,RED,0.0,0.0,5.0
70.46041584014893,1.2325114667204713,-0.0008565815580746845,0.0,-0.0,RED,0.0,0.0,5.0
70.46160078048706,1.2325114667204713,-0.0008565815580746845,0.0,-0.0,RED,0.0,0.0,5.0
70.47155380249023,1.2325114667204713,-0.0008565815580746845,0.0,-0.0,RED,0.0,0.0,5.0
70.49509692192078,1.2325114667204713,-0.0008565815580746845,0.0,-0.0,RED,0.0,0.0,5.0
70.51626586914062,1.2325114667204713,-0.0008565815580746845,0.0,-0.0,RED,0.0,0.0,5.0
70.51722931861877,1.2325114667204713,-0.0008565815580746845,0.0,-0.0,RED,0.0,0.0,5.0
70.53190898895264,1.2325114667204713,-0.0008565815580746845,0.0,-0.0,RED,0.0,0.0,5.0
70.55244183540344,1.2325114667204713,-0.0008565815580746845,0.0,-0.0,GREEN,0.0,0.0,5.0
70.55349636077881,1.2325114667204713,-0.0008565815580746845,0.0,-0.0,GREEN,0.0,0.0,5.0
70.56749653816223,1.2325114667204713,-0.0008565815580746845,0.24074091431678024,-0.013164528675273192,GREEN,0.0,0.0,5.0
70.5904438495636,1.2334582693252436,-0.0008473172110684729,0.24074091431678024,-0.013164528675273192,GREEN,0.0,0.0,5.0
70.61615180969238,1.23640070355929,-0.0008228236092479434,0.23988876970674547,-0.010290308753180103,GREEN,4.547508716583252,4.547095775604248,5.0
70.64286851882935,1.2398121993522924,-0.0007991342582492387,0.23988876970674547,-0.010290308753180103,GREEN,2.4535632133483887,3.154581069946289,5.0
70.64390277862549,1.2412277762121844,-0.0007893021533061438,0.23988876970674547,-0.010290308753180103,GREEN,2.1214020252227783,1.7668614387512207,5.0
70.65992760658264,1.2430412387828056,-0.0007801757289479596,0.23126395103595151,-0.0070050847100226665,GREEN,2.662511110305786,2.2826035022735596,5.0
70.66088652610779,1.2446874809266426,-0.0007694112534346771,0.23126395103595151,-0.0070050847100226665,GREEN,3.1491339206695557,3.1497063636779785,5.0
70.68570160865784,1.246283481146951,-0.000758977882219832,0.23126395103595151,-0.0070050847100226665,GREEN,3.1491339206695557,3.1497063636779785,5.0
70.68676710128784,1.2486672924784845,-0.000743398171112731,0.23126395103595151,-0.0070050847100226665,GREEN,3.502220392227173,3.501901865005493,5.0
70.70396089553833,1.251836914317086,-0.0007262343795093489,0.23126395103595151,-0.0070050847100226665,GREEN,4.919218063354492,4.216472625732422,5.0
70.70506882667542,1.2539572576414584,-0.0007091632598055165,0.23126395103595151,-0.0070050847100226665,GREEN,4.195413589477539,4.195032119750977,5.0
70.72521114349365,1.2564506763474008,-0.0006890858699264127,0.22143938792290546,-0.010339421328663244,GREEN,4.556202411651611,4.906232833862305,5.0
70.72617101669312,1.2600575036480093,-0.0006636399789034877,0.22143938792290546,-0.010339421328663244,GREEN,5.2447428703308105,4.894649028778076,5.0
70.7491946220398,1.2626507233478312,-0.0006418533492273339,0.22143938792290546,-0.010339421328663244,GREEN,4.907126426696777,5.257635116577148,5.0
70.7689368724823,1.266059475483141,-0.000616510740324634,0.21143938792290545,-0.009601559720786967,GREEN,5.244266510009766,5.593376636505127,5.0
70.76973128318787,1.270032363792185,-0.0005869673817123417,0.21143938792290545,-0.009601559720786967,GREEN,5.244266510009766,5.593376636505127,5.0
70.79688549041748,1.2726172463752952,-0.0005713221241933888,0.21143938792290545,-0.009601559720786967,GREEN,5.244266510009766,5.593376636505127,5.0
70.79799485206604,1.2747466460873043,-0.0005604830359468662,0.21143938792290545,-0.009601559720786967,GREEN,4.899097442626953,5.248556613922119,5.0
70.81248259544373,1.2768768772425179,-0.0005496419446614191,0.21143938792290545,-0.009601559720786967,GREEN,4.206491470336914,4.554129123687744,5.0
70.84923577308655,1.2863840991879711,-0.0004915804435961541,0.20143938792290544,-0.005249348301529582,GREEN,5.594392776489258,4.897316932678223,5.0
70.85697960853577,1.289766317722005,-0.0004704767053268245,0.20143938792290544,-0.005249348301529582,GREEN,3.8555991649627686,4.556202411651611,5.0
70.87931227684021,1.2926974014456256,-0.00045218300499310195,0.19143938792290544,-0.00800664588449544,GREEN,4.556617259979248,3.855248212814331,5.0
70.88028311729431,1.2944766810578698,-0.0004363767251804174,0.19143938792290544,-0.00800664588449544,GREEN,3.5389199256896973,3.5385947227478027,5.0
70.8967957496643,1.2963768223286551,-0.00041949508784064376,0.19143938792290544,-0.00800664588449544,GREEN,3.793842077255249,3.7934682369232178,5.0
70.90468859672546,1.298461191539982,-0.00040097458369788903,0.19143938792290544,-0.00800664588449544,GREEN,4.03880500793457,4.037040710449219,5.0
70.91783452033997,1.3014466898014665,-0.00037443246699185237,0.18143938792290543,-0.013801101379634445,GREEN,4.018017292022705,4.017254829406738,5.0
70.93673324584961,1.3032937967381142,-0.0003580053869837843,0.18143938792290543,-0.013801101379634445,GREEN,3.8563013076782227,3.5066864490509033,5.0
70.94439578056335,1.305899588440881,-0.000332359964340496,0.18143938792290543,-0.013801101379634445,GREEN,3.8563013076782227,3.5066864490509033,5.0
70.96344375610352,1.3088870696160975,-0.00031137503106369433,0.18143938792290543,-0.013801101379634445,GREEN,3.8457956314086914,4.195032119750977,5.0
70.9645447731018,1.3107424813456814,-0.0003009449411498355,0.17200186563700176,-0.007984224099328665,GREEN,3.5050902366638184,3.5047709941864014,5.0
70.99098896980286,1.3124961784324713,-0.0002910850321449483,0.17200186563700176,-0.007984224099328665,GREEN,3.8457956314086914,3.8454463481903076,5.0
70.99878549575806,1.314248821616417,-0.0002812295352109485,0.17200186563700176,-0.007984224099328665,GREEN,3.8457956314086914,3.8454463481903076,5.0
71.01772260665894,1.3158960717809902,-0.0002754473229735057,0.17200186563700176,-0.007984224099328665,GREEN,3.5118041038513184,3.160623788833618,5.0
71.01874947547913,1.3184326778646103,-0.00026920050084289226,0.17200186563700176,-0.007984224099328665,GREEN,3.496177911758423,3.496177911758423,5.0
71.02730369567871,1.321288662709591,-0.0002621671544161337,0.1656937208468909,-0.0019330285283484716,GREEN,3.5050902366638184,4.205725193023682,5.0
71.0402283668518,1.3237701807589934,-0.00026301785433182674,0.1656937208468909,-0.0019330285283484716,GREEN,3.5050902366638184,4.205725193023682,5.0
71.062495470047,1.325530018041427,-0.00026113419447016604,0.1570231596437634,0.0008510028651342459,GREEN,2.7977044582366943,3.1474173069000244,5.0
71.06346464157104,1.3270281181601344,-0.0002595293901331158,0.1570231596437634,0.0008510028651342459,GREEN,3.5050902366638184,3.855248212814331,5.0
71.07608079910278,1.3295903020764777,-0.0002592256712624125,0.1570231596437634,0.0008510028651342459,GREEN,3.5050902366638184,3.855248212814331,5.0
71.10988712310791,1.3312821371326966,-0.0002614894565678275,0.1570231596437634,0.0008510028651342459,GREEN,3.5015835762023926,3.5015835762023926,5.0
71.11107993125916,1.3333795124516348,-0.00026631316496058904,0.14995863033777343,0.005128816104034999,GREEN,3.1445610523223877,2.795165538787842,5.0
71.11201190948486,1.3348842098045623,-0.00026776683482020587,0.14995863033777343,0.005128816104034999,GREEN,2.8084185123443604,3.1591830253601074,5.0
71.13038611412048,1.337265281119031,-0.00027234381171695237,0.14995863033777343,0.005128816104034999,GREEN,2.8084185123443604,3.1591830253601074,5.0
71.15257859230042,1.3388452818697067,-0.0002753790972781546,0.14995863033777343,0.005128816104034999,GREEN,3.154581069946289,3.154294013977051,5.0
71.16323900222778,1.3411740931885694,-0.0002798510873346564,0.14995863033777343,0.005128816104034999,GREEN,3.146559953689575,3.1462743282318115,5.0
71.18795084953308,1.342772710475517,-0.00028291906724779324,0.14995863033777343,0.005128816104034999,GREEN,2.797196388244629,2.8035614490509033,5.0
71.18900871276855,1.3447754514211492,-0.00028291526562115686,0.14995863033777343,0.005128816104034999,GREEN,2.482492446899414,2.7969422340393066,5.0
71.1995997428894,1.346296509738879,-0.0002850988414750728,0.1429435380239152,0.007362281546774491,GREEN,2.482492446899414,2.835566759109497,5.0
71.20681691169739,1.3476873994214724,-0.0002870899053509803,0.1429435380239152,0.007362281546774491,GREEN,2.6882729530334473,2.6896145343780518,5.0
71.22459268569946,1.3499959048821757,-0.00029040319912054975,0.13708158402806098,0.006640249320775648,GREEN,3.1540067195892334,3.154581069946289,5.0
71.22548031806946,1.3523938510675466,-0.0002938503115999076,0.13708158402806098,0.006640249320775648,GREEN,3.154581069946289,2.804072141647339,5.0
71.25015068054199,1.354384842052817,-0.00029974621226349735,0.13708158402806098,0.006640249320775648,GREEN,2.7969422340393066,3.1462743282318115,5.0
71.25119996070862,1.3563432088499885,-0.0003027332235274267,0.13708158402806098,0.006640249320775648,GREEN,3.078761339187622,2.6936469078063965,5.0
71.26718616485596,1.357756133422058,-0.00030688120500964853,0.12929139911706172,0.01008613348250675,GREEN,2.804072141647339,2.803816795349121,5.0
71.28959703445435,1.3591740032418256,-0.00031104272132190215,0.12929139911706172,0.01008613348250675,GREEN,2.804072141647339,2.803816795349121,5.0
71.3221960067749,1.361235065154394,-0.00031709059891270146,0.12929139911706172,0.01008613348250675,GREEN,3.154294013977051,2.8035614490509033,5.0
71.34727501869202,1.362725352686805,-0.0003214621171702814,0.12354752133334128,0.00865323248979161,GREEN,2.4437737464904785,2.443552017211914,5.0
71.34823393821716,1.3639702245611887,-0.00032393303705412717,0.12354752133334128,0.00865323248979161,GREEN,2.4533398151397705,2.4533398151397705,5.0
71.35268092155457,1.3652064179856171,-0.000326385976480284,0.12354752133334128,0.00865323248979161,GREEN,2.4533398151397705,2.4533398151397705,5.0
71.36430597305298,1.3671610016460278,-0.00033026439487954056,0.12354752133334128,0.00865323248979161,GREEN,2.4533398151397705,2.4533398151397705,5.0
71.38888573646545,1.372207399242673,-0.00033316765569889984,0.11792111311952679,0.006208370488057162,GREEN,2.7969422340393066,2.447324514389038,5.0
71.42090582847595,1.3739105902706212,-0.00033171078669465693,0.11205558610024208,0.0007546611167123319,GREEN,2.4533398151397705,1.7522259950637817,5.0
71.42180180549622,1.3754942374630896,-0.00033259789569836456,0.11205558610024208,0.0007546611167123319,GREEN,2.447324514389038,2.447324514389038,5.0
71.42255139350891,1.3772972480281902,-0.0003284617669085589,0.11205558610024208,0.0007546611167123319,GREEN,2.1030540466308594,2.447324514389038,5.0
71.43433666229248,1.3785626040171064,-0.0003255590244419238,0.11205558610024208,0.0007546611167123319,GREEN,2.1030540466308594,2.447324514389038,5.0
71.46057534217834,1.3804610039700012,-0.0003249128174667853,0.10758549383425824,0.004751420695563462,GREEN,2.454009771347046,2.4546806812286377,5.0
71.4623327255249,1.3822983561508824,-0.0003242838335499847,0.10758549383425824,0.004751420695563462,GREEN,2.0977067947387695,2.0977067947387695,5.0
71.46306538581848,1.3834891597250982,-0.00032387941660311307,0.10758549383425824,0.004751420695563462,GREEN,2.0977067947387695,2.0977067947387695,5.0
71.48500275611877,1.3846229991853496,-0.0003234943456286164,0.10758549383425824,0.004751420695563462,GREEN,2.0977067947387695,2.0977067947387695,5.0
71.51238679885864,1.3861133138416946,-0.0003229873781350457,0.10758549383425824,0.004751420695563462,GREEN,2.0977067947387695,2.0975160598754883,5.0
71.51340556144714,1.3875098751262809,-0.0003225112801862436,0.10758549383425824,0.004751420695563462,GREEN,2.306534767150879,2.306304454803467,5.0
71.52773022651672,1.3886222382525533,-0.0003206053006364467,0.10758549383425824,0.004751420695563462,GREEN,1.7480889558792114,2.4471020698547363,5.0
71.54856777191162,1.3902458504664452,-0.0003210766031694697,0.10758549383425824,0.004751420695563462,GREEN,2.4535632133483887,2.102862596511841,5.0
71.55639052391052,1.3915052730160917,-0.00031974071816703804,0.10758549383425824,0.004751420695563462,GREEN,2.4535632133483887,2.102862596511841,5.0
71.5755124092102,1.3929925298199088,-0.0003181631665664721,0.10758549383425824,0.004751420695563462,GREEN,2.103245735168457,2.103245735168457,5.0
71.58308148384094,1.394149190357127,-0.00031693628249566665,0.10758549383425824,0.004751420695563462,GREEN,2.103245735168457,2.103245735168457,5.0
71.6072142124176,1.3956091828561779,-0.00031234409713101383,0.10758549383425824,0.004751420695563462,GREEN,1.7525451183319092,2.102862596511841,5.0
71.61336779594421,1.3969804030124817,-0.0003099977150791447,0.10758549383425824,0.004751420695563462,GREEN,2.103245735168457,1.7527047395706177,5.0
71.6337423324585,1.3982738388841587,-0.00030604134030600425,0.10758549383425824,0.004751420695563462,GREEN,2.0977067947387695,2.4471020698547363,5.0
71.63481879234314,1.3992661329546663,-0.0003040728195730202,0.10758549383425824,0.004751420695563462,GREEN,1.9221123456954956,1.9219204187393188,5.0
71.63576126098633,1.4005233420106031,-0.00030157808504534397,0.10758549383425824,0.004751420695563462,GREEN,1.754941701889038,2.1059300899505615,5.0
71.65338635444641,1.401699433841775,-0.0003006974838377407,0.10758549383425824,0.004751420695563462,GREEN,2.4475467205047607,2.0978972911834717,5.0
71.6546037197113,1.403069908277435,-0.0002983309587649685,0.10758549383425824,0.004751420695563462,UNKNOWN,1.9244182109832764,1.923264503479004,5.0
71.67408728599548,1.4038637133786571,-0.00029695669553357965,0.10758549383425824,0.004751420695563462,UNKNOWN,1.7531836032867432,1.4031857252120972,5.0
71.67523002624512,1.404830579122686,-0.00029436275819872375,0.10758549383425824,0.004751420695563462,UNKNOWN,1.7480889558792114,2.0975160598754883,5.0
71.69349408149719,1.406381023539743,-0.00029167574902708187,0.10758549383425824,0.004751420695563462,UNKNOWN,1.4020360708236694,1.4019083976745605,5.0
71.71304154396057,1.4071608384450278,-0.0002903242850341572,0.10758549383425824,0.004751420695563462,UNKNOWN,2.0975160598754883,2.0975160598754883,5.0
71.71537232398987,1.408615103498411,-0.00028780061354513327,0.10758549383425824,0.004751420695563462,UNKNOWN,2.0984690189361572,1.4010156393051147,5.0
71.73237299919128,1.4100660667094638,-0.0002852847438748484,0.10758549383425824,0.004751420695563462,UNKNOWN,1.7525451183319092,2.1030540466308594,5.0
71.7530300617218,1.4109162675193707,-0.0002850229507888151,0.10758549383425824,0.004751420695563462,UNKNOWN,1.6896300315856934,1.689333438873291,5.0
71.75416922569275,1.4118267695729534,-0.0002847418552191154,0.10758549383425824,0.004751420695563462,UNKNOWN,1.815348505973816,1.8156908750534058,5.0
71.7718415260315,1.413265844194171,-0.0002842989112355278,0.10758549383425824,0.004751420695563462,UNKNOWN,1.9221123456954956,1.9219204187393188,5.0
71.7728910446167,1.4140327691211128,-0.00028406225771863904,0.10758549383425824,0.004751420695563462,UNKNOWN,1.4042092561721802,1.4042092561721802,5.0
71.78750276565552,1.415013529073332,-0.00028375962015430553,0.10758549383425824,0.004751420695563462,UNKNOWN,1.4042092561721802,1.4042092561721802,5.0
71.81100988388062,1.4156892361320894,-0.00028355046368354857,0.10758549383425824,0.004751420695563462,UNKNOWN,1.3984711170196533,1.3982172012329102,5.0
71.81208968162537,1.416482269762664,-0.000284132854233824,0.10758549383425824,0.004751420695563462,UNKNOWN,1.1532673835754395,1.5378433465957642,5.0
71.8290491104126,1.4175239049223591,-0.0002839051567019807,0.10758549383425824,0.004751420695563462,UNKNOWN,1.7551016807556152,1.4039533138275146,5.0
71.85675430297852,1.4183206864580933,-0.00028373139089271377,0.10758549383425824,0.004751420695563462,UNKNOWN,1.7522259950637817,1.4016532897949219,5.0
71.85781002044678,1.4196315376169912,-0.0002821903974362497,0.10758549383425824,0.004751420695563462,UNKNOWN,1.3985981941223145,2.098087787628174,5.0
71.94734311103821,1.4218406374971324,-0.00028329403044639455,0.0723320620164799,0.01034103905665069,UNKNOWN,2.0978972911834717,1.4016532897949219,5.0
71.94860577583313,1.4228748572390113,-0.00028211899731804,0.06941309287155804,0.005041505070706701,UNKNOWN,1.3985981941223145,1.3983441591262817,5.0
71.94955945014954,1.4240562142440025,-0.0002807755938930119,0.06941309287155804,0.005041505070706701,UNKNOWN,1.7525451183319092,1.4020360708236694,5.0
71.96690821647644,1.4252073381893684,-0.00027783306406046907,0.06941309287155804,0.005041505070706701,UNKNOWN,1.0488533973693848,1.3982172012329102,5.0
72.01545429229736,1.4261831113998937,-0.00027533816356652434,0.06941309287155804,0.005041505070706701,UNKNOWN,1.4040813446044922,1.0531569719314575,5.0
72.016685962677,1.427165747864133,-0.0002713453370541816,0.06555128182660665,-0.0007046904770618839,UNKNOWN,1.3984711170196533,1.3982172012329102,5.0
72.01761984825134,1.4279259045276274,-0.000268245517854813,0.06555128182660665,-0.0007046904770618839,UNKNOWN,1.4020360708236694,1.4020360708236694,5.0
72.05003499984741,1.4295853462897765,-0.0002604370117557955,0.06555128182660665,-0.0007046904770618839,UNKNOWN,1.7485651969909668,1.3992334604263306,5.0
72.06027317047119,1.4308047827164547,-0.00025268900284823213,0.06555128182660665,-0.0007046904770618839,UNKNOWN,1.4020360708236694,1.4020360708236694,5.0
72.07836151123047,1.4316859256586596,-0.00024709043024889044,0.06227611080330768,-0.00540373043790549,UNKNOWN,1.400633454322815,1.0504751205444336,5.0
72.07967877388,1.4325127492044405,-0.00024296183752054107,0.060100249112797335,-0.00883925602493409,UNKNOWN,1.4047216176986694,0.768384575843811,5.0
72.08061456680298,1.4332223670751034,-0.0002373037538478431,0.060100249112797335,-0.00883925602493409,UNKNOWN,1.0488533973693848,1.4047216176986694,5.0
72.08152318000793,1.4342754588925983,-0.0002289070070003423,0.060100249112797335,-0.00883925602493409,UNKNOWN,1.0515270233154297,1.7480889558792114,5.0
72.08241868019104,1.435247330687982,-0.00022392420590494066,0.060100249112797335,-0.00883925602493409,UNKNOWN,1.3984711170196533,0.7009541988372803,5.0
72.10627889633179,1.4369076481997674,-0.0002153717505490763,0.060100249112797335,-0.00883925602493409,UNKNOWN,0.7010180354118347,1.0487580299377441,5.0
72.12950897216797,1.4376148379985991,-0.0002115586569361625,0.060100249112797335,-0.00883925602493409,UNKNOWN,1.4020360708236694,1.4019083976745605,5.0
72.13064122200012,1.438215505417178,-0.0002083197117726342,0.05678344745563584,-0.003956522911414274,UNKNOWN,1.0488533973693848,1.0487580299377441,5.0
72.1452624797821,1.4389406404321632,-0.00020440939288976474,0.05678344745563584,-0.003956522911414274,UNKNOWN,1.3996150493621826,1.399487853050232,5.0
72.14634394645691,1.4395703444166448,-0.00020101346522859295,0.05678344745563584,-0.003956522911414274,UNKNOWN,1.050666093826294,1.0505706071853638,5.0
72.17591762542725,1.440448024679045,-0.00019542396450126254,0.05678344745563584,-0.003956522911414274,UNKNOWN,1.4020360708236694,1.7523854970932007,5.0
72.17722487449646,1.4409838358411178,-0.0001912850905160591,0.054386990917610734,-0.006084030052344355,UNKNOWN,1.3984711170196533,1.0487580299377441,5.0
72.1937255859375,1.4417942383366096,-0.00018346001358270566,0.054386990917610734,-0.006084030052344355,UNKNOWN,1.4020360708236694,0.7009541988372803,5.0
72.1947853565216,1.4422991427542742,-0.00018005943838002455,0.054386990917610734,-0.006084030052344355,UNKNOWN,1.0486629009246826,2.0973258018493652,5.0
72.22761249542236,1.4430947421704177,-0.00017470100705886693,0.054386990917610734,-0.006084030052344355,UNKNOWN,1.7480889558792114,0.7010818719863892,5.0
72.22884488105774,1.443894335563906,-0.0001685511589356488,0.05193102436999788,-0.007228855037416518,UNKNOWN,1.0515270233154297,1.3983441591262817,5.0
72.2439272403717,1.4447879646214585,-0.0001616777102438956,0.05193102436999788,-0.007228855037416518,UNKNOWN,0.6992355585098267,0.34958603978157043,5.0
72.26542830467224,1.4456697617607701,-0.00015489357091525766,0.05193102436999788,-0.007228855037416518,UNKNOWN,1.05556321144104,1.4076749086380005,5.0
72.26653337478638,1.4463417789490394,-0.0001506392131816962,0.0488974131331232,-0.0069593727730478125,UNKNOWN,0.6992990970611572,0.6992355585098267,5.0
72.28073859214783,1.4471005695707921,-0.0001447261733335629,0.0488974131331232,-0.0069593727730478125,UNKNOWN,1.0515270233154297,1.0514312982559204,5.0
72.3164656162262,1.4474570941633833,-0.00014194774544330906,0.0488974131331232,-0.0069593727730478125,UNKNOWN,0.7010180354118347,0.7009541988372803,5.0
72.35240817070007,1.4496426431531986,-0.00012361399023266348,0.047288787818716434,-0.010183109252736388,UNKNOWN,1.3984711170196533,1.0487580299377441,5.0
72.3742618560791,1.4506762415807621,-0.00011752114197687553,0.047288787818716434,-0.010183109252736388,UNKNOWN,1.754301905632019,1.0525811910629272,5.0
72.37552046775818,1.4511205247316434,-0.00011366098764139685,0.04439150858230322,-0.012611277081542497,UNKNOWN,1.0494251251220703,0.6996167302131653,5.0
72.38093590736389,1.4517886765361978,-0.00010721383735267177,0.04439150858230322,-0.012611277081542497,UNKNOWN,1.0494251251220703,0.6996167302131653,5.0
72.40019989013672,1.452697292305603,-9.975919495408768e-05,0.04439150858230322,-0.012611277081542497,UNKNOWN,0.7010180354118347,0.35047709941864014,5.0
72.40126919746399,1.4529587220278581,-9.798109697092608e-05,0.04439150858230322,-0.012611277081542497,UNKNOWN,0.34961777925491333,0.34958603978157043,5.0
72.41768503189087,1.4541280689580458,-9.002770657996558e-05,0.042337242011893296,-0.009437178588471934,UNKNOWN,0.34961777925491333,0.34958603978157043,5.0
72.4372808933258,1.4545695646734085,-8.640440975381353e-05,0.042337242011893296,-0.009437178588471934,UNKNOWN,0.34961777925491333,1.3983441591262817,5.0
72.45775485038757,1.4550878857212728,-8.363500986621988e-05,0.042337242011893296,-0.009437178588471934,UNKNOWN,0.34961777925491333,1.3983441591262817,5.0
72.50987243652344,1.4557058595560335,-8.033253528633249e-05,0.040420972935819664,-0.006963589744459183,UNKNOWN,0.34961777925491333,1.3983441591262817,5.0
72.51097822189331,1.4561490086185875,-7.838715592676776e-05,0.040420972935819664,-0.006963589744459183,UNKNOWN,1.0531569719314575,1.4040813446044922,5.0
72.52238011360168,1.4574427644703458,-7.272223869179823e-05,0.040420972935819664,-0.006963589744459183,UNKNOWN,0.0,0.0,5.0
72.55158400535583,1.4580321634828646,-7.183188306407465e-05,0.03830156789747482,0.0003963872303647995,UNKNOWN,0.0,0.0,5.0
72.55269742012024,1.458577486527337,-6.892323976944727e-05,0.03830156789747482,0.0003963872303647995,UNKNOWN,0.0,0.0,5.0
72.55994749069214,1.4590562336883053,-6.778036226557028e-05,0.03830156789747482,0.0003963872303647995,UNKNOWN,0.7688449621200562,1.9219204187393188,5.0
72.60860013961792,1.4601493770972085,-5.8573138881554345e-05,0.03684944017364419,-0.011814864511347205,UNKNOWN,1.400633454322815,0.0,5.0
72.61398267745972,1.4610096929473515,-5.525224407954442e-05,0.03684944017364419,-0.011814864511347205,UNKNOWN,1.400633454322815,0.0,5.0
72.63379073143005,1.4615069190361876,-5.1350869551892664e-05,0.03509131158085905,-0.01285808470203602,UNKNOWN,0.0,1.0492345094680786,5.0
72.63486337661743,1.461874448262851,-4.728155785685489e-05,0.03509131158085905,-0.01285808470203602,UNKNOWN,1.4020360708236694,1.0509529113769531,5.0
72.6616587638855,1.462401079059847,-4.354342145993734e-05,0.03509131158085905,-0.01285808470203602,UNKNOWN,1.0487580299377441,0.34958603978157043,5.0
72.66286110877991,1.4625438649338567,-4.212339539466543e-05,0.03383905153862442,-0.01757342722714313,UNKNOWN,0.3843457102775574,0.0,5.0
72.66975808143616,1.4627214860737414,-4.008270098073989e-05,0.03383905153862442,-0.01757342722714313,UNKNOWN,0.0,0.7013373374938965,5.0
72.6863157749176,1.463290795974452,-3.4635281861433854e-05,0.03383905153862442,-0.01757342722714313,UNKNOWN,0.35015836358070374,1.3999967575073242,5.0
72.68747353553772,1.4638979372530063,-3.1067633824353854e-05,0.03383905153862442,-0.01757342722714313,UNKNOWN,1.0513355731964111,1.0513355731964111,5.0
72.7121467590332,1.4642486479121253,-2.900680838094364e-05,0.03383905153862442,-0.01757342722714313,UNKNOWN,1.3985981941223145,0.0,5.0
72.73604393005371,1.4644282343532793,-2.7270583357571167e-05,0.03217622746967013,-0.017712514952897804,UNKNOWN,0.35050901770591736,0.35047709941864014,5.0
72.74399518966675,1.4650796880286452,-2.097233216852629e-05,0.03217622746967013,-0.017712514952897804,UNKNOWN,0.0,0.6994896531105042,5.0
72.78275179862976,1.4655787954698756,-1.825562258357799e-05,0.03217622746967013,-0.017712514952897804,UNKNOWN,0.35047709941864014,1.401143193244934,5.0
72.78393268585205,1.4659869817635476,-1.3831151508096403e-05,0.030979088434033297,-0.02061711674228243,UNKNOWN,1.3605409860610962,0.0,5.0
72.7983148097992,1.4663827692534248,-8.958637318986281e-06,0.030979088434033297,-0.02061711674228243,UNKNOWN,0.0,0.6995531916618347,5.0
72.79931688308716,1.4668982112751014,-4.8189275010457705e-06,0.030979088434033297,-0.02061711674228243,UNKNOWN,0.6992990970611572,1.050857424736023,5.0
72.82496929168701,1.4675638402852638,5.27327739213398e-07,0.030979088434033297,-0.02061711674228243,UNKNOWN,1.4021637439727783,0.35050901770591736,5.0
72.83433794975281,1.4678271729884245,3.7795608972340718e-06,0.02919254374712045,-0.02473182317504519,UNKNOWN,0.6992355585098267,0.34955430030822754,5.0
72.83534455299377,1.468470167871998,1.2331191633214576e-05,0.02919254374712045,-0.02473182317504519,UNKNOWN,0.0,1.051910161972046,5.0
72.86256194114685,1.4690030173610866,1.7195692036519707e-05,0.02919254374712045,-0.02473182317504519,UNKNOWN,1.0528689622879028,0.35098832845687866,5.0
72.90787529945374,1.469467613085607,2.2775363393165465e-05,0.02919254374712045,-0.02473182317504519,UNKNOWN,1.0489486455917358,0.0,5.0
72.90908336639404,1.4696696171648735,2.4863158095707206e-05,0.027897288667740217,-0.025127821897685514,UNKNOWN,0.3844224810600281,0.7687681913375854,5.0
72.9101071357727,1.4700186458273592,2.7708187278728705e-05,0.027897288667740217,-0.025127821897685514,UNKNOWN,0.0,1.7559020519256592,5.0
72.91537642478943,1.4702829745314274,3.0195503921190367e-05,0.027897288667740217,-0.025127821897685514,UNKNOWN,0.7010180354118347,0.0,5.0
72.94104599952698,1.470722207958238,3.558402378450628e-05,0.027897288667740217,-0.025127821897685514,UNKNOWN,1.0488533973693848,0.6991720795631409,5.0
72.9486677646637,1.471377949564625,4.4251705708033616e-05,0.02674533672847065,-0.026566989847331208,UNKNOWN,1.0488533973693848,0.6991720795631409,5.0
72.97861313819885,1.4714812114112705,4.517734310554774e-05,0.02674533672847065,-0.026566989847331208,UNKNOWN,0.7040948867797852,0.7040305733680725,5.0
72.97989082336426,1.4717260018389104,4.764494642385364e-05,0.025446634474207277,-0.01823745579464598,UNKNOWN,0.3821330964565277,0.0,5.0
72.98086547851562,1.4718137004501473,4.8296876074737054e-05,0.025446634474207277,-0.01823745579464598,UNKNOWN,0.0,0.7012734413146973,5.0
72.98783206939697,1.4721109736345779,5.022486683340351e-05,0.025446634474207277,-0.01823745579464598,UNKNOWN,0.0,0.34958603978157043,5.0
73.00892949104309,1.4727353930733373,5.494408629921185e-05,0.025446634474207277,-0.01823745579464598,UNKNOWN,0.7688449621200562,0.3841922879219055,5.0
73.02639484405518,1.4728629121308467,5.603083123165364e-05,0.025446634474207277,-0.01823745579464598,UNKNOWN,0.0,0.3497130572795868,5.0
73.02763080596924,1.4730422378595154,5.73118439603472e-05,0.02426204075627249,-0.018539776108010282,UNKNOWN,0.3505409359931946,0.3503495156764984,5.0
73.05829668045044,1.4734282967735761,6.0069858912025586e-05,0.02426204075627249,-0.018539776108010282,UNKNOWN,0.6992355585098267,0.34958603978157043,5.0
73.05946731567383,1.4736064607007286,6.15905805023605e-05,0.02426204075627249,-0.018539776108010282,UNKNOWN,0.0,0.7011456489562988,5.0
73.06046319007874,1.47369985343448,6.220783561660577e-05,0.02426204075627249,-0.018539776108010282,UNKNOWN,0.0,0.34945911169052124,5.0
73.06579041481018,1.474363545227235,6.592419797042848e-05,0.02426204075627249,-0.018539776108010282,UNKNOWN,0.0,0.34945911169052124,5.0
73.09511208534241,1.4748550377515037,6.938181476347422e-05,0.023072885581259264,-0.01921262606343865,UNKNOWN,1.0515270233154297,0.35047709941864014,5.0
73.11017274856567,1.4748550377515037,6.938181476347422e-05,0.023072885581259264,-0.01921262606343865,UNKNOWN,0.0,0.0,5.0
73.11710166931152,1.474944462260752,7.024852457596571e-05,0.023072885581259264,-0.01921262606343865,UNKNOWN,0.0,0.0,5.0
73.11835980415344,1.4753118565670424,7.345411506930504e-05,0.022219427435363353,-0.023402670324540957,UNKNOWN,0.0,0.35047709941864014,5.0
73.12046575546265,1.4759354094287505,7.88954159344193e-05,0.022219427435363353,-0.023402670324540957,UNKNOWN,0.6996803283691406,1.0494251251220703,5.0
73.19446349143982,1.4762022434357762,8.086417570787458e-05,0.022219427435363353,-0.023402670324540957,UNKNOWN,0.6996803283691406,1.0494251251220703,5.0
73.19565415382385,1.4763778761172,8.232894972109855e-05,0.022219427435363353,-0.023402670324540957,UNKNOWN,0.35050901770591736,0.35050901770591736,5.0
73.20617175102234,1.4765544717473957,8.380175471310152e-05,0.022219427435363353,-0.023402670324540957,UNKNOWN,0.34961777925491333,0.34958603978157043,5.0
73.22557139396667,1.4768195740226728,8.601272681711446e-05,0.021101110217237002,-0.023828361526613422,UNKNOWN,0.34961777925491333,0.34958603978157043,5.0
73.22677540779114,1.4774583126364027,9.133993630562567e-05,0.021101110217237002,-0.023828361526613422,UNKNOWN,0.0,0.6994896531105042,5.0
73.22774362564087,1.4777229802715415,9.245099187919896e-05,0.021101110217237002,-0.023828361526613422,UNKNOWN,0.35050901770591736,1.4012705087661743,5.0
73.22871446609497,1.478098904165795,9.510475787547316e-05,0.021101110217237002,-0.023828361526613422,UNKNOWN,0.6991086006164551,0.0,5.0
73.23863005638123,1.4782220598019564,9.622443006825456e-05,0.021101110217237002,-0.023828361526613422,UNKNOWN,0.0,0.3497448265552521,5.0
73.2397608757019,1.4784865712340853,9.82770282306894e-05,0.021101110217237002,-0.023828361526613422,UNKNOWN,0.35047709941864014,0.700571596622467,5.0
73.26208925247192,1.478877680486193,0.00010093945770380971,0.021101110217237002,-0.023828361526613422,UNKNOWN,0.7688449621200562,0.7687681913375854,5.0
73.27767753601074,1.4795301749770247,0.00010575032328366225,0.021101110217237002,-0.023828361526613422,UNKNOWN,0.7010180354118347,0.35047709941864014,5.0
73.30515384674072,1.4799259482119222,0.00011012395698413303,0.021101110217237002,-0.023828361526613422,UNKNOWN,0.0,1.0493297576904297,5.0
73.31302976608276,1.4804940224815786,0.00011472364298240838,0.021101110217237002,-0.023828361526613422,UNKNOWN,0.0,1.0493297576904297,5.0
73.38250064849854,1.4809976030441372,0.00011708384150857264,0.021101110217237002,-0.023828361526613422,UNKNOWN,0.6992990970611572,1.0493297576904297,5.0
73.40716648101807,1.4811743512814854,0.00011790612728914226,0.021101110217237002,-0.023828361526613422,UNKNOWN,0.6992990970611572,0.34945911169052124,5.0
73.40825533866882,1.4811744253696604,0.00011790648607153462,0.021101110217237002,-0.023828361526613422,UNKNOWN,0.0,0.0,5.0
73.4221248626709,1.48142358694267,0.00011984708126960783,0.021101110217237002,-0.023828361526613422,UNKNOWN,1.7551016807556152,-1.4040813446044922,5.0
73.45483040809631,1.4818244928082058,0.0001262097929051517,0.021101110217237002,-0.023828361526613422,UNKNOWN,2.102479934692383,-1.0512399673461914,5.0
73.45597314834595,1.4819651287730033,0.00013027157346072818,0.021101110217237002,-0.023828361526613422,UNKNOWN,1.3980902433395386,-1.7476128339767456,5.0
73.4638819694519,1.4824574370830357,0.00015259396635550223,0.021101110217237002,-0.023828361526613422,UNKNOWN,2.0977067947387695,-0.6991720795631409,5.0
73.47560429573059,1.4827217057069766,0.00016739948082791195,0.021101110217237002,-0.023828361526613422,UNKNOWN,2.0977067947387695,-0.6991720795631409,5.0
73.49326729774475,1.4832634520409937,0.00020241745244921415,0.021101110217237002,-0.023828361526613422,UNKNOWN,2.44222354888916,-1.0514312982559204,5.0
73.51552367210388,1.4835179482322962,0.0002208686639554646,0.021101110217237002,-0.023828361526613422,UNKNOWN,2.0975160598754883,-1.3983441591262817,5.0
73.5165069103241,1.483693672856044,0.00023653560276892013,0.021101110217237002,-0.023828361526613422,UNKNOWN,2.6909573078155518,-0.7687681913375854,5.0
73.53058433532715,1.4844118172846887,0.0003074715939051861,0.021101110217237002,-0.023828361526613422,UNKNOWN,2.6909573078155518,-0.7687681913375854,5.0
73.57602715492249,1.4844118172846887,0.0003074715939051861,0.021101110217237002,-0.023828361526613422,UNKNOWN,2.0977067947387695,-2.0977067947387695,5.0
73.61099433898926,1.4845954926918794,0.0003313829265039738,0.021101110217237002,-0.023828361526613422,UNKNOWN,2.0977067947387695,-2.0977067947387695,5.0
73.61211943626404,1.484471294979925,0.0003139485725844169,0.021101110217237002,-0.023828361526613422,UNKNOWN,2.102862596511841,-1.4017807245254517,5.0
73.62248468399048,1.4842029641936003,0.0002714262253233271,0.021101110217237002,-0.023828361526613422,UNKNOWN,1.7562224864959717,-2.809699773788452,5.0
73.64659786224365,1.484454365482961,0.0003145531948022096,0.021101110217237002,-0.023828361526613422,UNKNOWN,2.098087787628174,-1.3991063833236694,5.0
73.65726208686829,1.484454365482961,0.0003145531948022096,0.021101110217237002,-0.023828361526613422,UNKNOWN,2.4535632133483887,-2.4533398151397705,5.0
73.65831708908081,1.484454365482961,0.0003145531948022096,0.021101110217237002,-0.023828361526613422,UNKNOWN,2.306304454803467,-2.306304454803467,5.0
73.65933775901794,1.4845784524148864,0.00034129258001579677,0.021101110217237002,-0.023828361526613422,UNKNOWN,1.7507917881011963,-1.7507917881011963,5.0
73.69535994529724,1.4842797269494719,0.0002664744469321444,0.021101110217237002,-0.023828361526613422,UNKNOWN,1.7477715015411377,-2.096374034881592,5.0
73.74387693405151,1.4844937148801478,0.0003367201742886578,0.021101110217237002,-0.023828361526613422,UNKNOWN,2.0977067947387695,-2.4533398151397705,5.0
73.77474975585938,1.4844937844133768,0.0003367441304129047,0.018659250426776044,-0.026420276150791983,UNKNOWN,1.7507917881011963,-2.100950241088867,5.0
73.77571749687195,1.4843926874614646,0.0003001023554553391,0.018659250426776044,-0.026420276150791983,UNKNOWN,1.9014179706573486,-2.2812507152557373,5.0
73.79229426383972,1.4842849609812854,0.00025949188921888395,0.018659250426776044,-0.026420276150791983,UNKNOWN,1.9014179706573486,-2.2812507152557373,5.0
73.79340696334839,1.4842017090783002,0.00022679777509698488,0.018659250426776044,-0.026420276150791983,UNKNOWN,2.1270668506622314,-2.481806516647339,5.0
73.813645362854,1.4842017542386798,0.00022681616828391143,0.018659250426776044,-0.026420276150791983,UNKNOWN,2.0978972911834717,-2.0977067947387695,5.0
73.81474542617798,1.4842021284829698,0.00022697368295924384,0.018659250426776044,-0.026420276150791983,UNKNOWN,2.4535632133483887,-2.4533398151397705,5.0
73.82207345962524,1.4843701941404068,0.00030156908299298435,0.0,1.2,UNKNOWN,2.103245735168457,-1.4028023481369019,5.0
73.82306122779846,1.4845457558794326,0.00038159193555332304,0.0,1.2,UNKNOWN,2.447324514389038,-2.0975160598754883,5.0
73.82851433753967,1.4845458270496321,0.0003816252774254842,0.0,1.2,UNKNOWN,2.447324514389038,-2.0975160598754883,5.0
73.85117316246033,1.484462502099055,0.00034067583853650106,0.0,1.2,UNKNOWN,1.7477715015411377,-2.096564531326294,5.0
73.8522400856018,1.4844623649451145,0.00034060654110681666,0.0,1.2,UNKNOWN,2.454233407974243,-2.4546806812286377,5.0
73.88349342346191,1.4843456928026182,0.00027896218689066137,0.0,1.2,UNKNOWN,2.1030540466308594,-2.4533398151397705,5.0
73.88456678390503,1.4842614541777417,0.00023243591847840387,0.0,1.2,UNKNOWN,2.447324514389038,-2.0975160598754883,5.0
73.92567372322083,1.484398047825997,0.0003103093263746495,0.0,1.2,UNKNOWN,2.4535632133483887,-2.102862596511841,5.0
73.92686915397644,1.4843130093110193,0.00025930742321554384,0.0,1.2,UNKNOWN,2.4535632133483887,-2.094473123550415,5.0
73.92794942855835,1.4844060119288585,0.0003165876625422562,0.0,1.2,UNKNOWN,1.7453943490982056,-2.1061220169067383,5.0
73.96957659721375,1.4843074155156493,0.0002537557015136489,0.0,1.2,UNKNOWN,1.9221123456954956,-2.306304454803467,5.0
73.97064137458801,1.4842210909967006,0.00019704043135811386,0.0,1.2,UNKNOWN,2.4566943645477295,-2.456918239593506,5.0
73.98969650268555,1.4843233643207046,0.0002660482658684741,0.0,1.2,UNKNOWN,2.0978972911834717,-1.748247742652893,5.0
74.00293016433716,1.4841793525123852,0.0001657719841617246,0.0,1.2,UNKNOWN,2.0978972911834717,-1.748247742652893,5.0
74.00392651557922,1.4843304760443026,0.00027357563966117816,0.0,1.2,UNKNOWN,1.7525451183319092,-2.4533398151397705,5.0
74.02136778831482,1.484434193974264,0.00034978276756881643,0.0,1.2,UNKNOWN,2.447324514389038,-2.0977067947387695,5.0
74.02233958244324,1.484537652377384,0.00042871827312091794,0.0,1.2,UNKNOWN,2.1030540466308594,-2.4533398151397705,5.0
74.03630876541138,1.484468954723113,0.0003742879844760983,0.0,1.2,UNKNOWN,1.7480889558792114,-2.089169502258301,5.0
74.04330253601074,1.4843971756251315,0.000315961867253103,0.0,1.2,UNKNOWN,1.7480889558792114,-2.089169502258301,5.0
74.06754899024963,1.4842016192165932,0.00015337088605461914,0.0,1.2,UNKNOWN,2.4535632133483887,-2.4634311199188232,5.0
74.07924222946167,1.4843071937192305,0.0002441351808339151,0.0,1.2,UNKNOWN,2.306765079498291,-1.9223041534423828,5.0
74.08052659034729,1.4843729379090376,0.0003025771932700159,0.0,1.2,UNKNOWN,2.456918239593506,-2.1059300899505615,5.0
74.09988832473755,1.4844386647255128,0.0003624756466675241,0.0,1.2,UNKNOWN,2.0978972911834717,-2.102862596511841,5.0
74.11702752113342,1.4843335324505582,0.00026125772109186535,0.0,1.2,UNKNOWN,2.443552017211914,-2.093334436416626,5.0
74.12503051757812,1.484333393289136,0.0002611190050815778,0.0,1.2,UNKNOWN,2.103245735168457,-2.1040120124816895,5.0
74.14589166641235,1.484154026781107,7.810681060636126e-05,0.0,1.2,UNKNOWN,2.103245735168457,-2.1040120124816895,5.0
74.14697742462158,1.484215186886218,0.0001429815151738442,0.0,1.2,UNKNOWN,2.108621120452881,-1.7573448419570923,5.0
74.18836402893066,1.4842152987254333,0.00014310269706540484,0.0,1.2,UNKNOWN,2.451554298400879,-2.451108455657959,5.0
74.18950986862183,1.4843874964328667,0.0003371844482650321,0.0,1.2,UNKNOWN,2.306534767150879,-2.306304454803467,5.0
74.19627690315247,1.4843825076251722,0.00032980840840459336,0.0,1.2,UNKNOWN,2.0977067947387695,-2.0973258018493652,5.0
74.20779514312744,1.4843825916709263,0.0003299109207831874,0.0,1.2,UNKNOWN,2.0977067947387695,-2.0973258018493652,5.0
74.22605895996094,1.4843280107462264,0.0002611526121554788,0.0,1.2,UNKNOWN,1.7525451183319092,-2.102862596511841,5.0
74.22776579856873,1.4843280107462264,0.0002611526121554788,0.0,1.2,UNKNOWN,2.0977067947387695,-2.0977067947387695,5.0
74.22907042503357,1.4843281089240157,0.00026128211345403566,0.0,1.2,UNKNOWN,2.4531164169311523,-2.452669858932495,5.0
74.25874280929565,1.4844829409518805,0.0004739157957702611,0.0,1.2,UNKNOWN,2.4475467205047607,-1.7484065294265747,5.0
74.26176071166992,1.4844829700410083,0.00047395721165738314,0.0,1.2,UNKNOWN,2.4475467205047607,-1.7484065294265747,5.0
74.28327894210815,1.4845528598532103,0.0005760563603772574,0.0,1.2,UNKNOWN,2.4535632133483887,-2.100950241088867,5.0
74.28427696228027,1.4845038761201625,0.0005017586259810775,0.0,1.2,UNKNOWN,2.0977067947387695,-2.4468801021575928,5.0
74.31771945953369,1.4844522701904492,0.00042130933393289287,0.0,1.2,UNKNOWN,2.1030540466308594,-2.4535632133483887,5.0
74.3360333442688,1.4843870466159685,0.00031656151265618636,0.0,1.2,UNKNOWN,2.1030540466308594,-2.4535632133483887,5.0
74.33717012405396,1.4845209571881084,0.0005401804969270781,0.0,1.2,UNKNOWN,2.0977067947387695,-2.4468801021575928,5.0
74.35112166404724,1.4843882772419976,0.0003098725328546166,0.0,1.2,UNKNOWN,1.7477715015411377,-2.7969422340393066,5.0
74.35220146179199,1.4845168508851119,0.0005396171524516683,0.0,1.2,UNKNOWN,2.453786611557007,-1.7525451183319092,5.0
74.37465977668762,1.4844491138972216,0.0004135778312552247,0.0,1.2,UNKNOWN,2.447324514389038,-1.748247742652893,5.0
74.37568211555481,1.4844075523696985,0.0003329733595939968,0.0,1.2,UNKNOWN,1.9173262119293213,-2.29941725730896,5.0
74.45949363708496,1.4844075089162099,0.0003328868068252514,0.0,1.2,UNKNOWN,1.7594329118728638,-2.1113195419311523,5.0
74.47528409957886,1.4844075417461227,0.0003329541245934052,0.0,1.2,UNKNOWN,1.3984711170196533,-2.0975160598754883,5.0
74.4937949180603,1.4843312718704615,0.00016924702628280436,0.0,1.2,UNKNOWN,1.3984711170196533,-2.0975160598754883,5.0
74.4953727722168,1.484376430219903,0.0002687011932437014,0.0,1.2,UNKNOWN,2.1030540466308594,-1.7523854970932007,5.0
74.52236652374268,1.4844511588921694,0.0004477908189560691,0.0,1.2,UNKNOWN,1.7522259950637817,-1.7479301691055298,5.0
74.52342391014099,1.4844049549543161,0.0003277341237138999,0.0,1.2,UNKNOWN,1.7551016807556152,-1.4040813446044922,5.0
74.52436900138855,1.4844049549543161,0.0003277341237138999,0.0,1.2,UNKNOWN,1.3982172012329102,-1.7479301691055298,5.0
74.52528810501099,1.4843621749250977,0.00020816077213697072,0.0,1.2,UNKNOWN,1.4021637439727783,-1.4021637439727783,5.0
74.54211974143982,1.484362186721128,0.00020819507395652173,0.0,1.2,UNKNOWN,1.4020360708236694,-1.7523854970932007,5.0
74.54968428611755,1.4843621969282257,0.00020822561059943628,0.0,1.2,UNKNOWN,1.3984711170196533,-1.3983441591262817,5.0
74.56921219825745,1.4843223993034926,8.605490657039648e-05,0.0,1.2,UNKNOWN,1.3982172012329102,-1.7477715015411377,5.0
74.57032656669617,1.4844246767187521,0.00041388677078293815,0.0,1.2,UNKNOWN,1.4020360708236694,-0.7010180354118347,5.0
74.59973740577698,1.4844751570466255,0.0005822660795891676,0.0,1.2,UNKNOWN,1.7452362775802612,-1.7452362775802612,5.0
74.62478685379028,1.4844500904504556,0.0004968888901292344,0.0,0.7627861223516201,UNKNOWN,1.0488533973693848,-1.3983441591262817,5.0
74.64729881286621,1.4844500995953025,0.0004969208320368545,0.0,0.7627861223516201,UNKNOWN,1.0488533973693848,-1.3983441591262817,5.0
74.65928173065186,1.4844871107234934,0.0006301610253169449,0.0,0.7627861223516201,UNKNOWN,1.3984711170196533,-1.0487580299377441,5.0
74.66046476364136,1.4844509066900675,0.0004943318745670145,0.0,0.7627861223516201,UNKNOWN,0.7089570164680481,-1.4173920154571533,5.0
74.69147276878357,1.484514388311897,0.000736938177056298,0.0,0.5369358073463935,UNKNOWN,1.3985981941223145,-0.6994261145591736,5.0
74.69270849227905,1.484471342406342,0.0005667903784635483,0.0,0.47492705728571316,UNKNOWN,1.0515270233154297,-1.7523854970932007,5.0
74.71430158615112,1.4843624247572138,0.00011259251750420714,0.0,0.47492705728571316,UNKNOWN,0.34961777925491333,-1.3983441591262817,5.0
74.71548652648926,1.484302834962459,-0.00014581246742817938,0.0,0.43243722266554885,UNKNOWN,0.35050901770591736,0.0,5.0
74.73241329193115,1.4843867193881632,0.00022606116233517124,0.0,0.43243722266554885,UNKNOWN,0.35050901770591736,0.0,5.0
74.7571234703064,1.4843867193881632,0.00022606116233517124,0.0,0.43243722266554885,UNKNOWN,1.4016532897949219,-1.4016532897949219,5.0
74.75832772254944,1.4843338419688763,-2.2203596315180547e-05,0.0,0.43243722266554885,UNKNOWN,0.6993626356124878,-1.3985981941223145,5.0
74.80880522727966,1.4843729565449006,0.00016165651044036195,0.01,0.38235055408737306,UNKNOWN,0.0,0.0,5.0
74.8310399055481,1.4843948108998932,0.0002797209850373204,0.01,0.38235055408737306,UNKNOWN,0.350604772567749,-0.701209545135498,5.0
74.85102462768555,1.4844646380932425,0.0006653349897251179,0.02,0.3374686970309866,UNKNOWN,1.7525451183319092,-0.7008903622627258,5.0
74.8521420955658,1.484442666829844,0.0005367658779353869,0.02,0.3374686970309866,UNKNOWN,0.3496495485305786,-0.6992990970611572,5.0
74.87153792381287,1.4844586082668396,0.0006324872445557137,0.02,0.3374686970309866,UNKNOWN,0.35041332244873047,-0.7008266448974609,5.0
74.8727867603302,1.4845563979888448,0.001239297199832838,0.03,0.29883023777502515,UNKNOWN,1.049043893814087,-0.6993626356124878,5.0
74.89502024650574,1.4845360800330443,0.0011076561905333086,0.03,0.29883023777502515,UNKNOWN,0.34961777925491333,-0.6991720795631409,5.0
74.89621663093567,1.4845553748670728,0.0012363543565162532,0.03,0.29883023777502515,UNKNOWN,0.7010180354118347,-0.35047709941864014,5.0
74.91091990470886,1.4845553955879311,0.0012364966594867926,0.03,0.29883023777502515,UNKNOWN,1.3983441591262817,0.0,5.0
74.93186569213867,1.4845912876519949,0.0014932359499371885,0.04,0.2571898177428018,UNKNOWN,1.049139142036438,-0.349871963262558,5.0
74.93531608581543,1.4846094547997581,0.0016287232331581253,0.04,0.2571898177428018,UNKNOWN,1.049139142036438,-0.349871963262558,5.0
74.94920468330383,1.4846739884733129,0.002126756989648073,0.04,0.2571898177428018,UNKNOWN,0.6991086006164551,-0.34955430030822754,5.0
74.97678732872009,1.4847177135230472,0.0024792066367474836,0.05,0.2263965351600059,UNKNOWN,1.4020360708236694,0.0,5.0
74.97835612297058,1.4847805144501025,0.0030018348177517354,0.05,0.2263965351600059,UNKNOWN,1.537536382675171,0.0,5.0
75.00393056869507,1.484839413313906,0.0035167088044939076,0.05,0.2263965351600059,UNKNOWN,1.537536382675171,0.0,5.0
75.01660442352295,1.484896883358931,0.004045302800199516,0.060000000000000005,0.18490652379952088,UNKNOWN,1.0488533973693848,0.34955430030822754,5.0
75.01757264137268,1.484969701928617,0.00475289826927114,0.060000000000000005,0.18490652379952088,UNKNOWN,1.7525451183319092,0.0,5.0
75.03853178024292,1.484992397011337,0.004991431414097334,0.060000000000000005,0.18490652379952088,UNKNOWN,1.7525451183319092,0.0,5.0
75.05387210845947,1.4850528964000012,0.005645258581629119,0.060000000000000005,0.18490652379952088,UNKNOWN,1.4020360708236694,0.35050901770591736,5.0
75.05509805679321,1.4850990975014138,0.006168859726675658,0.07,0.15601444629369476,UNKNOWN,1.748247742652893,0.34961777925491333,5.0
75.07468962669373,1.4851586251239264,0.00687399238975836,0.07,0.15601444629369476,UNKNOWN,1.0515270233154297,0.0,5.0
75.09692192077637,1.4852137863309172,0.007592980715566167,0.07,0.15601444629369476,UNKNOWN,1.7479301691055298,0.0,5.0
75.1175446510315,1.4852758638781245,0.00846125518238867,0.07,0.15601444629369476,UNKNOWN,1.5376899242401123,0.7686914205551147,5.0
75.140709400177,1.4853299326632763,0.00925240276855188,0.08,0.11672932885777332,UNKNOWN,1.5376899242401123,0.7686914205551147,5.0
75.14176058769226,1.4854020647536943,0.010322839270014187,0.08,0.11672932885777332,UNKNOWN,1.7507917881011963,1.4007607698440552,5.0
75.1598608493805,1.4854758661556309,0.01146751840168345,0.08,0.11672932885777332,UNKNOWN,1.7523854970932007,1.4016532897949219,5.0
75.16174983978271,1.4855512534660122,0.012662456726771638,0.09,0.1064966544322763,UNKNOWN,2.0978972911834717,1.0488533973693848,5.0
75.17885160446167,1.4855938007339626,0.01338657087268448,0.09,0.1064966544322763,UNKNOWN,1.41830575466156,1.4173920154571533,5.0
75.19743537902832,1.485634799938082,0.014145282921423415,0.09,0.1064966544322763,UNKNOWN,1.7450779676437378,0.34907886385917664,5.0
75.1985330581665,1.4856922440151283,0.015328532700784958,0.09,0.1064966544322763,UNKNOWN,1.4044654369354248,1.7555818557739258,5.0
75.22090077400208,1.485740861567261,0.01630138637935182,0.09999999999999999,0.08059188162738362,UNKNOWN,2.1030540466308594,1.0514312982559204,5.0
75.23706221580505,1.4857976140384679,0.017459268511508533,0.09999999999999999,0.08059188162738362,UNKNOWN,2.1030540466308594,1.0514312982559204,5.0
75.24153280258179,1.4858487086650924,0.018532286082321537,0.09999999999999999,0.08059188162738362,UNKNOWN,2.4533398151397705,1.4017807245254517,5.0
75.25763535499573,1.4859082525774987,0.019872060996923378,0.10999999999999999,0.0671499377645195,UNKNOWN,2.0978972911834717,1.7480889558792114,5.0
75.27240228652954,1.4859471330921434,0.020773700704159497,0.10999999999999999,0.0671499377645195,UNKNOWN,2.1030540466308594,1.4019083976745605,5.0
75.29263424873352,1.4860054567265333,0.022190464166911807,0.10999999999999999,0.0671499377645195,UNKNOWN,2.1030540466308594,1.4019083976745605,5.0
75.3229591846466,1.486047673828919,0.02325198855668138,0.10999999999999999,0.0671499377645195,UNKNOWN,2.4535632133483887,1.7523854970932007,5.0
75.32641530036926,1.4861138609927502,0.02500053396673343,0.10999999999999999,0.0671499377645195,UNKNOWN,2.306534767150879,2.306304454803467,5.0
75.34099745750427,1.48617688862939,0.02666565197774738,0.11999999999999998,0.05683926970277753,UNKNOWN,2.306534767150879,2.306304454803467,5.0
75.35669159889221,1.4862345809177913,0.028247817260733183,0.11999999999999998,0.05683926970277753,UNKNOWN,2.4571423530578613,2.1061220169067383,5.0
75.35774827003479,1.4862730878897106,0.029393585679688545,0.11999999999999998,0.05683926970277753,UNKNOWN,2.447324514389038,1.7480889558792114,5.0
75.37766456604004,1.4863313371742826,0.031078919729548266,0.12999999999999998,0.0504295802084056,UNKNOWN,2.4535632133483887,2.102862596511841,5.0
75.37872695922852,1.4863889731839572,0.03281716090840483,0.12999999999999998,0.0504295802084056,UNKNOWN,2.447324514389038,2.0977067947387695,5.0
75.39449667930603,1.4864345618310493,0.0342548431587426,0.12999999999999998,0.0504295802084056,UNKNOWN,2.102862596511841,2.0977067947387695,5.0
75.4241235256195,1.48649638789569,0.036295705139203854,0.13999999999999999,0.03917376996866384,UNKNOWN,2.4475467205047607,2.7969422340393066,5.0
75.42509317398071,1.4865504215301788,0.03817055534147674,0.13999999999999999,0.03917376996866384,UNKNOWN,2.5876080989837646,2.2168853282928467,5.0
75.45236206054688,1.4865867802266894,0.039375590801948,0.13999999999999999,0.03917376996866384,UNKNOWN,2.5876080989837646,2.2168853282928467,5.0
75.45342874526978,1.486624710101234,0.04067608475682037,0.13999999999999999,0.03917376996866384,UNKNOWN,2.5499043464660645,2.5496628284454346,5.0
75.4714424610138,1.486682115635665,0.04264438172631496,0.13999999999999999,0.03917376996866384,UNKNOWN,2.797196388244629,2.4484362602233887,5.0
75.4725558757782,1.4867164330828206,0.04388110950577317,0.13999999999999999,0.03917376996866384,UNKNOWN,2.3058440685272217,2.3056139945983887,5.0
75.4904396533966,1.4867740979098283,0.0459592771949746,0.13999999999999999,0.03917376996866384,UNKNOWN,2.8089308738708496,2.4578146934509277,5.0
75.49150228500366,1.4868092754956148,0.04736728689230721,0.13999999999999999,0.03917376996866384,UNKNOWN,3.146559953689575,2.7966883182525635,5.0
75.53206062316895,1.4868672147513737,0.04968641418507455,0.13999999999999999,0.03917376996866384,UNKNOWN,2.7969422340393066,3.1462743282318115,5.0
75.53321027755737,1.4869203510447677,0.051694716143456464,0.13999999999999999,0.03917376996866384,UNKNOWN,2.7994842529296875,2.798212766647339,5.0
75.56892943382263,1.486961638026417,0.05325546106821901,0.13999999999999999,0.03917376996866384,UNKNOWN,3.154581069946289,3.154294013977051,5.0
75.58109998703003,1.4870169546435539,0.05552763929610089,0.13999999999999999,0.03917376996866384,UNKNOWN,3.146559953689575,2.7966883182525635,5.0
75.60331654548645,1.4870665783396624,0.05769481169491191,0.13999999999999999,0.03917376996866384,UNKNOWN,3.146559953689575,2.7966883182525635,5.0
75.60430812835693,1.48711293922048,0.05961603318555987,0.13999999999999999,0.03917376996866384,UNKNOWN,3.154581069946289,3.5047709941864014,5.0
75.63014602661133,1.487194466934889,0.06307286566801276,0.13999999999999999,0.03917376996866384,UNKNOWN,3.154581069946289,2.803816795349121,5.0
75.63121724128723,1.4872556124569833,0.06586120820347371,0.13999999999999999,0.03917376996866384,UNKNOWN,3.5054094791412354,3.1548683643341064,5.0
75.64985418319702,1.4873156108839225,0.06859741215508587,0.13999999999999999,0.03917376996866384,UNKNOWN,3.5047709941864014,3.1540067195892334,5.0
75.66503310203552,1.4873603182578896,0.07079235791702783,0.13999999999999999,0.03917376996866384,UNKNOWN,3.4598023891448975,3.8438408374786377,5.0
75.68829870223999,1.4874163249422727,0.07338323805573564,0.13999999999999999,0.03917376996866384,UNKNOWN,3.5050902366638184,3.5047709941864014,5.0
75.7220106124878,1.4874729593311862,0.0760033106467894,0.13999999999999999,0.03917376996866384,UNKNOWN,3.83986759185791,3.141425132751465,5.0
75.72298336029053,1.4875221025561323,0.07862009880639256,0.13999999999999999,0.03917376996866384,UNKNOWN,3.5102033615112305,3.5102033615112305,5.0
75.7449803352356,1.487557179988938,0.08048790888471323,0.13999999999999999,0.03917376996866384,UNKNOWN,3.496495485305786,3.496495485305786,5.0
75.74597692489624,1.4875922324609034,0.08235438984328092,0.13999999999999999,0.03917376996866384,UNKNOWN,3.545438051223755,3.543153762817383,5.0
75.76232743263245,1.4876893690486979,0.0875281820216778,0.13999999999999999,0.03917376996866384,UNKNOWN,3.8035871982574463,3.42390513420105,5.0
75.76353120803833,1.487723213993324,0.08947621439241514,0.13999999999999999,0.03917376996866384,UNKNOWN,3.4904725551605225,3.510843515396118,5.0
75.78549313545227,1.487807822372576,0.09386281734867025,0.13999999999999999,0.03917376996866384,UNKNOWN,3.8457956314086914,3.5050902366638184,5.0
75.82350444793701,1.487856831638338,0.09683999088654478,0.13999999999999999,0.03917376996866384,UNKNOWN,4.205725193023682,3.8548970222473145,5.0
75.82460021972656,1.4878880675301782,0.09891404569248362,0.13999999999999999,0.03917376996866384,UNKNOWN,4.195794582366943,3.8457956314086914,5.0
75.82567691802979,1.4879229645068326,0.10109041286448908,0.13999999999999999,0.03917376996866384,UNKNOWN,3.8555991649627686,4.205725193023682,5.0
75.85092043876648,1.4879687190470896,0.103768195916323,0.13999999999999999,0.03917376996866384,UNKNOWN,3.8457956314086914,3.8454463481903076,5.0
75.8963406085968,1.4880077118796553,0.10605042629876771,0.13999999999999999,0.03917376996866384,UNKNOWN,4.894649028778076,4.195032119750977,5.0
75.89739060401917,1.4880421826211394,0.108320386583423,0.13999999999999999,0.03917376996866384,UNKNOWN,4.228647232055664,4.228647232055664,5.0
75.92400336265564,1.4880859785324583,0.11120442606282156,0.13999999999999999,0.03917376996866384,UNKNOWN,3.8612236976623535,4.211860179901123,5.0
75.92513155937195,1.4881223681767577,0.11340448641007868,0.13999999999999999,0.03917376996866384,UNKNOWN,4.5450310707092285,4.195413589477539,5.0
75.92617440223694,1.4881593390562888,0.11577615664858776,0.13999999999999999,0.03917376996866384,UNKNOWN,4.99749231338501,4.228224754333496,5.0
75.9468047618866,1.488203010177374,0.11902309997690591,0.13999999999999999,0.03917376996866384,UNKNOWN,4.562432289123535,4.211475849151611,5.0
75.94787645339966,1.4882456711677121,0.12256476008733971,0.13999999999999999,0.03917376996866384,UNKNOWN,3.846494436264038,4.8950934410095215,5.0
75.97215533256531,1.4882830137126721,0.1260786546264729,0.13999999999999999,0.03917376996866384,UNKNOWN,5.244266510009766,4.195413589477539,5.0
75.97321629524231,1.4882965203489746,0.1281871995187039,0.13999999999999999,0.03917376996866384,UNKNOWN,4.206108093261719,4.205725193023682,5.0
75.9741575717926,1.4883113065812064,0.13049587838733007,0.13999999999999999,0.03917376996866384,UNKNOWN,3.845097303390503,5.242838382720947,5.0
75.97521352767944,1.4883475352997728,0.13403257136337127,0.13999999999999999,0.03917376996866384,UNKNOWN,4.907573223114014,4.557032108306885,5.0
75.98807764053345,1.4883683963007506,0.1363957885727543,0.25000000000000006,0.000593585817127984,UNKNOWN,5.034422874450684,4.361265659332275,5.0
76.00268244743347,1.4883837859098723,0.1385953187429383,0.25000000000000006,0.000593585817127984,UNKNOWN,5.034422874450684,4.361265659332275,5.0
76.00372505187988,1.4884154476833384,0.1421225971566964,0.25000000000000006,0.000593585817127984,UNKNOWN,4.023743629455566,4.754429817199707,5.0
76.0133364200592,1.4884261164134984,0.14454837848739147,0.25000000000000006,0.000593585817127984,UNKNOWN,4.909361362457275,4.908914089202881,5.0
76.02159190177917,1.4884292518661595,0.1470572399633733,0.25000000000000006,0.000593585817127984,UNKNOWN,4.195413589477539,4.894649028778076,5.0
76.04175472259521,1.4884340893983912,0.15093186688264568,0.26000000000000006,-0.014577614923572124,UNKNOWN,4.907126426696777,5.2571563720703125,5.0
76.07463526725769,1.4884409774649796,0.1534915108751313,0.26000000000000006,-0.014577614923572124,UNKNOWN,5.243314743041992,4.544206142425537,5.0
76.07565259933472,1.4884434409082516,0.1569395251979807,0.26000000000000006,-0.014577614923572124,UNKNOWN,5.249510288238525,4.5495758056640625,5.0
76.07788896560669,1.4884382936955378,0.15958168375399853,0.26000000000000006,-0.014577614923572124,UNKNOWN,4.902216911315918,5.60253381729126,5.0
76.08524322509766,1.4884381769739772,0.16224388955334396,0.26000000000000006,-0.014577614923572124,UNKNOWN,4.902216911315918,5.60253381729126,5.0
76.1122350692749,1.4884451636733282,0.16597299322378614,0.2700000000000001,-0.021105078986091375,UNKNOWN,4.907126426696777,5.607633590698242,5.0
76.122567653656,1.488438974160187,0.16866767982370406,0.2700000000000001,-0.021105078986091375,UNKNOWN,5.582731246948242,4.535969257354736,5.0
76.13906502723694,1.4884324883135767,0.17149137912777143,0.2700000000000001,-0.021105078986091375,UNKNOWN,4.8950934410095215,5.594392776489258,5.0
76.14017581939697,1.488431491528328,0.17529846435983581,0.2700000000000001,-0.021105078986091375,UNKNOWN,5.608144283294678,5.2571563720703125,5.0
76.14109921455383,1.4884270261410235,0.1781044756225144,0.2700000000000001,-0.021105078986091375,UNKNOWN,5.59134578704834,5.590838432312012,5.0
76.15309476852417,1.4884226770457556,0.18083504829645297,0.2700000000000001,-0.021105078986091375,UNKNOWN,4.909361362457275,5.610187530517578,5.0
76.17523050308228,1.4884242086374284,0.18493126153853415,0.2800000000000001,-0.017937489086375713,UNKNOWN,5.958653450012207,5.244266510009766,5.0
76.17649149894714,1.488417258680845,0.18776802434094558,0.2900000000000001,-0.022504302444979807,UNKNOWN,5.381377220153809,5.257635116577148,5.0
76.17747378349304,1.4884130373982771,0.1907962586954722,0.2900000000000001,-0.022504302444979807,UNKNOWN,4.901325225830078,5.765185832977295,5.0
76.21400880813599,1.4884217186021642,0.1988841559532451,0.2900000000000001,-0.022504302444979807,UNKNOWN,5.608654975891113,5.951609134674072,5.0
76.24563121795654,1.4884057744563235,0.20306580311668573,0.3,-0.025422730513477543,UNKNOWN,5.244266510009766,5.593884468078613,5.0
76.25609755516052,1.4883957977202504,0.2073029813991073,0.3,-0.025422730513477543,UNKNOWN,5.244266510009766,5.593884468078613,5.0
76.25721859931946,1.4883761632321366,0.21031005649946283,0.3,-0.025422730513477543,UNKNOWN,6.38178825378418,5.315709114074707,5.0
76.278067111969,1.488353481787918,0.21444969348066145,0.3,-0.025422730513477543,UNKNOWN,5.704253673553467,6.08513879776001,5.0
76.28182435035706,1.488345235675671,0.21752901609644035,0.3,-0.025422730513477543,UNKNOWN,6.659671306610107,5.608144283294678,5.0
76.30396366119385,1.4883214816549883,0.22182342376824848,0.3,-0.028983367503325752,UNKNOWN,4.902216911315918,6.302850246429443,5.0
76.31571173667908,1.4883223701566601,0.22508980700068662,0.3,-0.028983367503325752,UNKNOWN,4.902216911315918,6.302850246429443,5.0
76.31669521331787,1.4883104952923272,0.22939798606463435,0.3,-0.028983367503325752,UNKNOWN,6.659064769744873,5.607122898101807,5.0
76.34093880653381,1.4882933495865838,0.2335909124599682,0.3,-0.028983367503325752,UNKNOWN,6.289693355560303,5.939726829528809,5.0
76.34203767776489,1.4882896079272674,0.23656971923223724,0.3,-0.023831321780532377,UNKNOWN,5.2605085372924805,5.961909770965576,5.0
76.37237977981567,1.488284083245255,0.24096802458331673,0.3,-0.023831321780532377,UNKNOWN,5.616837024688721,6.318366050720215,5.0
76.37953972816467,1.48828905002825,0.24419579264629732,0.3,-0.023831321780532377,UNKNOWN,5.616837024688721,5.592868804931641,5.0
76.38058376312256,1.4882962585453958,0.2486681635030666,0.3,-0.023831321780532377,UNKNOWN,5.959196090698242,5.959196090698242,5.0
76.41267156600952,1.4883038667842161,0.25338853315499343,0.3,-0.015532922850549191,UNKNOWN,5.592868804931641,6.991086006164551,5.0
76.42672038078308,1.4883358461709222,0.25778007717349805,0.3,-0.015532922850549191,UNKNOWN,5.592868804931641,6.991086006164551,5.0
76.42791795730591,1.4883491166379141,0.26073619679813637,0.3,-0.009800737766768819,UNKNOWN,6.302850246429443,5.60253381729126,5.0
76.45023488998413,1.4883815810087107,0.265129069655268,0.3,-0.009800737766768819,UNKNOWN,5.945121765136719,5.946202278137207,5.0
76.4512722492218,1.488405410867573,0.26835169320681623,0.3,-0.009800737766768819,UNKNOWN,6.659064769744873,5.957568168640137,5.0
76.46762824058533,1.4884219861215235,0.2713889402346763,0.3,-0.009800737766768819,UNKNOWN,5.244266510009766,6.29311990737915,5.0
76.47567296028137,1.4884583679971333,0.2756982978858,0.3,-0.001962107477678554,UNKNOWN,5.958653450012207,6.29311990737915,5.0
76.4994854927063,1.4884891882781708,0.2800833252142628,0.3,-0.001962107477678554,UNKNOWN,6.642737865447998,5.942962646484375,5.0
76.50055360794067,1.4885226057356038,0.28405927806068476,0.3,-0.001962107477678554,UNKNOWN,5.607633590698242,6.658458709716797,5.0
76.50846648216248,1.48854840828312,0.28712993424920213,0.3,-0.001962107477678554,UNKNOWN,6.3103108406066895,5.6066131591796875,5.0
76.53066945075989,1.4885678753043723,0.2901515836273052,0.3,-0.001962107477678554,UNKNOWN,6.3103108406066895,5.6066131591796875,5.0
76.53182029724121,1.4885983641958749,0.2942520657705354,0.3,-0.005998047341716273,UNKNOWN,5.595917224884033,5.946742057800293,5.0
76.56020069122314,1.4886265812967578,0.29746626636107526,0.3,-0.005998047341716273,UNKNOWN,6.641531944274902,5.939187526702881,5.0
76.57558417320251,1.488646425075063,0.30036790928186646,0.3,-0.005998047341716273,UNKNOWN,5.608654975891113,5.961909770965576,5.0
76.58347058296204,1.488678817352901,0.3045225788903967,0.3,-0.005998047341716273,UNKNOWN,5.608654975891113,5.961909770965576,5.0
76.58470964431763,1.4887038251517513,0.3077309442349267,0.3,-0.003334988244361181,UNKNOWN,5.585261821746826,5.584755897521973,5.0
76.61312699317932,1.4887307882235028,0.3123262965484535,0.3,-0.003334988244361181,UNKNOWN,5.593884468078613,6.642737865447998,5.0
76.62364935874939,1.4887549603982313,0.31644758151213537,0.3,-0.003334988244361181,UNKNOWN,5.608144283294678,5.607633590698242,5.0
76.64425539970398,1.4887612854497647,0.3195418565962103,0.3,-0.0149133882383099,UNKNOWN,5.607633590698242,6.658458709716797,5.0
76.64535427093506,1.4887755986805353,0.32245701807751864,0.3,-0.0149133882383099,UNKNOWN,5.594392776489258,5.943502426147461,5.0
76.64628744125366,1.4888030179337006,0.32713324319072457,0.3,-0.0149133882383099,UNKNOWN,6.657853126525879,5.956484317779541,5.0
76.67444324493408,1.4888166969293655,0.33161433815607577,0.3,-0.0149133882383099,UNKNOWN,5.594901084899902,6.2942633628845215,5.0
76.68520522117615,1.488844484846821,0.3363222913993056,0.3,-0.007338053080134799,UNKNOWN,6.642737865447998,5.942962646484375,5.0
76.70221018791199,1.4888584988274642,0.340883653379508,0.3,-0.007338053080134799,UNKNOWN,6.642737865447998,5.942962646484375,5.0
76.71558666229248,1.4888760477381229,0.34373622805290627,0.3,-0.007338053080134799,UNKNOWN,5.764035224914551,6.531920909881592,5.0
76.73703813552856,1.4888943363390634,0.34670835962592206,0.3,-0.007338053080134799,UNKNOWN,6.29311990737915,5.594392776489258,5.0
76.73808813095093,1.488913085332867,0.35110472113691626,0.3,-0.007338053080134799,UNKNOWN,5.958653450012207,5.958110809326172,5.0
76.74528551101685,1.4889259023536545,0.3541116487898786,0.3,-0.007338053080134799,UNKNOWN,5.958653450012207,5.958110809326172,5.0
76.76529932022095,1.4889440222928187,0.3570468631390206,0.3,-0.010729205903693195,UNKNOWN,5.960824012756348,5.610187530517578,5.0
76.7663152217865,1.4889669959680272,0.3614549871067833,0.3,-0.010729205903693195,UNKNOWN,5.942423343658447,5.610187530517578,5.0
76.76734900474548,1.4889873529179403,0.3645144924770304,0.3,-0.006073126017506425,UNKNOWN,5.608654975891113,5.942423343658447,5.0
76.79159998893738,1.4890136501331286,0.36917272690689135,0.3,-0.006073126017506425,UNKNOWN,6.309162139892578,6.660277843475342,5.0
76.79264497756958,1.489040255705954,0.3729687787039661,0.3,-0.006073126017506425,UNKNOWN,5.2447428703308105,5.945121765136719,5.0
76.80727195739746,1.4890704203044507,0.3766836978353558,0.3,-0.006073126017506425,UNKNOWN,5.2447428703308105,5.945121765136719,5.0
76.82856154441833,1.4891345831192044,0.3853030631595806,0.3,-0.005989358387412658,UNKNOWN,6.6627044677734375,5.957568168640137,5.0
76.8677191734314,1.489202372291826,0.39283874993087986,0.3,-0.005989358387412658,UNKNOWN,6.29311990737915,5.957568168640137,5.0
76.86896276473999,1.489230850879189,0.39566314713310907,0.3,-0.0023468797868462232,UNKNOWN,5.616837024688721,5.616325378417969,5.0
76.88246607780457,1.4892696307667919,0.3995097184711091,0.3,-0.0023468797868462232,UNKNOWN,6.642737865447998,5.942962646484375,5.0
76.93442177772522,1.4893875928106008,0.41284319621689514,0.3,0.003418309651335605,UNKNOWN,5.252852916717529,6.647567272186279,5.0
76.95963144302368,1.489430940719233,0.41775371983967446,0.3,0.003418309651335605,UNKNOWN,5.608144283294678,6.305717468261719,5.0
76.96073889732361,1.4894526730631883,0.4214449101909265,0.3,0.003418309651335605,UNKNOWN,6.641531944274902,5.944581985473633,5.0
76.98438262939453,1.4894735483505348,0.4243863623099772,0.3,0.003418309651335605,UNKNOWN,5.594392776489258,5.593884468078613,5.0
76.9924910068512,1.4895051604980738,0.4288416088977301,0.3,-0.005364003238897297,UNKNOWN,6.659671306610107,5.958110809326172,5.0
77.02820634841919,1.4895477311985281,0.4365333613156028,0.3,-0.005364003238897297,UNKNOWN,5.942962646484375,5.958110809326172,5.0
77.03690195083618,1.48954699093015,0.4396789983120039,0.3,-0.02012700609913809,UNKNOWN,6.534529685974121,4.996993064880371,5.0
77.06359791755676,1.4895500318018517,0.44380897151171195,0.3,-0.02012700609913809,UNKNOWN,5.640496253967285,6.336275100708008,5.0
77.06469678878784,1.4895601291922298,0.44684112157336975,0.3,-0.02012700609913809,UNKNOWN,6.122637748718262,5.742826461791992,5.0
77.06562924385071,1.4895700248254287,0.45117976412144306,0.3,-0.02012700609913809,UNKNOWN,5.944042205810547,5.598968505859375,5.0
77.11295485496521,1.4895743993093553,0.45615856396367527,0.3,-0.018131066846091226,UNKNOWN,6.292548656463623,5.598968505859375,5.0
77.11407089233398,1.4895715950716453,0.4604123597695031,0.3,-0.018131066846091226,UNKNOWN,6.307439804077148,5.942962646484375,5.0
77.11501479148865,1.4895697202124152,0.4632473647145365,0.3,-0.018131066846091226,UNKNOWN,5.237133026123047,6.306865692138672,5.0
77.12043809890747,1.4895734190869259,0.46619650908005006,0.3,-0.018131066846091226,UNKNOWN,6.318366050720215,5.265784740447998,5.0
77.12742376327515,1.4895680738791703,0.46945029318953746,0.3,-0.023456147700604557,UNKNOWN,6.29311990737915,6.291977405548096,5.0
77.15129065513611,1.489563151465659,0.4724408966665495,0.3,-0.023456147700604557,UNKNOWN,6.29311990737915,6.291977405548096,5.0
77.15234327316284,1.4895641892008744,0.47649679507415815,0.3,-0.023456147700604557,UNKNOWN,5.608144283294678,6.309162139892578,5.0
77.15857076644897,1.4895653848336734,0.481206467257449,0.3,-0.023456147700604557,UNKNOWN,6.309736728668213,6.306865692138672,5.0
77.18329787254333,1.489566092437985,0.48412705825855207,0.3,-0.0199989801121343,UNKNOWN,5.244266510009766,5.946742057800293,5.0
77.1843330860138,1.4895761543347916,0.4886508303609856,0.3,-0.0199989801121343,UNKNOWN,6.158138275146484,5.772100448608398,5.0
77.20717430114746,1.4896044717332797,0.4958076368040951,0.3,-0.0199989801121343,UNKNOWN,6.309736728668213,5.385140895843506,5.0
77.22616052627563,1.489616361563871,0.4988807754813439,0.3,-0.0199989801121343,UNKNOWN,6.309736728668213,5.385140895843506,5.0
77.22742533683777,1.4896210156549825,0.5034314719510075,0.3,-0.012965648856921863,UNKNOWN,6.66513204574585,5.613254547119141,5.0
77.22835516929626,1.4896357872194854,0.5062530580639689,0.3,-0.012965648856921863,UNKNOWN,5.593884468078613,6.641531944274902,5.0
77.26450800895691,1.4896870040368233,0.5137437785108998,0.3,-0.012965648856921863,UNKNOWN,5.608144283294678,5.616837024688721,5.0
77.28515625,1.4897122813927979,0.5166651441289688,0.3,-0.005527104983951148,UNKNOWN,5.608144283294678,5.958653450012207,5.0
77.30037117004395,1.4897572234095615,0.5213418599890085,0.3,-0.005527104983951148,UNKNOWN,6.642737865447998,6.291977405548096,5.0
77.30141282081604,1.489806584221404,0.5253164645165156,0.3,-0.005527104983951148,UNKNOWN,5.957568168640137,6.658458709716797,5.0
77.32655501365662,1.4898493365344354,0.5287616627458331,0.3,-0.005527104983951148,UNKNOWN,6.513070583343506,5.747398853302002,5.0
77.3523120880127,1.4898887425843808,0.5326699148183053,0.3,0.003901621263563193,UNKNOWN,5.60355281829834,5.953233242034912,5.0
77.35330557823181,1.4899222373455356,0.5356180294035269,0.3,0.003901621263563193,UNKNOWN,5.958653450012207,5.607633590698242,5.0
77.35417318344116,1.4899798769019021,0.540294298757594,0.3,0.003901621263563193,UNKNOWN,6.29311990737915,6.292548656463623,5.0
77.37136936187744,1.4900315071564656,0.5444838164603384,0.3,0.003901621263563193,UNKNOWN,6.29311990737915,6.292548656463623,5.0
77.38940262794495,1.4900897014314962,0.549206759761739,0.3,0.0037652031185486656,UNKNOWN,6.307439804077148,6.306865692138672,5.0
77.39051342010498,1.490127904451168,0.5523078335145526,0.3,0.0037652031185486656,UNKNOWN,5.594901084899902,5.594901084899902,5.0
77.42797231674194,1.4902300000394166,0.5611076971949356,0.3,0.0038041116036477973,UNKNOWN,5.958653450012207,5.594901084899902,5.0
77.45337271690369,1.490280409736939,0.565695224779873,0.3,0.0038041116036477973,UNKNOWN,6.151373386383057,5.382452011108398,5.0
77.4544324874878,1.490313213263746,0.5699656230670538,0.3,0.0038041116036477973,UNKNOWN,5.952150344848633,6.302277088165283,5.0
77.47235894203186,1.49033938155556,0.5728729584245632,0.3,-0.002829198265683619,UNKNOWN,5.608144283294678,5.958653450012207,5.0
77.47756361961365,1.4903684143176106,0.575789841707009,0.3,-0.002829198265683619,UNKNOWN,5.943502426147461,5.593376636505127,5.0
77.49450254440308,1.4904113573085203,0.580563292791972,0.3,-0.002829198265683619,UNKNOWN,5.943502426147461,5.593376636505127,5.0
77.5116195678711,1.4904484634195052,0.5846890060285442,0.3,-0.002829198265683619,UNKNOWN,5.941883563995361,6.291406154632568,5.0
77.53974771499634,1.4904830899503916,0.5892723124945215,0.3,-0.005760264445214158,UNKNOWN,6.29311990737915,6.289693355560303,5.0
77.5407943725586,1.4905178032659283,0.5938753279113494,0.3,-0.005760264445214158,UNKNOWN,5.958653450012207,6.311460971832275,5.0
77.56258344650269,1.490560406327844,0.5986235605781849,0.3,-0.005760264445214158,UNKNOWN,6.308588027954102,5.957568168640137,5.0
77.5638062953949,1.490591615821278,0.6027830110987269,0.3,-0.005937811926850056,UNKNOWN,5.547537803649902,5.914532661437988,5.0
77.58430314064026,1.4906189969872654,0.6058446940991443,0.3,-0.005937811926850056,UNKNOWN,5.809115409851074,6.170438766479492,5.0
77.6115083694458,1.4906631283982599,0.6102837445362539,0.3,-0.005937811926850056,UNKNOWN,5.971156597137451,6.324131965637207,5.0
77.62362265586853,1.4906981761378022,0.6144605799666388,0.3,-0.005937811926850056,UNKNOWN,5.971156597137451,6.324131965637207,5.0
77.62480211257935,1.4907352617933407,0.6188813647626438,0.3,-0.004230026381983443,UNKNOWN,5.59134578704834,5.590838432312012,5.0
77.64135885238647,1.4907596179702163,0.6232500175961649,0.3,-0.004230026381983443,UNKNOWN,6.31203556060791,5.610187530517578,5.0
77.64239859580994,1.4907759674632888,0.6261836808640493,0.3,-0.004230026381983443,UNKNOWN,5.942962646484375,6.991720676422119,5.0
77.66072964668274,1.4907917957264907,0.6305934606352891,0.3,-0.004230026381983443,UNKNOWN,5.934340953826904,5.235708713531494,5.0
77.66192054748535,1.490802241690871,0.6335037232350464,0.3,-0.013932600435752285,UNKNOWN,6.318366050720215,6.318366050720215,5.0
77.68066883087158,1.4908266149588665,0.6377884051914119,0.3,-0.013932600435752285,UNKNOWN,5.945662021636963,5.595917224884033,5.0
77.70314240455627,1.490840027966031,0.6409188147523678,0.3,-0.013932600435752285,UNKNOWN,5.945662021636963,5.595917224884033,5.0
77.70414900779724,1.4908499367022023,0.643905352760551,0.3,-0.013932600435752285,UNKNOWN,5.594392776489258,5.941344261169434,5.0
77.73600029945374,1.4908674226151204,0.6479823801665424,0.3,-0.01279775216215251,UNKNOWN,5.961367130279541,5.25955057144165,5.0
77.74121928215027,1.4908726165558335,0.6513724841739413,0.3,-0.01279775216215251,UNKNOWN,5.608144283294678,5.958110809326172,5.0
77.75747632980347,1.490883075482167,0.6543958368753905,0.3,-0.01279775216215251,UNKNOWN,5.608144283294678,5.958110809326172,5.0
77.75880002975464,1.4909044278563335,0.6591958853245385,0.3,-0.01274734751966422,UNKNOWN,5.940265655517578,5.241411209106445,5.0
77.77643060684204,1.4909235817574138,0.6635062931998731,0.3,-0.01274734751966422,UNKNOWN,5.584755897521973,6.283419609069824,5.0
77.77749276161194,1.4909457048291703,0.6665845071938319,0.3,-0.01274734751966422,UNKNOWN,5.967345714569092,5.964626789093018,5.0
77.8024890422821,1.490971205929406,0.6701364895683148,0.3,-0.01274734751966422,UNKNOWN,6.293691635131836,5.964626789093018,5.0
77.8185031414032,1.4909975922510303,0.673808203781547,0.3,-0.01274734751966422,YELLOW,5.608144283294678,5.607633590698242,5.0
77.81959891319275,1.4910183610798016,0.6766989587070663,0.12,-0.0029691134794360254,YELLOW,5.943502426147461,5.593376636505127,5.0
77.83350992202759,1.4910484286349228,0.6815205123477242,0.12,-0.0029691134794360254,YELLOW,6.309162139892578,6.659064769744873,5.0
77.83697867393494,1.4910706912820857,0.6844334888555111,0.12,-0.0029691134794360254,YELLOW,5.592868804931641,5.939726829528809,5.0
77.85575604438782,1.4910907104820692,0.6867640616530427,0.12,-0.0029691134794360254,YELLOW,4.557861804962158,4.558277130126953,5.0
77.856853723526,1.4910993374235122,0.6882540130289483,0.12,-0.0041319202249374245,YELLOW,3.496177911758423,2.7969422340393066,5.0
77.90026497840881,1.4911111394758287,0.6920472009738082,0.12,-0.0041319202249374245,YELLOW,2.8212814331054688,2.4533398151397705,5.0
77.915194272995,1.49112663755492,0.6948098168710304,0.12,-0.0041319202249374245,YELLOW,3.8555991649627686,3.5047709941864014,5.0
77.9363317489624,1.4911355319071111,0.6975324133311177,0.12,-0.0054667727027331026,YELLOW,3.8555991649627686,3.5047709941864014,5.0
77.93730425834656,1.4911383206995823,0.6996123978320613,0.12,-0.0054667727027331026,YELLOW,2.7964344024658203,2.7964344024658203,5.0
77.95964932441711,1.4911400112217301,0.7008732517329527,0.12,-0.0054667727027331026,YELLOW,2.103245735168457,2.8043274879455566,5.0
77.966468334198,1.4911419857021886,0.70234664019604,0.12,-0.007797231864740618,YELLOW,2.100950241088867,2.100950241088867,5.0
77.97850966453552,1.4911436355158216,0.7035777571527644,0.12,-0.007797231864740618,YELLOW,2.100950241088867,2.100950241088867,5.0
78.0074532032013,1.4911461004806013,0.7054179849124342,0.12,-0.007797231864740618,YELLOW,2.4533398151397705,2.4531164169311523,5.0
78.02358937263489,1.491148621181102,0.70730109200549,0.12,-0.007797231864740618,YELLOW,2.6909573078155518,2.306304454803467,5.0
78.02483057975769,1.491148360220145,0.7084435505336265,0.12,-0.009115268931166653,YELLOW,2.4573662281036377,2.1061220169067383,5.0
78.04356813430786,1.4911474067970114,0.7092521873724795,0.12,-0.009115268931166653,YELLOW,0.7010180354118347,1.7523854970932007,5.0
78.0449526309967,1.4911436817564652,0.7109841353076547,0.12,-0.009115268931166653,YELLOW,2.0973258018493652,2.4468801021575928,5.0
78.07359647750854,1.4911427051624249,0.7123586808574617,0.12,-0.009115268931166653,YELLOW,2.103245735168457,1.7527047395706177,5.0
78.07482123374939,1.4911407144742923,0.7133243812726772,0.12,-0.010645005335944547,YELLOW,1.7480889558792114,2.0975160598754883,5.0
78.08870840072632,1.4911395241917258,0.7143940406226904,0.12,-0.010645005335944547,YELLOW,2.0996131896972656,2.0975160598754883,5.0
78.08981108665466,1.4911376385111212,0.7160886263846621,0.12,-0.010645005335944547,YELLOW,2.451108455657959,2.0996131896972656,5.0
78.12527298927307,1.4911325346033197,0.718112386906592,0.12,-0.010645005335944547,YELLOW,2.6677823066711426,2.667518138885498,5.0
78.12671637535095,1.4911287088359508,0.7196286981423332,0.12,-0.01109094675344018,YELLOW,2.797196388244629,3.1477034091949463,5.0
78.14452505111694,1.4911238584287616,0.7212943162505461,0.12,-0.01109094675344018,YELLOW,2.797196388244629,3.1477034091949463,5.0
78.1594455242157,1.4911202454346373,0.7225346605210609,0.12,-0.01109094675344018,YELLOW,2.4468801021575928,2.447324514389038,5.0
78.1613392829895,1.491114902309169,0.7243697275774998,0.12,-0.009226630695131277,YELLOW,2.103245735168457,2.804072141647339,5.0
78.17085480690002,1.4911147639098055,0.7261336010016434,0.12,-0.009226630695131277,YELLOW,2.447324514389038,2.447324514389038,5.0
78.18991875648499,1.491112182639219,0.7278021356007158,0.12,-0.009226630695131277,YELLOW,1.9221123456954956,2.6906886100769043,5.0
78.19103860855103,1.4911141206796543,0.729130952653479,0.12,-0.009226630695131277,YELLOW,2.80126690864563,2.451331377029419,5.0
78.20818281173706,1.491115131698581,0.7311472941729771,0.12,-0.009226630695131277,YELLOW,2.6909573078155518,2.690419912338257,5.0
78.22759318351746,1.4911159161626428,0.7327186241722232,0.12,-0.008820136118126954,YELLOW,2.0978972911834717,2.0977067947387695,5.0
78.24299240112305,1.4911167696936756,0.73443094502115,0.12,-0.008820136118126954,YELLOW,2.1030540466308594,2.4535632133483887,5.0
78.26241755485535,1.4911198144870739,0.7360147662925766,0.12,-0.008820136118126954,YELLOW,2.1030540466308594,2.1030540466308594,5.0
78.2652587890625,1.4911238015665638,0.7380887399520852,0.12,-0.007760438475724385,YELLOW,2.7969422340393066,2.7964344024658203,5.0
78.29464268684387,1.4911275626562746,0.7400472335480581,0.12,-0.007760438475724385,YELLOW,2.4535632133483887,2.803816795349121,5.0
78.31122636795044,1.4911313803026651,0.7411933370994983,0.12,-0.007760438475724385,YELLOW,2.0973258018493652,2.447324514389038,5.0
78.31433343887329,1.4911362915478967,0.7423394273367101,0.12,-0.007760438475724385,YELLOW,2.4497716426849365,2.0994224548339844,5.0
78.33001470565796,1.4911401250299097,0.7434902828127411,0.12,-0.006693823472617844,YELLOW,2.100950241088867,2.451331377029419,5.0
78.34519505500793,1.4911524588806462,0.7463677853911471,0.12,-0.006693823472617844,YELLOW,2.100950241088867,2.451331377029419,5.0
78.35067963600159,1.4911614077080795,0.7484544961739638,0.12,-0.006693823472617844,YELLOW,2.7969422340393066,2.7964344024658203,5.0
78.36938118934631,1.491167514674204,0.7498792148298358,0.12,-0.005978882095377714,YELLOW,2.7969422340393066,2.7964344024658203,5.0
78.38915705680847,1.4911748021297717,0.7515813059937345,0.12,-0.005978882095377714,YELLOW,2.2814760208129883,2.2817015647888184,5.0
78.39010405540466,1.4911793078070956,0.7526334489075815,0.12,-0.005978882095377714,YELLOW,2.0939037799835205,2.0940935611724854,5.0
78.41171479225159,1.4911872118061917,0.7544789285495653,0.12,-0.005978882095377714,YELLOW,2.106506109237671,2.8084185123443604,5.0
78.42694020271301,1.4911953533013702,0.7556204269825727,0.12,-0.0037506085908615818,YELLOW,2.4475467205047607,2.0977067947387695,5.0
78.42799663543701,1.4912072857852865,0.7575505020816178,0.12,-0.0037506085908615818,YELLOW,2.1030540466308594,2.102862596511841,5.0
78.45022511482239,1.491218753863794,0.7594057443593488,0.12,-0.0037506085908615818,YELLOW,2.447324514389038,2.4471020698547363,5.0
78.54686975479126,1.4912270466681437,0.7611179455671806,0.12,-0.0037506085908615818,YELLOW,2.0977067947387695,2.4471020698547363,5.0
78.54796695709229,1.491234944446981,0.7623782728494433,0.12,-0.0037506085908615818,YELLOW,2.4535632133483887,2.4533398151397705,5.0
78.55397176742554,1.4912458284673171,0.7641153164104593,0.12,-0.0037506085908615818,YELLOW,2.447324514389038,2.0977067947387695,5.0
78.57379865646362,1.491257389820814,0.7656149198810818,0.12,-0.005610520629357296,YELLOW,2.1030540466308594,2.4533398151397705,5.0
78.57494783401489,1.4912671094681718,0.7668756387852387,0.12,-0.0033557206654871055,YELLOW,2.0973258018493652,2.0973258018493652,5.0
78.58861494064331,1.4912833359028481,0.7687283681813587,0.12,-0.0033557206654871055,YELLOW,2.306765079498291,2.691226005554199,5.0
78.5896224975586,1.491291070569042,0.7700401064769384,0.12,-0.0033557206654871055,YELLOW,2.8081626892089844,2.1061220169067383,5.0
78.59211134910583,1.4913020985010412,0.7716520680975967,0.12,-0.0033557206654871055,YELLOW,2.447324514389038,1.7479301691055298,5.0
78.59315347671509,1.4913091281380282,0.7734380746169507,0.12,-0.006404367673709999,YELLOW,2.4533398151397705,2.4531164169311523,5.0
78.59397912025452,1.4913136099819535,0.7745770225916951,0.12,-0.006404367673709999,YELLOW,2.0978972911834717,2.447324514389038,5.0
78.59479451179504,1.4913219636913522,0.7762882544866762,0.12,-0.006404367673709999,YELLOW,2.4535632133483887,2.102862596511841,5.0
78.61760020256042,1.491326207678196,0.7775156377830974,0.12,-0.006404367673709999,YELLOW,2.447324514389038,2.447324514389038,5.0
78.61863684654236,1.49133075659048,0.7788312071192299,0.12,-0.006837755150685788,YELLOW,2.447324514389038,2.803816795349121,5.0
78.63998603820801,1.4913394000571185,0.7807932745022309,0.12,-0.006837755150685788,YELLOW,2.7969422340393066,2.447324514389038,5.0
78.64109992980957,1.4913427190886355,0.7819028918378368,0.12,-0.006837755150685788,YELLOW,2.2160346508026123,2.2151846885681152,5.0
78.66445016860962,1.491348122770802,0.7837108395634792,0.12,-0.006837755150685788,YELLOW,2.1872878074645996,2.5515942573547363,5.0
78.66565322875977,1.491351831675326,0.7849506490217997,0.12,-0.007269327351325039,YELLOW,2.4477691650390625,2.4484362602233887,5.0
78.6844174861908,1.4913550924284396,0.7866138965106683,0.12,-0.007269327351325039,YELLOW,2.4533398151397705,2.102862596511841,5.0
78.73615956306458,1.491373051741004,0.7919865133897867,0.12,-0.0070385277976427576,YELLOW,2.6906886100769043,2.102862596511841,5.0
78.7372510433197,1.4913772507930376,0.7932433757899221,0.12,-0.0070385277976427576,YELLOW,2.0973258018493652,2.4468801021575928,5.0
78.77923202514648,1.491387585731012,0.7965213301388352,0.12,-0.0070385277976427576,YELLOW,2.1034369468688965,2.103628635406494,5.0
78.78555607795715,1.49138951118585,0.7977580501360418,0.12,-0.008530183773569178,YELLOW,2.102479934692383,2.1022884845733643,5.0
78.81031155586243,1.4913927725851557,0.7998520313460763,0.12,-0.008530183773569178,YELLOW,2.803816795349121,2.803816795349121,5.0
78.81128525733948,1.491394681495334,0.801077647000637,0.12,-0.008530183773569178,YELLOW,2.4475467205047607,2.447324514389038,5.0
78.81215739250183,1.4913964592155926,0.802219473134309,0.12,-0.008530183773569178,YELLOW,2.1030540466308594,2.4533398151397705,5.0
78.82838296890259,1.4914007637592193,0.8039372365299263,0.12,-0.008530183773569178,YELLOW,2.306304454803467,2.3060741424560547,5.0
78.82948637008667,1.4914050277667066,0.8056394535434588,0.12,-0.007858677479610776,YELLOW,2.0977067947387695,2.0977067947387695,5.0
78.85672187805176,1.4914062820954046,0.8067926135859483,0.12,-0.007858677479610776,YELLOW,2.4573662281036377,2.1059300899505615,5.0
78.87639307975769,1.4914090105176465,0.8081260616414474,0.12,-0.007858677479610776,YELLOW,2.4535632133483887,2.803816795349121,5.0
78.87766456604004,1.4914145020913394,0.8099526051047313,0.12,-0.007527855122842553,YELLOW,2.7969422340393066,2.0977067947387695,5.0
78.89664721488953,1.4914148154047435,0.8116407075382576,0.12,-0.007527855122842553,YELLOW,2.1030540466308594,2.0977067947387695,5.0
78.92340564727783,1.4914166819978205,0.8128156968320127,0.12,-0.007527855122842553,YELLOW,2.0973258018493652,2.4468801021575928,5.0
78.92459011077881,1.4914207379868838,0.814396528024437,0.12,-0.007939348790486989,YELLOW,2.4533398151397705,2.452223539352417,5.0
78.92552614212036,1.491424453535957,0.8158442342620562,0.12,-0.007939348790486989,YELLOW,2.0984690189361572,2.0986595153808594,5.0
78.94661116600037,1.491431658053265,0.8176501787177142,0.12,-0.007939348790486989,YELLOW,2.4475467205047607,2.447324514389038,5.0
78.96329188346863,1.4914399764164754,0.8197357924490868,0.12,-0.007939348790486989,YELLOW,2.7966883182525635,2.7969422340393066,5.0
78.96443247795105,1.4914445405217256,0.8208798298262945,0.12,-0.006874612598351249,YELLOW,2.1030540466308594,2.4533398151397705,5.0
78.98668622970581,1.4914500460059914,0.8219942277270021,0.12,-0.006874612598351249,YELLOW,2.1030540466308594,2.4533398151397705,5.0
78.99406480789185,1.4914553456239303,0.8233727357134366,0.12,-0.006874612598351249,YELLOW,2.306304454803467,1.921728491783142,5.0
79.00975322723389,1.4914635285611415,0.8250641225631522,0.12,-0.006874612598351249,YELLOW,2.450662612915039,2.8007571697235107,5.0
79.01095485687256,1.4914686395682206,0.8261205513171889,0.12,-0.006247347789032709,YELLOW,2.453786611557007,2.453786611557007,5.0
79.01188445091248,1.4914747638222723,0.8273864149673517,0.12,-0.006247347789032709,YELLOW,2.0977067947387695,2.0977067947387695,5.0
79.03131198883057,1.4914846368839245,0.829427407986662,0.12,-0.006247347789032709,YELLOW,2.4533398151397705,2.4531164169311523,5.0
79.05033755302429,1.491490339775949,0.8306065730073798,0.12,-0.006247347789032709,YELLOW,2.1070823669433594,2.4582629203796387,5.0
79.06845545768738,1.4915003796944917,0.8323325298442399,0.12,-0.006247347789032709,YELLOW,2.447324514389038,2.0975160598754883,5.0
79.09553647041321,1.4915082298731928,0.8341244791628387,0.12,-0.005515887446771117,YELLOW,2.4535632133483887,2.4533398151397705,5.0
79.13009262084961,1.4915162158283977,0.8359372179964887,0.12,-0.005515887446771117,YELLOW,2.1030540466308594,2.4535632133483887,5.0
79.14907789230347,1.4915266849454525,0.8377077450948126,0.12,-0.005515887446771117,YELLOW,2.80126690864563,2.451108455657959,5.0
79.15033459663391,1.4915409828151227,0.8396439432221753,0.12,-0.004327080079506373,YELLOW,2.4533398151397705,2.8035614490509033,5.0
79.16781997680664,1.4915584169901304,0.8416298056229927,0.12,-0.004327080079506373,YELLOW,2.797196388244629,2.447324514389038,5.0
79.17148995399475,1.4915709872602076,0.8433407974202721,0.12,-0.004327080079506373,YELLOW,2.0978972911834717,2.4475467205047607,5.0
79.17281651496887,1.4915814563700924,0.8445318456277101,0.12,-0.003236718802876837,YELLOW,2.1026711463928223,2.1019058227539062,5.0
79.1842839717865,1.491595416626455,0.8461204977439801,0.12,-0.003236718802876837,YELLOW,2.1026711463928223,2.1019058227539062,5.0
79.21121621131897,1.4916088797327123,0.8479235126172819,0.12,-0.003236718802876837,YELLOW,2.4531164169311523,2.4533398151397705,5.0
79.21228671073914,1.491623498610976,0.8498810788518356,0.12,-0.003236718802876837,YELLOW,2.4475467205047607,2.797196388244629,5.0
79.23225808143616,1.4916355258083702,0.85123566424127,0.12,-0.003236718802876837,YELLOW,2.803816795349121,2.4531164169311523,5.0
79.24738001823425,1.4916495283931142,0.8528127312907811,0.12,-0.003204168835766552,YELLOW,2.1030540466308594,2.4533398151397705,5.0
79.26632022857666,1.4916614374058295,0.853981454009392,0.12,-0.003204168835766552,YELLOW,2.1030540466308594,2.4533398151397705,5.0
79.26751732826233,1.4916707124637003,0.855128835373076,0.12,-0.003102682338183982,YELLOW,2.694185495376587,1.9244182109832764,5.0
79.26844573020935,1.4916864850515348,0.8568740966848976,0.12,-0.003102682338183982,YELLOW,2.0984690189361572,2.447991371154785,5.0
79.29148864746094,1.4917082644981778,0.8586619991655401,0.12,-0.003102682338183982,YELLOW,2.4571423530578613,2.1061220169067383,5.0
79.29249954223633,1.4917217677822603,0.8600897525061899,0.12,-0.003102682338183982,YELLOW,2.7969422340393066,2.7969422340393066,5.0
79.31474804878235,1.4917327621471461,0.8612522283230334,0.12,-0.003102682338183982,YELLOW,2.3053839206695557,2.3051538467407227,5.0
79.31590223312378,1.4917489248028286,0.8629611670895815,0.12,-0.0027877821419528106,YELLOW,2.1070823669433594,2.1070823669433594,5.0
79.33501529693604,1.4917598486172001,0.864116285899493,0.12,-0.0027877821419528106,YELLOW,2.447324514389038,2.4471020698547363,5.0
79.33824443817139,1.491771828650497,0.865266327221887,0.12,-0.0027877821419528106,YELLOW,2.096564531326294,2.445769786834717,5.0
79.35827231407166,1.4917863973011805,0.8665473100951867,0.12,-0.0027877821419528106,YELLOW,2.096564531326294,2.445769786834717,5.0
79.36187744140625,1.4918008898859527,0.867824433008898,0.12,-0.0027877821419528106,YELLOW,2.096564531326294,2.445769786834717,5.0
79.3773422241211,1.4918220765885903,0.8696914583759938,0.12,-0.0012972750659979938,YELLOW,2.694185495376587,2.4475467205047607,5.0
79.39930653572083,1.4918398228043992,0.8712554385370658,0.12,-0.0012972750659979938,YELLOW,2.1040120124816895,2.103820323944092,5.0
79.40032696723938,1.491857686329683,0.872829864118223,0.12,-0.0012972750659979938,YELLOW,2.447324514389038,2.4471020698547363,5.0
79.42005825042725,1.4918683137242865,0.8739145581979242,0.12,-0.0012972750659979938,YELLOW,2.306534767150879,1.9219204187393188,5.0
79.44687724113464,1.4918839799973718,0.8755135497006222,0.12,-0.0025476890618900683,YELLOW,2.1151859760284424,2.1122846603393555,5.0
79.44794464111328,1.491902157044271,0.8773710550007555,0.12,-0.0025476890618900683,YELLOW,2.670955181121826,2.2914340496063232,5.0
79.4725079536438,1.4919191764677702,0.8794340813556218,0.12,-0.0025476890618900683,YELLOW,2.7969422340393066,2.7964344024658203,5.0
79.49498438835144,1.4919287585847099,0.8805958723896471,0.12,-0.0038187522889330697,YELLOW,2.4535632133483887,2.1030540466308594,5.0
79.49599933624268,1.491940924653893,0.8822666976185592,0.12,-0.0038187522889330697,YELLOW,2.4495487213134766,2.4468801021575928,5.0
79.4969232082367,1.4919516827088646,0.883507616364914,0.12,-0.0038187522889330697,YELLOW,2.451108455657959,2.449326276779175,5.0
79.62626934051514,1.4919671658117595,0.8852936848452231,0.12,-0.0038187522889330697,YELLOW,2.451108455657959,2.1011412143707275,5.0
79.62746334075928,1.49197869270891,0.8868981534972159,0.12,-0.004706314703155457,YELLOW,2.4535632133483887,2.4531164169311523,5.0
79.65329360961914,1.4919945094114482,0.8887546997821935,0.12,-0.004706314703155457,YELLOW,2.0977067947387695,2.4475467205047607,5.0
79.66847920417786,1.4920056838792182,0.8900666273063167,0.12,-0.004706314703155457,YELLOW,2.797450542449951,2.447991371154785,5.0
79.67573356628418,1.4920187946093582,0.8917979636632531,0.12,-0.004706314703155457,YELLOW,2.797450542449951,2.447991371154785,5.0
79.68943309783936,1.4920281612511541,0.8930351801576554,0.12,-0.004706314703155457,YELLOW,2.797450542449951,2.447991371154785,5.0
79.69061779975891,1.4920399099510857,0.8945870368059259,0.12,-0.004426923962837926,YELLOW,2.447324514389038,2.4468801021575928,5.0
79.69184160232544,1.4921118616152054,0.9031914891728928,0.12,-0.0036849758100357733,YELLOW,2.1030540466308594,2.102862596511841,5.0
79.69291567802429,1.4921198402997418,0.9041599845055778,0.12,-0.0039827129706747405,YELLOW,2.447324514389038,2.447324514389038,5.0
79.69379496574402,1.4921304388109806,0.9053135255933065,0.12,-0.0039827129706747405,YELLOW,2.3093018531799316,2.308840274810791,5.0
79.70341873168945,1.492140461823296,0.9065312910785756,0.12,-0.0039827129706747405,YELLOW,2.102479934692383,2.102479934692383,5.0
79.83699655532837,1.4921547426123143,0.9082663634721317,0.12,-0.0039827129706747405,YELLOW,2.4471020698547363,2.795419216156006,5.0
79.8488564491272,1.49216803754562,0.9096692170223167,0.12,-0.0039827129706747405,YELLOW,2.104203462600708,2.8058602809906006,5.0
79.85256934165955,1.4921902009187293,0.9115725264909451,0.12,-0.0039827129706747405,YELLOW,2.7969422340393066,2.0977067947387695,5.0
79.90510153770447,1.4922112023339522,0.9131860622179436,0.12,-0.0030244255631108885,YELLOW,2.4468801021575928,2.0973258018493652,5.0
79.90620112419128,1.4922331502982573,0.9150661929576006,0.12,-0.0030244255631108885,YELLOW,2.103245735168457,2.453786611557007,5.0
79.95237064361572,1.492248453821905,0.9163741369999889,0.12,-0.001261984012588613,YELLOW,2.447324514389038,2.4468801021575928,5.0
80.02024865150452,1.4923040613128855,0.9213385768517162,0.12,-0.001261984012588613,YELLOW,2.447324514389038,2.4468801021575928,5.0
80.02158093452454,1.4923372539169464,0.9246396393785284,0.12,-0.002046154604338746,YELLOW,2.4531164169311523,2.4528932571411133,5.0
80.02264356613159,1.4923472705669445,0.9258958573022932,0.12,-0.0042849630056938535,YELLOW,2.4475467205047607,2.0978972911834717,5.0
80.02355456352234,1.4923607828478553,0.9275906040255795,0.12,-0.0042849630056938535,YELLOW,2.1030540466308594,2.4533398151397705,5.0
80.02446341514587,1.4923731684314478,0.9289107875134255,0.12,-0.0042849630056938535,YELLOW,2.447324514389038,2.7966883182525635,5.0
80.02535200119019,1.4923860097831512,0.9301535767638051,0.12,-0.0042849630056938535,YELLOW,2.803816795349121,2.1026711463928223,5.0
80.02869749069214,1.4923964824760911,0.9313984808030688,0.12,-0.0042849630056938535,YELLOW,2.4475467205047607,2.447324514389038,5.0
80.03433084487915,1.4924104406096423,0.9330578246924875,0.12,-0.0042849630056938535,YELLOW,2.102862596511841,2.447324514389038,5.0
80.07635378837585,1.4924690774889742,0.9393600629715103,0.12,-0.0028761938950752964,YELLOW,2.306534767150879,1.9219204187393188,5.0
80.07753324508667,1.4924870671613504,0.941056064706257,0.12,-0.0022509535793757253,YELLOW,3.042569398880005,2.2821521759033203,5.0
80.07852697372437,1.492498083691805,0.9424351461298329,0.12,-0.0022509535793757253,YELLOW,2.4431092739105225,2.4437737464904785,5.0
80.07945013046265,1.492538024668877,0.9468227509450243,0.12,-0.0022509535793757253,YELLOW,2.4528932571411133,2.452669858932495,5.0
80.08049082756042,1.4925572373212421,0.9485056965728407,0.12,-0.003610988256181358,YELLOW,2.797450542449951,2.4477691650390625,5.0
80.08151125907898,1.4925725004549693,0.9498427784334971,0.12,-0.002439063248920093,YELLOW,2.4535632133483887,2.1030540466308594,5.0
80.08240056037903,1.4925902039978642,0.9515366677388089,0.12,-0.002439063248920093,YELLOW,2.0977067947387695,2.4468801021575928,5.0
80.08329367637634,1.4926058153951975,0.9532631023065847,0.12,-0.002439063248920093,YELLOW,2.4535632133483887,2.4535632133483887,5.0
80.2076256275177,1.4926255660904697,0.9551482898358908,0.12,-0.002439063248920093,YELLOW,2.4535632133483887,2.4535632133483887,5.0
80.27765607833862,1.4926399466055271,0.9567628111788975,0.12,-0.002439063248920093,YELLOW,2.306765079498291,2.306765079498291,5.0
80.278883934021,1.4926550421012554,0.9584576044418174,0.12,-0.002439063248920093,YELLOW,2.1061220169067383,2.8084185123443604,5.0
80.29860973358154,1.492665985839727,0.959686503448996,0.12,-0.002439063248920093,YELLOW,2.4535632133483887,2.4535632133483887,5.0
80.29983615875244,1.4926784154201163,0.9610822512585303,0.12,-0.003712744847618943,YELLOW,2.7969422340393066,2.0973258018493652,5.0
80.30077576637268,1.4926862066623716,0.9622368233998457,0.12,-0.003712744847618943,YELLOW,2.4535632133483887,2.4533398151397705,5.0
80.30996751785278,1.4926937661311883,0.963546720465363,0.12,-0.003712744847618943,YELLOW,1.7480889558792114,2.0978972911834717,5.0
80.3172926902771,1.4927012523400347,0.9646072220403634,0.12,-0.0037341678202395204,YELLOW,2.3053839206695557,1.9207696914672852,5.0
80.38953876495361,1.492728611776761,0.9688481792521911,0.12,-0.0037341678202395204,YELLOW,2.553528308868408,2.353911876678467,5.0
80.39068365097046,1.4927906957738686,0.976658469765996,0.12,-0.0037341678202395204,YELLOW,2.0978972911834717,2.1885311603546143,5.0
80.39177966117859,1.4928069501538395,0.9783839717840914,0.12,-0.00501585516683214,YELLOW,2.100950241088867,2.80126690864563,5.0
80.39283418655396,1.4928193082118049,0.9803425103823871,0.12,-0.00501585516683214,YELLOW,2.804072141647339,2.4533398151397705,5.0
80.39385890960693,1.4928282361986287,0.9821655735333706,0.12,-0.007136031294989032,YELLOW,2.4468801021575928,2.44665789604187,5.0
80.39474701881409,1.4928334128463498,0.9832228197952878,0.12,-0.007136031294989032,YELLOW,2.103245735168457,2.103245735168457,5.0
80.40396904945374,1.492839670959355,0.984500937785483,0.12,-0.007136031294989032,YELLOW,2.3093018531799316,2.693916082382202,5.0
80.43333077430725,1.4928477343810598,0.9858541807451774,0.12,-0.007136031294989032,YELLOW,2.4484362602233887,2.448213815689087,5.0
80.43438935279846,1.4928564033735672,0.9873092158623638,0.12,-0.007136031294989032,YELLOW,2.1030540466308594,2.102862596511841,5.0
80.47606706619263,1.4928647635984509,0.9887125949694976,0.12,-0.006361771040405451,YELLOW,2.7969422340393066,2.7966883182525635,5.0
80.50051283836365,1.492876438206419,0.9906725656111041,0.12,-0.006361771040405451,YELLOW,2.4475467205047607,2.8025410175323486,5.0
80.5016119480133,1.4928853267517916,0.9918754539015103,0.12,-0.006361771040405451,YELLOW,2.4495487213134766,2.0994224548339844,5.0
80.50269055366516,1.492896548739714,0.9936328947004701,0.12,-0.006092469492461028,YELLOW,2.451108455657959,2.451108455657959,5.0
80.50360894203186,1.4929074696621336,0.9953431865628195,0.12,-0.006092469492461028,YELLOW,2.1030540466308594,2.4533398151397705,5.0
80.50452876091003,1.4929158158196814,0.9964122529347866,0.12,-0.006092469492461028,YELLOW,2.0977067947387695,2.0975160598754883,5.0
80.51864624023438,1.4929444007157562,1.0000741742717216,0.12,-0.006092469492461028,YELLOW,2.4535632133483887,2.4533398151397705,5.0
80.67153286933899,1.4929536781842738,1.0012628875373901,0.12,-0.006092469492461028,YELLOW,2.4475467205047607,2.0977067947387695,5.0
80.67250847816467,1.4929666583078987,1.0031674067227592,0.12,-0.006092469492461028,YELLOW,2.4531164169311523,2.80126690864563,5.0
80.67848920822144,1.4929992169693789,1.0071462180969086,0.12,-0.006092469492461028,YELLOW,2.3097636699676514,2.3113813400268555,5.0
80.68164253234863,1.4930117575307824,1.0083857106801977,0.12,-0.006092469492461028,YELLOW,2.4475467205047607,2.447324514389038,5.0
80.71266222000122,1.4930313643214164,1.0103237365987823,0.12,-0.006092469492461028,YELLOW,2.1030540466308594,2.102862596511841,5.0
80.71369099617004,1.4930486528799563,1.012306603941075,0.12,-0.006092469492461028,YELLOW,2.7969422340393066,2.4471020698547363,5.0
80.7311155796051,1.4930602065234635,1.0134451999731457,0.12,-0.006092469492461028,YELLOW,2.447324514389038,2.0977067947387695,5.0
80.73520970344543,1.4931294148260343,1.0210462673011984,0.12,-0.006092469492461028,YELLOW,2.302626132965088,1.9186638593673706,5.0
80.73622679710388,1.4931526242488555,1.023938162621318,0.12,-0.006092469492461028,YELLOW,2.447324514389038,2.0975160598754883,5.0
80.73709177970886,1.4931660825413111,1.0256152946499337,0.12,-0.006092469492461028,YELLOW,2.1030540466308594,2.4533398151397705,5.0
80.73794364929199,1.4931770270464169,1.0267773015858352,0.12,-0.006092469492461028,YELLOW,2.447324514389038,2.4471020698547363,5.0
80.73878407478333,1.4931897527798526,1.0280027540437562,0.12,-0.006092469492461028,YELLOW,2.306534767150879,2.306304454803467,5.0
80.73962736129761,1.4932027693463648,1.0292562856049077,0.12,-0.006092469492461028,YELLOW,2.8081626892089844,2.8081626892089844,5.0
80.87528371810913,1.493251670767467,1.0339662836675683,0.12,-0.006092469492461028,YELLOW,2.8081626892089844,2.8081626892089844,5.0
80.91839051246643,1.4932696937150765,1.0359659267127626,0.12,-0.006092469492461028,YELLOW,2.4535632133483887,2.4544570446014404,5.0
80.93869829177856,1.4932938449944297,1.0386445319339048,0.12,-0.006092469492461028,YELLOW,2.0978972911834717,2.0975160598754883,5.0
80.93980026245117,1.4933136429439529,1.0406107191692844,0.12,-0.006092469492461028,YELLOW,2.447324514389038,2.447324514389038,5.0
80.94087791442871,1.4933626094241794,1.045723808129068,0.12,-0.006092469492461028,YELLOW,2.1030540466308594,2.1026711463928223,5.0
80.94179940223694,1.4933749945952337,1.046957999150169,0.12,-0.006092469492461028,YELLOW,2.1030540466308594,2.4535632133483887,5.0
80.94268941879272,1.4933866051265678,1.048115066626393,0.12,-0.006092469492461028,YELLOW,2.447324514389038,2.4468801021575928,5.0
80.94357705116272,1.4934100317486638,1.0502453754367749,0.12,-0.006092469492461028,YELLOW,2.804072141647339,2.4535632133483887,5.0
80.94446039199829,1.4934245667353139,1.0517816470783032,0.12,-0.006092469492461028,YELLOW,2.447324514389038,2.0973258018493652,5.0
81.05955147743225,1.4934332976435212,1.0528487359573568,0.12,-0.006092469492461028,YELLOW,1.9221123456954956,2.306304454803467,5.0
81.06075191497803,1.4934490567139798,1.0545560614638403,0.12,-0.005027346865941241,YELLOW,2.4571423530578613,2.106313943862915,5.0
81.06182503700256,1.4934580386850242,1.0557059559808053,0.12,-0.004788889985726641,YELLOW,2.0973258018493652,2.44665789604187,5.0
81.0944037437439,1.4934751053969038,1.057652674484811,0.12,-0.003892768981542361,YELLOW,2.103245735168457,2.454009771347046,5.0
81.09547710418701,1.4934913575068474,1.0595004244401869,0.12,-0.003892768981542361,YELLOW,2.447324514389038,2.4468801021575928,5.0
81.12280488014221,1.4935650560118792,1.0677678822521965,0.12,-0.003892768981542361,YELLOW,2.797196388244629,2.8035614490509033,5.0
81.12388253211975,1.4935814083186834,1.0694591503176243,0.12,-0.003892768981542361,YELLOW,2.4535632133483887,2.103820323944092,5.0
81.12481999397278,1.4935915708617788,1.070688687821307,0.12,-0.003892768981542361,YELLOW,2.447324514389038,2.0977067947387695,5.0
81.1257119178772,1.493605105716637,1.0725524825404062,0.12,-0.003892768981542361,YELLOW,2.4535632133483887,2.803816795349121,5.0
81.126549243927,1.4936143431320346,1.0736260426342672,0.12,-0.003892768981542361,YELLOW,2.0977067947387695,2.0977067947387695,5.0
81.1278064250946,1.4936292012933514,1.0753528383202566,0.12,-0.003892768981542361,YELLOW,2.306534767150879,2.306304454803467,5.0
81.27131962776184,1.4936449991344514,1.077189041263644,0.12,-0.003892768981542361,YELLOW,2.0977067947387695,2.4571423530578613,5.0
81.27233099937439,1.4936592184687574,1.0784320157730007,0.12,-0.003892768981542361,YELLOW,2.4535632133483887,2.7969422340393066,5.0
81.27324962615967,1.4936768226938197,1.0801238666940578,0.12,-0.003892768981542361,YELLOW,2.447324514389038,2.102862596511841,5.0
81.29596376419067,1.4936908114525984,1.0814682538704492,0.12,-0.003892768981542361,YELLOW,2.804072141647339,2.4533398151397705,5.0
81.31846070289612,1.4937074296336885,1.0832294807389289,0.12,-0.003892768981542361,YELLOW,2.804072141647339,2.4533398151397705,5.0
81.34390115737915,1.4938458226400275,1.0966013341135021,0.12,-0.003892768981542361,YELLOW,2.0973258018493652,2.4471020698547363,5.0
81.34509301185608,1.49385849600242,1.0980013983186634,0.12,-0.004763319308638537,YELLOW,2.2812507152557373,3.0416676998138428,5.0
81.34629940986633,1.4938723089236714,1.0992330937038597,0.12,-0.00489383327021713,YELLOW,2.447324514389038,2.0978972911834717,5.0
81.34734320640564,1.4938883196077168,1.1008042010684296,0.12,-0.005313561484572383,YELLOW,2.4535632133483887,2.1026711463928223,5.0
81.37743997573853,1.4939046422746811,1.1026418340698805,0.12,-0.004510514538908161,YELLOW,2.4535632133483887,2.1026711463928223,5.0
81.40159034729004,1.4939214008197472,1.104528347390553,0.12,-0.004510514538908161,YELLOW,2.4464356899261475,2.4528932571411133,5.0
81.40256905555725,1.4939317449924188,1.105692914628935,0.12,-0.004510514538908161,YELLOW,2.103820323944092,2.446213722229004,5.0
81.4034333229065,1.4939502681113244,1.1075772721837724,0.12,-0.004510514538908161,YELLOW,2.447324514389038,2.1040120124816895,5.0
81.48640084266663,1.4939679715357703,1.109159855664873,0.12,-0.004510514538908161,YELLOW,2.1026711463928223,2.7964344024658203,5.0
81.52663040161133,1.494006223305962,1.1125792448701497,0.12,-0.004510514538908161,YELLOW,2.306534767150879,2.4471020698547363,5.0
81.52769160270691,1.4940217292726956,1.1141591310749284,0.12,-0.004510514538908161,YELLOW,2.4571423530578613,2.106313943862915,5.0
81.63528180122375,1.4941069143662629,1.1218108075615447,0.12,-0.003412646346579429,YELLOW,2.4531164169311523,2.454233407974243,5.0
81.63649463653564,1.4941234310234444,1.1230753195414567,0.12,-0.004568793336832045,YELLOW,2.4533398151397705,2.4528932571411133,5.0
81.63749146461487,1.4941433947740226,1.1246038859532514,0.12,-0.004568793336832045,YELLOW,2.0978972911834717,2.0977067947387695,5.0
81.63832950592041,1.494158547253707,1.125764133994818,0.12,-0.004568793336832045,YELLOW,2.306534767150879,2.306765079498291,5.0
81.6392195224762,1.4941748203869045,1.1270101323927153,0.12,-0.004568793336832045,YELLOW,2.4571423530578613,2.456918239593506,5.0
81.64041924476624,1.494203174303904,1.1291812322684973,0.12,-0.004568793336832045,YELLOW,2.1169304847717285,2.468621253967285,5.0
81.69869565963745,1.4942250587345087,1.1308571034509018,0.12,-0.002058746138651735,YELLOW,2.4531164169311523,2.668574810028076,5.0
81.6998827457428,1.4942473098411337,1.1325607311261365,0.12,-0.004358702016391725,YELLOW,2.4477691650390625,2.453786611557007,5.0
81.70221519470215,1.4943457897539454,1.1411149480155116,0.12,-0.004358702016391725,YELLOW,2.447324514389038,2.0977067947387695,5.0
81.70329785346985,1.4943579651811802,1.142363069459042,0.12,-0.004799150268539521,YELLOW,2.447324514389038,2.4471020698547363,5.0
81.7042236328125,1.4943723952814907,1.1438424138584629,0.12,-0.004799150268539521,YELLOW,2.1030540466308594,2.102862596511841,5.0
81.71605896949768,1.4943845393844135,1.1450874954122063,0.12,-0.004799150268539521,YELLOW,2.447324514389038,2.4471020698547363,5.0
81.73337531089783,1.4943961713464327,1.1462801442216572,0.12,-0.004799150268539521,YELLOW,2.102862596511841,2.4531164169311523,5.0
81.74692416191101,1.4944152917525673,1.1480597096114398,0.12,-0.004799150268539521,YELLOW,2.102862596511841,2.4531164169311523,5.0
81.74813079833984,1.4944275359560049,1.1491993889718666,0.12,-0.004077780280039001,YELLOW,2.4475467205047607,2.447324514389038,5.0
81.80873703956604,1.4944495908155964,1.1510858827711157,0.12,-0.004077780280039001,YELLOW,2.1030540466308594,2.4533398151397705,5.0
81.8554699420929,1.4944652706238015,1.1526351470350074,0.12,-0.004649940788706353,YELLOW,2.6906886100769043,2.3060741424560547,5.0
81.85661935806274,1.4944771951347726,1.1538134529452364,0.12,-0.004649940788706353,YELLOW,2.451108455657959,2.80126690864563,5.0
81.85754442214966,1.4944876059942929,1.154952636810197,0.12,-0.004649940788706353,YELLOW,2.1030540466308594,2.102862596511841,5.0
81.85899424552917,1.4945045520620084,1.1566327360385917,0.12,-0.004649940788706353,YELLOW,2.1030540466308594,2.4535632133483887,5.0
81.8849618434906,1.4945243139056466,1.1583535881064202,0.12,-0.004649940788706353,YELLOW,2.1030540466308594,2.4535632133483887,5.0
81.89326167106628,1.494545853715757,1.1600213853340233,0.12,-0.0024892552590712216,YELLOW,2.1030540466308594,2.4535632133483887,5.0
81.89435315132141,1.4945611098549194,1.1613454557787979,0.12,-0.0024892552590712216,YELLOW,2.4475467205047607,2.0977067947387695,5.0
81.89528632164001,1.4945759607711169,1.162535630347299,0.12,-0.0024892552590712216,YELLOW,2.4531164169311523,2.101332187652588,5.0
81.92922711372375,1.4945973955592529,1.1642532849692766,0.12,-0.0024892552590712216,YELLOW,2.6947243213653564,2.3093018531799316,5.0
81.93025732040405,1.4946163904198368,1.1659725033678392,0.12,-0.0024892552590712216,YELLOW,2.098278284072876,2.4477691650390625,5.0
81.93208265304565,1.4946388763497616,1.167774593489815,0.12,-0.0024892552590712216,YELLOW,2.447324514389038,2.4533398151397705,5.0
81.9331636428833,1.4946552581260715,1.16908738529291,0.12,-0.004033461233756342,YELLOW,2.1030540466308594,2.4475467205047607,5.0
81.93420314788818,1.494680987590932,1.1708615674882792,0.12,-0.004033461233756342,YELLOW,2.7969422340393066,2.802286386489868,5.0
81.93509030342102,1.4946955641588784,1.172100480537428,0.12,-0.004033461233756342,YELLOW,2.7994842529296875,2.0986595153808594,5.0
82.12964606285095,1.494712257002322,1.1737950680938782,0.12,-0.004033461233756342,YELLOW,2.100950241088867,2.451108455657959,5.0
82.15684700012207,1.4947335724228272,1.1756880679960073,0.12,-0.004033461233756342,YELLOW,2.0977067947387695,2.79567289352417,5.0
82.31017446517944,1.4948000421956122,1.180488869577488,0.11676768816392058,-0.0016468056073794203,YELLOW,2.1030540466308594,2.4533398151397705,5.0
82.33968806266785,1.4948254421052776,1.182223078202998,0.11676768816392058,-0.0016468056073794203,YELLOW,2.4535632133483887,2.1026711463928223,5.0
82.34088635444641,1.494841402509555,1.183432007761263,0.11441485773566913,-0.0024646795470781415,YELLOW,2.4535632133483887,2.1026711463928223,5.0
82.34176659584045,1.4948622653980121,1.1851424886143056,0.11441485773566913,-0.0024646795470781415,YELLOW,2.100950241088867,2.450885534286499,5.0
82.3428864479065,1.4948753763814076,1.1862175641877994,0.11441485773566913,-0.0024646795470781415,YELLOW,2.4535632133483887,2.4535632133483887,5.0
82.34448528289795,1.4950115730536284,1.1964840895103297,0.11441485773566913,-0.0024646795470781415,YELLOW,2.447324514389038,2.0973258018493652,5.0
82.34556102752686,1.4950270233433192,1.1975408266957486,0.11236158236864464,-0.0013404189388712242,YELLOW,2.0973258018493652,2.0973258018493652,5.0
82.34655284881592,1.4950520234932858,1.1992507356126465,0.11030129094530904,-0.003310132678534217,YELLOW,2.453786611557007,2.103245735168457,5.0
82.34750771522522,1.4950682117285212,1.2004772693853727,0.1082843870746631,-0.0026024690543200893,YELLOW,2.447324514389038,2.446213722229004,5.0
82.34834027290344,1.4950822069159686,1.201537884474804,0.1082843870746631,-0.0026024690543200893,YELLOW,2.1030540466308594,2.103820323944092,5.0
82.3937304019928,1.4951030092801456,1.2031141269454553,0.1082843870746631,-0.0026024690543200893,YELLOW,2.1059300899505615,2.0942835807800293,5.0
82.39542078971863,1.4951257033010639,1.2048338050538705,0.10627431790599384,-0.0015095701601754996,YELLOW,2.0978972911834717,2.1059300899505615,5.0
82.40145230293274,1.4951636501389998,1.2073290494560847,0.10627431790599384,-0.0015095701601754996,YELLOW,1.7525451183319092,2.102862596511841,5.0
82.40252041816711,1.4952074249079794,1.2100438434941163,0.10627431790599384,-0.0015095701601754996,YELLOW,2.1030540466308594,1.7523854970932007,5.0
82.40347909927368,1.495229184912873,1.2116309361303683,0.10627431790599384,-0.0015095701601754996,YELLOW,2.0977067947387695,1.7479301691055298,5.0
82.40448307991028,1.495248678173547,1.213052781917387,0.10627431790599384,-0.0015095701601754996,YELLOW,1.9221123456954956,2.306304454803467,5.0
82.40539288520813,1.4952605735234874,1.214018990070682,0.10627431790599384,-0.0015095701601754996,YELLOW,1.7551016807556152,1.7551016807556152,5.0
82.40629529953003,1.4952728340014145,1.215098152248996,0.10627431790599384,-0.0015095701601754996,YELLOW,2.0975160598754883,1.7479301691055298,5.0
82.4071192741394,1.4952889695575016,1.2163971701430378,0.10627431790599384,-0.0015095701601754996,YELLOW,1.7527047395706177,2.804072141647339,5.0
82.40789532661438,1.4953009298207278,1.2173600496288506,0.10627431790599384,-0.0015095701601754996,YELLOW,1.7527047395706177,2.804072141647339,5.0
82.41973924636841,1.4953142460975517,1.218520527342338,0.10627431790599384,-0.0015095701601754996,YELLOW,1.7527047395706177,2.804072141647339,5.0
82.42765283584595,1.4953358167262314,1.220021602283075,0.10627431790599384,-0.0015095701601754996,YELLOW,1.7527047395706177,2.804072141647339,5.0
82.4288330078125,1.4953586975012483,1.2217961720441683,0.10627431790599384,-0.0015095701601754996,YELLOW,2.4415597915649414,2.09181809425354,5.0
82.4643726348877,1.4953783810494816,1.2233223611668125,0.10627431790599384,-0.0015095701601754996,YELLOW,1.9219204187393188,1.9221123456954956,5.0
82.46558427810669,1.495390793401743,1.22428488095012,0.10227431790599384,-0.003837437674665445,YELLOW,2.100950241088867,1.7506325244903564,5.0
82.46652293205261,1.495403421799764,1.2252641146093144,0.10227431790599384,-0.003837437674665445,YELLOW,1.7525451183319092,2.4535632133483887,5.0
82.46741151809692,1.495425234545269,1.2270920329992012,0.10227431790599384,-0.003837437674665445,YELLOW,2.447324514389038,2.445769786834717,5.0
82.49492716789246,1.4954379365909896,1.2281570309357246,0.10227431790599384,-0.003837437674665445,YELLOW,2.1030540466308594,1.7533432245254517,5.0
82.49610495567322,1.4954522729385467,1.2294744029855613,0.09827431790599384,-0.00459759201012453,YELLOW,1.7480889558792114,2.0973258018493652,5.0
82.49696803092957,1.495468234576014,1.230785289537791,0.09827431790599384,-0.00459759201012453,YELLOW,2.6896145343780518,2.3051538467407227,5.0
82.52089262008667,1.4954868752521475,1.232466879432731,0.09827431790599384,-0.00459759201012453,YELLOW,2.4582629203796387,2.1072747707366943,5.0
82.54706573486328,1.4955020580746978,1.2340341666851768,0.09827431790599384,-0.00459759201012453,YELLOW,2.4582629203796387,2.1072747707366943,5.0
82.5481469631195,1.4955123678486344,1.235098335785426,0.09827431790599384,-0.00459759201012453,YELLOW,1.7480889558792114,1.7477715015411377,5.0
82.56683540344238,1.4955274645853105,1.23665652825706,0.09827431790599384,-0.00459759201012453,YELLOW,2.0986595153808594,2.0986595153808594,5.0
82.5680832862854,1.4955415444378917,1.2381097641956802,0.09537828242717841,-0.005800647095641232,YELLOW,1.751588225364685,2.1019058227539062,5.0
82.56906533241272,1.4955578861399907,1.23957972710963,0.09537828242717841,-0.005800647095641232,YELLOW,1.7523854970932007,2.4528932571411133,5.0
82.56998324394226,1.4955728155595913,1.241123272987381,0.09537828242717841,-0.005800647095641232,YELLOW,2.0978972911834717,1.748247742652893,5.0
82.58618998527527,1.4955866194229346,1.2425506722343582,0.09320924880991308,-0.0059436088123600685,YELLOW,1.748247742652893,1.7480889558792114,5.0
82.5872962474823,1.4955968662854455,1.243610333841064,0.09320924880991308,-0.0059436088123600685,YELLOW,1.7525451183319092,1.7525451183319092,5.0
82.6082534790039,1.4956054693199614,1.2446350071276329,0.09320924880991308,-0.0059436088123600685,YELLOW,1.7527047395706177,2.1034369468688965,5.0
82.60942316055298,1.4956161868932933,1.2457747446347702,0.0919450088716316,-0.006243084197793181,YELLOW,1.3984711170196533,1.7477715015411377,5.0
82.67276263237,1.495646881360891,1.248838645281088,0.0919450088716316,-0.006243084197793181,YELLOW,2.1026711463928223,1.7523854970932007,5.0
82.68528437614441,1.4956564593870576,1.2500733619545374,0.0919450088716316,-0.006243084197793181,YELLOW,1.7474541664123535,1.7474541664123535,5.0
82.7075707912445,1.4956682627213418,1.2515949461921716,0.08998717642625204,-0.007696321703449627,YELLOW,1.7474541664123535,1.7474541664123535,5.0
82.73275876045227,1.495678669077251,1.252936573619432,0.08998717642625204,-0.007696321703449627,YELLOW,1.7520666122436523,1.7479301691055298,5.0
82.73395133018494,1.4956883820857527,1.2541888120322808,0.0885056395447009,-0.0066223755608833205,YELLOW,1.5378433465957642,1.7520666122436523,5.0
82.73489475250244,1.4956973290859987,1.2551549208721922,0.0885056395447009,-0.0066223755608833205,YELLOW,2.100950241088867,1.9223041534423828,5.0
82.7583065032959,1.49570568987306,1.2561608805633961,0.0885056395447009,-0.0066223755608833205,YELLOW,2.100950241088867,1.7507917881011963,5.0
82.7593641281128,1.4957164357692667,1.2571856608547545,0.0885056395447009,-0.0066223755608833205,YELLOW,1.539534568786621,2.3090710639953613,5.0
82.77573680877686,1.4957289012999913,1.2581670689589532,0.0885056395447009,-0.0066223755608833205,YELLOW,1.402419090270996,1.7530238628387451,5.0
82.78755569458008,1.495743448951646,1.2593124453823668,0.0885056395447009,-0.0066223755608833205,YELLOW,1.7479301691055298,1.7479301691055298,5.0
82.7956223487854,1.4957663602558913,1.2611163951737285,0.0885056395447009,-0.0066223755608833205,YELLOW,1.7479301691055298,1.7479301691055298,5.0
82.7968225479126,1.495777671223593,1.2621517546215189,0.08666106845541306,-0.003986537408811586,YELLOW,2.102479934692383,1.751588225364685,5.0
82.81724953651428,1.4957846449400334,1.2628555685266858,0.08666106845541306,-0.003986537408811586,YELLOW,1.4020360708236694,1.4019083976745605,5.0
82.83263421058655,1.4958003527898796,1.264440919732857,0.08538548165456443,-0.006292646495650445,YELLOW,1.5376899242401123,1.9219204187393188,5.0
82.84476470947266,1.4958101011127811,1.2656085155196473,0.08538548165456443,-0.006292646495650445,YELLOW,1.5376899242401123,1.9219204187393188,5.0
82.8458468914032,1.4958213067857709,1.2667576838981844,0.08538548165456443,-0.006292646495650445,YELLOW,1.7551016807556152,1.754941701889038,5.0
82.89781761169434,1.4958345516544753,1.268115976640366,0.08538548165456443,-0.006292646495650445,YELLOW,1.7527047395706177,1.7506325244903564,5.0
82.89891028404236,1.495842713629455,1.2689530639710875,0.08538548165456443,-0.006292646495650445,YELLOW,1.3984711170196533,1.7525451183319092,5.0
82.89984345436096,1.4958544004074874,1.2700396295535568,0.08538548165456443,-0.006292646495650445,YELLOW,1.7522259950637817,1.7479301691055298,5.0
82.94828200340271,1.4958666097425657,1.2713320132908077,0.2087292900193696,-0.01642285925910203,YELLOW,2.448213815689087,2.4484362602233887,5.0
82.9494833946228,1.4958872205827822,1.2735135673889018,0.2038713944629392,-0.01464008854495269,YELLOW,2.804072141647339,3.1551554203033447,5.0
82.95042490959167,1.4959093896447395,1.2755591671558384,0.2038713944629392,-0.01464008854495269,YELLOW,3.146559953689575,3.145988702774048,5.0
83.0146164894104,1.4960756230681707,1.2906707499559875,0.1970826043235681,-0.01497423344590798,YELLOW,4.230336666107178,3.4955430030822754,5.0
83.03463363647461,1.4961033498431673,1.293593749762804,0.18842942945096536,-0.018519503892789668,YELLOW,4.212244033813477,3.4955430030822754,5.0
83.03559970855713,1.4961309442765773,1.2965032396203267,0.18842942945096536,-0.018519503892789668,YELLOW,3.496177911758423,4.211860179901123,5.0
83.11016702651978,1.496231597541547,1.3048422978110417,0.17842942945096535,-0.015673049513218462,YELLOW,3.496177911758423,3.496177911758423,5.0
83.11179542541504,1.4962641027077273,1.3077005807941628,0.17842942945096535,-0.015673049513218462,YELLOW,3.4598023891448975,4.227802753448486,5.0
83.1503074169159,1.4962938104795271,1.3097550647976097,0.17842942945096535,-0.015673049513218462,YELLOW,3.8615756034851074,4.213012218475342,5.0
83.17848253250122,1.496335113347329,1.312432379471877,0.17842942945096535,-0.015673049513218462,YELLOW,3.8615756034851074,4.213012218475342,5.0
83.17987132072449,1.4963740798087817,1.3149582447350814,0.16884307912512928,-0.008221555615365084,YELLOW,3.5050902366638184,3.4955430030822754,5.0
83.18080711364746,1.4964172706728633,1.317758391615926,0.16884307912512928,-0.008221555615365084,YELLOW,3.490788698196411,3.5050902366638184,5.0
83.18485236167908,1.496451475299339,1.319786346233695,0.16884307912512928,-0.008221555615365084,YELLOW,3.807725191116333,3.531130075454712,5.0
83.20527768135071,1.496490927025202,1.3221259537217638,0.16884307912512928,-0.008221555615365084,YELLOW,3.5054094791412354,3.5066864490509033,5.0
83.24288010597229,1.4965184008376304,1.3237547893498072,0.16222372808993088,-0.005654334612605005,UNKNOWN,3.5054094791412354,3.5066864490509033,5.0
83.2450225353241,1.4965625551702193,1.3262212582206554,0.15384687692839766,0.0018254959139545335,UNKNOWN,2.7969422340393066,3.145988702774048,5.0
83.24656057357788,1.4966139568417902,1.3290925647359149,0.15384687692839766,0.0018254959139545335,UNKNOWN,3.5041332244873047,3.5041332244873047,5.0
83.24762415885925,1.4966490211949643,1.3307844294932922,0.15384687692839766,0.0018254959139545335,UNKNOWN,3.495225667953491,4.194270610809326,5.0
83.26073932647705,1.4967009225712418,1.333410639351153,0.15384687692839766,0.0018254959139545335,UNKNOWN,3.500946521759033,3.1511385440826416,5.0
83.26214408874512,1.4967352024113405,1.335145199404284,0.14649044519807128,0.004611054373602652,UNKNOWN,3.1514251232147217,2.8010120391845703,5.0
83.29136395454407,1.496779181241444,1.3372647083932367,0.14649044519807128,0.004611054373602652,UNKNOWN,2.7969422340393066,3.5060477256774902,5.0
83.29283285140991,1.4968348318550664,1.339783028818984,0.14649044519807128,0.004611054373602652,UNKNOWN,3.154581069946289,3.146559953689575,5.0
83.29865097999573,1.4968722481024979,1.3413731912570075,0.14649044519807128,0.004611054373602652,UNKNOWN,3.154581069946289,3.5044519901275635,5.0
83.30708622932434,1.4969271707331366,1.343707361844235,0.14649044519807128,0.004611054373602652,UNKNOWN,3.154294013977051,2.8033065795898438,5.0
83.33256959915161,1.4969619440271662,1.3452847914414239,0.13927053058766023,0.008601052649822805,UNKNOWN,3.154294013977051,3.5044519901275635,5.0
83.33354806900024,1.497012888471386,1.3474128842042823,0.13927053058766023,0.008601052649822805,UNKNOWN,2.804072141647339,3.146559953689575,5.0
83.3344657421112,1.4970651000375796,1.3494771094645346,0.13927053058766023,0.008601052649822805,UNKNOWN,2.7969422340393066,2.449103593826294,5.0
83.3510389328003,1.4970990169494895,1.3509845571099366,0.13927053058766023,0.008601052649822805,UNKNOWN,2.8007571697235107,3.1511385440826416,5.0
83.37170314788818,1.4971553917332767,1.353387606908857,0.13927053058766023,0.008601052649822805,UNKNOWN,2.7969422340393066,2.447324514389038,5.0
83.39356780052185,1.497235833157939,1.3570902351175456,0.13197598773763117,0.0046463470882271984,UNKNOWN,2.447324514389038,2.447324514389038,5.0
83.41003489494324,1.497298297235773,1.3596875119719896,0.13197598773763117,0.0046463470882271984,UNKNOWN,2.447324514389038,3.146559953689575,5.0
83.45918250083923,1.4973521169726554,1.3618742855255368,0.13197598773763117,0.0046463470882271984,UNKNOWN,3.04317045211792,2.4763336181640625,5.0
83.46089291572571,1.497391042806961,1.363564040125144,0.13197598773763117,0.0046463470882271984,UNKNOWN,2.3060741424560547,2.6633002758026123,5.0
83.46210074424744,1.4974330132395521,1.3653858151147318,0.13197598773763117,0.0046463470882271984,UNKNOWN,2.457590341567993,2.306534767150879,5.0
83.47843718528748,1.4974614184306474,1.3666187751658163,0.13197598773763117,0.0046463470882271984,UNKNOWN,2.447324514389038,2.4471020698547363,5.0
83.50408411026001,1.4974938875527415,1.3680281719148648,0.12117479208406479,0.007934461264150094,UNKNOWN,2.447324514389038,2.4471020698547363,5.0
83.50752353668213,1.4975382471238776,1.3699537589241682,0.12117479208406479,0.007934461264150094,UNKNOWN,2.693916082382202,2.3090710639953613,5.0
83.50848364830017,1.4975664428624087,1.3712692039794192,0.12117479208406479,0.007934461264150094,UNKNOWN,2.4546806812286377,2.805349349975586,5.0
83.53339147567749,1.4975965985690611,1.3726164565306989,0.11466559302179181,0.002865909328295224,UNKNOWN,2.7969422340393066,2.805349349975586,5.0
83.55296397209167,1.4976323114996128,1.3743756322975829,0.11466559302179181,0.002865909328295224,UNKNOWN,2.4535632133483887,2.803816795349121,5.0
83.55422735214233,1.4976570619958864,1.3755231475290572,0.1094049937005085,0.00849214387405084,UNKNOWN,2.096564531326294,2.4459917545318604,5.0
83.55517101287842,1.497695583122366,1.3772333935744687,0.1094049937005085,0.00849214387405084,UNKNOWN,2.454904079437256,2.1040120124816895,5.0
83.55607628822327,1.4977214693663399,1.3784602520530784,0.1094049937005085,0.00849214387405084,UNKNOWN,2.093524217605591,2.7911126613616943,5.0
83.57077193260193,1.4977652001618005,1.3803619933743991,0.1094049937005085,0.00849214387405084,UNKNOWN,2.4571423530578613,2.4571423530578613,5.0
83.59459280967712,1.4978066617696548,1.3821650534851093,0.1094049937005085,0.00849214387405084,UNKNOWN,2.452000617980957,2.451777458190918,5.0
83.6143536567688,1.4978451670686528,1.3838396158749537,0.1094049937005085,0.00849214387405084,UNKNOWN,2.452000617980957,2.451777458190918,5.0
83.62770318984985,1.4978679625983742,1.3848949342828183,0.1094049937005085,0.00849214387405084,UNKNOWN,2.4486584663391113,2.0988502502441406,5.0
83.66967272758484,1.497902026729653,1.3864719702247637,0.09930021729117791,0.009288312175200097,UNKNOWN,2.4535632133483887,2.0975160598754883,5.0
83.67078065872192,1.497933077088169,1.3879095319082626,0.09930021729117791,0.009288312175200097,UNKNOWN,1.7480889558792114,2.4533398151397705,5.0
83.67171955108643,1.4979739369487373,1.3896850291683276,0.09930021729117791,0.009288312175200097,UNKNOWN,2.102862596511841,2.0977067947387695,5.0
83.6966028213501,1.4980035962404503,1.3909738733195862,0.09930021729117791,0.009288312175200097,UNKNOWN,1.8484688997268677,2.0977067947387695,5.0
83.69770193099976,1.4980358595713614,1.3923760798811444,0.09930021729117791,0.009288312175200097,UNKNOWN,2.185425281524658,1.8475818634033203,5.0
83.71638250350952,1.4980586870669068,1.3934314856132548,0.09930021729117791,0.009288312175200097,UNKNOWN,2.185425281524658,1.821015477180481,5.0
83.717618227005,1.4980807322552268,1.394450624460787,0.09501014132696091,0.0048877589646187936,UNKNOWN,2.0978972911834717,2.0986595153808594,5.0
83.74086356163025,1.4981099615495523,1.3958675686366413,0.09501014132696091,0.0048877589646187936,UNKNOWN,2.1030540466308594,1.7523854970932007,5.0
83.74187278747559,1.4981446761007136,1.397443982600056,0.09501014132696091,0.0048877589646187936,UNKNOWN,1.7480889558792114,2.0975160598754883,5.0
83.74381017684937,1.4981834042372841,1.399001637923647,0.09501014132696091,0.0048877589646187936,UNKNOWN,2.0973258018493652,1.7477715015411377,5.0
83.75831389427185,1.498210262351324,1.4000191663848975,0.09501014132696091,0.0048877589646187936,UNKNOWN,1.9223041534423828,2.306765079498291,5.0
83.78559160232544,1.4982720815644612,1.4025105560935747,0.09091322797832939,0.01680973181395684,UNKNOWN,2.1030540466308594,1.7506325244903564,5.0
83.80542302131653,1.4982915922688733,1.4033086783781537,0.09091322797832939,0.01680973181395684,UNKNOWN,1.7477715015411377,1.3980902433395386,5.0
83.85792541503906,1.4983603027069363,1.4061499356338927,0.0870357717866834,0.0116293456122043,UNKNOWN,1.7525451183319092,1.7479301691055298,5.0
83.86973071098328,1.4983859043111796,1.4071762370209893,0.0870357717866834,0.0116293456122043,UNKNOWN,1.3982172012329102,1.7523854970932007,5.0
83.87074995040894,1.4984110867485452,1.4081376209541618,0.0870357717866834,0.0116293456122043,UNKNOWN,1.7525451183319092,1.7477715015411377,5.0
83.89984726905823,1.4984455518148898,1.4094533856102351,0.08268850752503841,0.017786021668233065,UNKNOWN,1.7525451183319092,1.7525451183319092,5.0
83.90096664428711,1.4984707735921703,1.4104162951861743,0.08268850752503841,0.017786021668233065,UNKNOWN,1.748247742652893,1.7480889558792114,5.0
83.90245389938354,1.498491005430344,1.4111887143329978,0.08268850752503841,0.017786021668233065,UNKNOWN,1.537536382675171,1.537536382675171,5.0
83.90337562561035,1.4985262904255872,1.4125358388842821,0.08268850752503841,0.017786021668233065,UNKNOWN,2.100950241088867,1.400633454322815,5.0
83.92243242263794,1.498552338165681,1.4135833256294046,0.08268850752503841,0.017786021668233065,UNKNOWN,2.1030540466308594,1.7523854970932007,5.0
83.93654298782349,1.4985761377276934,1.4144425066544968,0.07872891814742938,0.016028132935407058,UNKNOWN,1.7525451183319092,1.4019083976745605,5.0
83.95391798019409,1.4986134872087455,1.4158431124504443,0.07872891814742938,0.016028132935407058,UNKNOWN,1.7525451183319092,1.4019083976745605,5.0
83.97773957252502,1.4986448460078896,1.417083176726735,0.07872891814742938,0.016028132935407058,UNKNOWN,1.5320298671722412,1.9152278900146484,5.0
84.00046348571777,1.4986683668350331,1.4179614829870306,0.07463510688341304,0.02086255371643375,UNKNOWN,2.093144655227661,1.9152278900146484,5.0
84.001540184021,1.4986882664385863,1.4187613326373427,0.07463510688341304,0.02086255371643375,UNKNOWN,1.4049780368804932,1.3955563306808472,5.0
84.0024003982544,1.498707310699859,1.4194983257941,0.07463510688341304,0.02086255371643375,UNKNOWN,1.3982172012329102,1.7560622692108154,5.0
84.00329065322876,1.4987359641239972,1.420607183586235,0.07463510688341304,0.02086255371643375,UNKNOWN,1.7527047395706177,1.3982172012329102,5.0
84.03712391853333,1.49875751350541,1.4214864905030677,0.07146259048406055,0.017164775777752883,UNKNOWN,2.0977067947387695,1.3983441591262817,5.0
84.07194089889526,1.4987943234309775,1.4231149750544452,0.07146259048406055,0.017164775777752883,UNKNOWN,1.4019083976745605,1.3983441591262817,5.0
84.09963178634644,1.4988286876040477,1.4245462860417226,0.07146259048406055,0.017164775777752883,UNKNOWN,2.1030540466308594,1.7523854970932007,5.0
84.10087823867798,1.4988445450409384,1.4252479327064078,0.06791652440672614,0.014148256994967134,UNKNOWN,1.3984711170196533,1.3983441591262817,5.0
84.1018226146698,1.4988605996373288,1.4259583139518146,0.06791652440672614,0.014148256994967134,UNKNOWN,1.4020360708236694,1.4019083976745605,5.0
84.12744522094727,1.4988861948689656,1.4270908652560557,0.06791652440672614,0.014148256994967134,UNKNOWN,1.0488533973693848,1.4019083976745605,5.0
84.12884044647217,1.498904401888349,1.4278965208586722,0.06418418094779163,0.01109822431656049,UNKNOWN,1.7544618844985962,1.4035694599151611,5.0
84.12978649139404,1.4989216171174868,1.4286923971022447,0.06418418094779163,0.01109822431656049,UNKNOWN,1.3988522291183472,1.049139142036438,5.0
84.1307008266449,1.4989343310840832,1.4293073745042226,0.06418418094779163,0.01109822431656049,UNKNOWN,1.1546509265899658,1.9242258071899414,5.0
84.1481306552887,1.4989521674840316,1.4302116961454372,0.06418418094779163,0.01109822431656049,UNKNOWN,1.7533432245254517,0.7012734413146973,5.0
84.16376304626465,1.4989646101273524,1.4310128388669954,0.06418418094779163,0.01109822431656049,UNKNOWN,1.7533432245254517,0.7012734413146973,5.0
84.18909883499146,1.4989818829318948,1.4320600433357409,0.06418418094779163,0.01109822431656049,UNKNOWN,1.3982172012329102,1.7479301691055298,5.0
84.20131158828735,1.498999185053233,1.4331090252042828,0.061152826278624915,0.003016577040450219,UNKNOWN,0.7020406723022461,1.0471417903900146,5.0
84.22865915298462,1.4990150966033617,1.4342740574618715,0.061152826278624915,0.003016577040450219,UNKNOWN,0.7020406723022461,1.0529650449752808,5.0
84.22988677024841,1.4990227162388394,1.4348956726823814,0.058600495735222705,-0.0035852633177371196,UNKNOWN,1.7480889558792114,1.3984711170196533,5.0
84.23589015007019,1.4990327827365657,1.4356572446240174,0.058600495735222705,-0.0035852633177371196,UNKNOWN,1.0515270233154297,1.4020360708236694,5.0
84.26093316078186,1.499048731448238,1.4371802684475055,0.058600495735222705,-0.0035852633177371196,UNKNOWN,1.0926092863082886,1.0926092863082886,5.0
84.26802515983582,1.4990567049915646,1.4378239921311429,0.058600495735222705,-0.0035852633177371196,UNKNOWN,1.0926092863082886,1.0926092863082886,5.0
84.26911878585815,1.499065306322131,1.4384482508939131,0.058600495735222705,-0.0035852633177371196,UNKNOWN,1.4019083976745605,1.0513355731964111,5.0
84.28311324119568,1.4990747056490257,1.4391817824375372,0.058600495735222705,-0.0035852633177371196,UNKNOWN,1.4020360708236694,1.0514312982559204,5.0
84.2841854095459,1.4990827079669706,1.4398062902028765,0.058600495735222705,-0.0035852633177371196,UNKNOWN,1.3983441591262817,1.3983441591262817,5.0
84.30757069587708,1.4990903317595083,1.440359611422833,0.058600495735222705,-0.0035852633177371196,UNKNOWN,1.1531522274017334,0.3842306435108185,5.0
84.31181621551514,1.4991016040371712,1.441404726446278,0.0536825930000966,-0.00893221615244677,UNKNOWN,1.1531522274017334,0.3842306435108185,5.0
84.32755613327026,1.4991072470793678,1.4419278242949705,0.0536825930000966,-0.00893221615244677,UNKNOWN,1.4020360708236694,1.7523854970932007,5.0
84.3414032459259,1.4991138977082605,1.4425443379318736,0.0536825930000966,-0.00893221615244677,UNKNOWN,1.0512399673461914,1.0512399673461914,5.0
84.36933660507202,1.4991216916692671,1.44326683851393,0.0536825930000966,-0.00893221615244677,UNKNOWN,1.049043893814087,1.049043893814087,5.0
84.37058472633362,1.4991300255003852,1.4440393850828084,0.05106596381700779,-0.009386186998696644,UNKNOWN,1.4020360708236694,0.7009541988372803,5.0
84.39992547035217,1.499137403446386,1.4449613078049839,0.05106596381700779,-0.009386186998696644,UNKNOWN,1.0515270233154297,1.3983441591262817,5.0
84.42604541778564,1.499144671236858,1.4457333371272798,0.05106596381700779,-0.009386186998696644,UNKNOWN,1.3983441591262817,0.6991720795631409,5.0
84.42927670478821,1.4991476096847585,1.4461764425566397,0.04844727591039214,-0.012659834318915486,UNKNOWN,0.35050901770591736,0.6991720795631409,5.0
84.43838739395142,1.4991512887508136,1.4465634764922695,0.04844727591039214,-0.012659834318915486,UNKNOWN,0.7687681913375854,0.7686914205551147,5.0
84.4734878540039,1.4991599749961686,1.4474772805876246,0.04844727591039214,-0.012659834318915486,UNKNOWN,0.7687681913375854,0.7686914205551147,5.0
84.47682356834412,1.499170756634889,1.4493179228799375,0.04610795969298683,-0.025110282501494385,UNKNOWN,0.7008266448974609,1.7520666122436523,5.0
84.5094301700592,1.4991742116704379,1.449932191324512,0.04610795969298683,-0.025110282501494385,UNKNOWN,0.35041332244873047,1.7520666122436523,5.0
84.5137209892273,1.4991792185589863,1.450453296156363,0.04610795969298683,-0.025110282501494385,UNKNOWN,0.35041332244873047,1.7520666122436523,5.0
84.53385472297668,1.4991820285338195,1.4511603651394869,0.04610795969298683,-0.025110282501494385,UNKNOWN,1.3989793062210083,0.0,5.0
84.5422875881195,1.4991841588510988,1.451696366157509,0.04396183570562614,-0.025544195982641238,UNKNOWN,0.6988548040390015,1.3966954946517944,5.0
84.55512857437134,1.4991871870508744,1.4522092558031512,0.04396183570562614,-0.025544195982641238,UNKNOWN,1.402674674987793,0.0,5.0
84.57589387893677,1.4991872845313228,1.4524805808931267,0.04396183570562614,-0.025544195982641238,UNKNOWN,0.6991086006164551,0.34952256083488464,5.0
84.57762575149536,1.4991868855417527,1.4531255781214245,0.04396183570562614,-0.025544195982641238,UNKNOWN,0.35050901770591736,1.7525451183319092,5.0
84.63170766830444,1.499188582032726,1.4543678220827831,0.04219332638076831,-0.027559886666995936,UNKNOWN,1.0472365617752075,1.3984711170196533,5.0
84.64700150489807,1.4991889402210254,1.4548364626852175,0.04219332638076831,-0.027559886666995936,UNKNOWN,0.7019126415252686,1.3960623741149902,5.0
84.6480655670166,1.4991894391304335,1.4554888233459577,0.04219332638076831,-0.027559886666995936,UNKNOWN,1.0489486455917358,0.7020406723022461,5.0
84.66064262390137,1.499189042217493,1.4561029072637799,0.04006670068025329,-0.03770922870131255,UNKNOWN,0.7010180354118347,1.751588225364685,5.0
84.68701672554016,1.4991931227535127,1.4573753252473596,0.04006670068025329,-0.03770922870131255,UNKNOWN,1.3985981941223145,0.34980836510658264,5.0
84.6881685256958,1.4991948098057866,1.458085133869709,0.04006670068025329,-0.03770922870131255,UNKNOWN,1.0514312982559204,1.0489486455917358,5.0
84.70563101768494,1.4991954221768369,1.458227726635441,0.03773033939040242,-0.029826505727979846,UNKNOWN,1.0514312982559204,1.7520666122436523,5.0
84.71301507949829,1.4992012796196443,1.4592313763598326,0.03773033939040242,-0.029826505727979846,UNKNOWN,1.3982172012329102,1.3980902433395386,5.0
84.724618434906,1.4992036628743608,1.459639772130484,0.03773033939040242,-0.029826505727979846,UNKNOWN,1.3982172012329102,1.3980902433395386,5.0
84.72577333450317,1.4992040493214291,1.4597283198176116,0.03633127493857761,-0.030727850176472504,UNKNOWN,0.7689216732978821,0.3845376670360565,5.0
84.73584723472595,1.4992049501361988,1.4599927220719804,0.03633127493857761,-0.030727850176472504,UNKNOWN,0.0,0.6995531916618347,5.0
84.76277947425842,1.4992092307966753,1.4606759362077373,0.03633127493857761,-0.030727850176472504,UNKNOWN,0.7681546211242676,1.9192378520965576,5.0
84.78251504898071,1.4992142263562138,1.4612057216948946,0.034922011829803354,-0.03310131989075549,UNKNOWN,0.7681546211242676,1.9192378520965576,5.0
84.78372883796692,1.4992145604005473,1.461295968027548,0.034922011829803354,-0.03310131989075549,UNKNOWN,1.0476166009902954,0.6981577277183533,5.0
84.78474140167236,1.4992163312002393,1.4616745760021357,0.034922011829803354,-0.03310131989075549,UNKNOWN,1.4069033861160278,0.0,5.0
84.80450201034546,1.4992222666609722,1.4623513344468548,0.034922011829803354,-0.03310131989075549,UNKNOWN,0.0,1.0485676527023315,5.0
84.80570578575134,1.4992251574020001,1.4626338286987826,0.03363678377013054,-0.02711018110935992,UNKNOWN,0.699743926525116,1.0493297576904297,5.0
84.82294487953186,1.4992270065497788,1.4628914227614078,0.03363678377013054,-0.02711018110935992,UNKNOWN,0.7695364356040955,0.0,5.0
84.84598398208618,1.4992364316276887,1.4637704115896693,0.03363678377013054,-0.02711018110935992,UNKNOWN,0.6992355585098267,0.7008903622627258,5.0
84.86545753479004,1.499242702359692,1.4642988667145584,0.03363678377013054,-0.02711018110935992,UNKNOWN,1.3987252712249756,0.0,5.0
84.87779402732849,1.4992438201266636,1.4644805510267154,0.03213824790246836,-0.030113589032684462,UNKNOWN,1.3987252712249756,0.0,5.0
84.88954496383667,1.4992479122504885,1.4651457035404862,0.03213824790246836,-0.030113589032684462,UNKNOWN,0.35047709941864014,1.4016532897949219,5.0
84.90114688873291,1.4992518253339677,1.4655197534483366,0.03213824790246836,-0.030113589032684462,UNKNOWN,0.35047709941864014,1.4016532897949219,5.0
84.90207982063293,1.499254167853472,1.4658847969721207,0.03213824790246836,-0.030113589032684462,UNKNOWN,1.0489486455917358,0.0,5.0
84.93117380142212,1.499255868040674,1.4662674071051542,0.030711019325506232,-0.03483011261874269,UNKNOWN,0.0,1.0509529113769531,5.0
84.96176409721375,1.499260402850319,1.4667959272361084,0.030711019325506232,-0.03483011261874269,UNKNOWN,0.35050901770591736,1.7517476081848145,5.0
84.98643827438354,1.499262574638972,1.466971224197526,0.029488198592080087,-0.03181280485105331,UNKNOWN,0.34892070293426514,1.7517476081848145,5.0
84.9874312877655,1.4992659485978674,1.4672435586822128,0.029488198592080087,-0.03181280485105331,UNKNOWN,1.0535411834716797,0.34885746240615845,5.0
84.98996591567993,1.4992710168620034,1.4680233738311728,0.029488198592080087,-0.03181280485105331,UNKNOWN,0.35050901770591736,0.6991086006164551,5.0
84.99095296859741,1.4992740831934999,1.4682763712397124,0.029488198592080087,-0.03181280485105331,UNKNOWN,0.0,1.7523854970932007,5.0
85.02535223960876,1.4992767955350204,1.4684589489593507,0.029488198592080087,-0.03181280485105331,UNKNOWN,0.0,0.6995531916618347,5.0
85.02816700935364,1.4992864966132036,1.469250993529125,0.029488198592080087,-0.03181280485105331,UNKNOWN,0.6992355585098267,0.34961777925491333,5.0
85.05551385879517,1.4992957404079776,1.4699189661650998,0.028157651491525288,-0.022153508405729827,UNKNOWN,0.3497448265552521,1.3989793062210083,5.0
85.07280135154724,1.4993019188426953,1.4703206148301484,0.028157651491525288,-0.022153508405729827,UNKNOWN,0.35050901770591736,1.3989793062210083,5.0
85.074045419693,1.4993102033206671,1.4710167200686861,0.026718834355257674,-0.023231563292187563,UNKNOWN,0.6992355585098267,1.3984711170196533,5.0
85.09544205665588,1.4993157520701788,1.4714017748340942,0.026718834355257674,-0.023231563292187563,UNKNOWN,1.0514312982559204,0.35041332244873047,5.0
85.09649515151978,1.4993173946863094,1.4715350171508574,0.026718834355257674,-0.023231563292187563,UNKNOWN,0.3844224810600281,0.0,5.0
85.11112451553345,1.4993193501754245,1.4717146295051586,0.026718834355257674,-0.023231563292187563,UNKNOWN,0.35015836358070374,0.3501901924610138,5.0
85.15558409690857,1.4993299811750103,1.4725274320552157,0.026718834355257674,-0.023231563292187563,UNKNOWN,1.0515270233154297,0.3501901924610138,5.0
85.15669512748718,1.4993340294620872,1.4728852149807345,0.026718834355257674,-0.023231563292187563,UNKNOWN,1.0472365617752075,0.0,5.0
85.17761564254761,1.4993368630338109,1.4731872811630973,0.026718834355257674,-0.023231563292187563,UNKNOWN,1.0472365617752075,0.34907886385917664,5.0
85.17894577980042,1.4993390945385667,1.4734004337284148,0.026718834355257674,-0.023231563292187563,UNKNOWN,0.35105231404304504,0.7019766569137573,5.0
85.20719242095947,1.499346007354136,1.4739416034568513,0.026718834355257674,-0.023231563292187563,UNKNOWN,0.6992990970611572,0.34961777925491333,5.0
85.22777366638184,1.4993479167847394,1.4740632347278089,0.026718834355257674,-0.023231563292187563,UNKNOWN,0.6992990970611572,0.34961777925491333,5.0
85.22891759872437,1.4993520702067862,1.474352005220148,0.026718834355257674,-0.023231563292187563,UNKNOWN,0.35050901770591736,0.0,5.0
85.22986841201782,1.4993559672436305,1.4746440947565511,0.026718834355257674,-0.023231563292187563,UNKNOWN,0.7687681913375854,0.384307324886322,5.0
85.24627828598022,1.4993606482379043,1.475020935564028,0.026718834355257674,-0.023231563292187563,UNKNOWN,0.0,1.0517184734344482,5.0
85.27051854133606,1.4993649718274502,1.475283022090706,0.026718834355257674,-0.023231563292187563,UNKNOWN,0.3496813178062439,0.34949082136154175,5.0
85.27832674980164,1.4993714422748654,1.4756752648011158,0.026718834355257674,-0.023231563292187563,UNKNOWN,0.3496813178062439,0.34949082136154175,5.0
85.28577136993408,1.49937714105802,1.4759500566554824,0.026718834355257674,-0.023231563292187563,UNKNOWN,0.0,1.049139142036438,5.0
85.31666398048401,1.4993835288193935,1.4762440427559944,0.026718834355257674,-0.023231563292187563,UNKNOWN,0.7602667808532715,0.38020846247673035,5.0
85.31772303581238,1.4993910574511706,1.4766083034799744,0.026718834355257674,-0.023231563292187563,UNKNOWN,0.6981577277183533,0.6982210874557495,5.0
85.31863141059875,1.4993935743788323,1.4767300799180059,0.026718834355257674,-0.023231563292187563,UNKNOWN,0.0,0.35118040442466736,5.0
85.33947086334229,1.499396495768628,1.4768629560604953,0.026718834355257674,-0.023231563292187563,UNKNOWN,0.3496495485305786,0.0,5.0
85.34057879447937,1.49939922927285,1.476995984203867,0.026718834355257674,-0.023231563292187563,UNKNOWN,0.35047709941864014,0.7008903622627258,5.0
85.38486695289612,1.4994010393060113,1.4770907077981135,0.026718834355257674,-0.023231563292187563,UNKNOWN,-0.34961777925491333,0.34942740201950073,5.0
85.42160177230835,1.4994091151549174,1.4774449293700618,0.026718834355257674,-0.023231563292187563,UNKNOWN,0.35047709941864014,1.0513355731964111,5.0
85.42263412475586,1.4994186586538316,1.477831071003101,0.026718834355257674,-0.023231563292187563,UNKNOWN,0.6992990970611572,0.34961777925491333,5.0
85.423495054245,1.4994285810810144,1.4782565222756312,0.026718834355257674,-0.023231563292187563,UNKNOWN,1.0515270233154297,0.0,5.0
85.42433142662048,1.4994318195965293,1.47838681126179,0.026718834355257674,-0.023231563292187563,UNKNOWN,0.34961777925491333,0.6991720795631409,5.0
85.46608114242554,1.4994536858460554,1.4792903043682184,0.026718834355257674,-0.023231563292187563,UNKNOWN,1.0516228675842285,0.7010818719863892,5.0
85.47594738006592,1.4994615936446427,1.4796506990730247,0.026718834355257674,-0.023231563292187563,UNKNOWN,1.0516228675842285,0.7010818719863892,5.0
85.47709035873413,1.4994644689948253,1.4797817430453222,0.026718834355257674,-0.023231563292187563,UNKNOWN,0.6992355585098267,0.6991720795631409,5.0
85.53724956512451,1.499477314151837,1.4803077388466266,0.01864521014566008,-0.008869972336725152,UNKNOWN,0.0,0.0,5.0
85.56841158866882,1.4994834973149807,1.4805721678285448,0.0,0.0,UNKNOWN,0.0,0.0,5.0
85.58103561401367,1.499503542827482,1.481395843353756,0.0,0.0,UNKNOWN,1.1069554090499878,0.6991720795631409,5.0
85.58219814300537,1.4995058006186999,1.4814886247448704,0.00864521014566008,1.2,UNKNOWN,0.364962637424469,1.106425166130066,5.0
85.59349083900452,1.499508864718435,1.4816199585913346,0.00864521014566008,1.2,UNKNOWN,0.0,0.35047709941864014,5.0
85.60855460166931,1.4995120612535195,1.4817491029128191,0.00864521014566008,1.2,UNKNOWN,0.0,0.34958603978157043,5.0
85.61199522018433,1.4995144136292344,1.4818390628860223,0.00864521014566008,1.2,UNKNOWN,0.0,0.34958603978157043,5.0
85.6132869720459,1.4995174338497528,1.4819690718522578,0.0,1.2,UNKNOWN,0.7010180354118347,-0.3503176271915436,5.0
85.63935947418213,1.4995146844767495,1.4817091883470452,0.0,1.2,UNKNOWN,1.1532673835754395,-1.1531522274017334,5.0
85.6404287815094,1.49951487715398,1.4817988594363298,0.0,1.2,UNKNOWN,0.7009541988372803,-1.4017807245254517,5.0
85.65964221954346,1.4995138215636914,1.482189897870905,0.0,1.2,UNKNOWN,1.0502840280532837,-0.7002530097961426,5.0
85.67676043510437,1.4995138212638344,1.4821899217385692,0.0,1.2,UNKNOWN,1.0488533973693848,-1.0487580299377441,5.0
85.72324323654175,1.4994995608043187,1.482757351915443,0.0,1.2,UNKNOWN,2.0977067947387695,-1.748247742652893,5.0
85.7303695678711,1.499481627998948,1.4830583172234726,0.0,1.2,UNKNOWN,2.309532642364502,-1.5398423671722412,5.0
85.74340963363647,1.4995006706430263,1.482807626431288,0.0,1.2,UNKNOWN,2.309532642364502,-1.5398423671722412,5.0
85.76319694519043,1.499492619594903,1.4828947695439054,0.0,1.2,UNKNOWN,2.0996131896972656,-1.749836802482605,5.0
85.76447558403015,1.4994660563302196,1.4831529148474392,0.0,1.2,UNKNOWN,2.100950241088867,-1.400633454322815,5.0
85.78068113327026,1.4994763311868449,1.4830651689601582,0.0,1.2,UNKNOWN,1.7523854970932007,-2.1026711463928223,5.0
85.81037735939026,1.4994799399342071,1.4830259034316935,0.0,1.2,UNKNOWN,1.7523854970932007,-2.1026711463928223,5.0
85.83365559577942,1.4994933879086048,1.4829388627623954,0.0,1.2,UNKNOWN,1.7523854970932007,-2.1026711463928223,5.0
85.83484196662903,1.4994505063655748,1.4831953305728722,0.0,1.2,UNKNOWN,2.0978972911834717,-2.4475467205047607,5.0
85.86610913276672,1.499404489644855,1.4834177832558386,0.0,1.2,UNKNOWN,2.4475467205047607,-2.447991371154785,5.0
85.885329246521,1.4994044738585568,1.4834178530702145,0.0,1.2,UNKNOWN,2.4475467205047607,-2.447991371154785,5.0
85.88656806945801,1.4994044570021778,1.4834179221320256,0.0,1.2,UNKNOWN,2.1026711463928223,-2.102479934692383,5.0
85.90457010269165,1.4994044570021778,1.4834179221320256,0.0,1.2,UNKNOWN,2.1059300899505615,-2.1057379245758057,5.0
85.90925931930542,1.499404435310131,1.4834180004235284,0.0,1.2,UNKNOWN,2.1059300899505615,-2.1057379245758057,5.0
85.9531946182251,1.4994419582094611,1.4832920652800552,0.0,1.2,UNKNOWN,2.0977067947387695,-2.4475467205047607,5.0
85.95420861244202,1.4994419288513883,1.4832921575536713,0.0,1.2,UNKNOWN,2.1030540466308594,-2.1026711463928223,5.0
85.97880029678345,1.4994418848367665,1.483292290579629,0.0,1.2,UNKNOWN,2.102862596511841,-2.102479934692383,5.0
85.98906660079956,1.4995030481568838,1.483117261227949,0.0,1.2,UNKNOWN,1.748247742652893,-2.102479934692383,5.0
85.99022197723389,1.499563139203612,1.482951722230523,0.0,1.2,UNKNOWN,2.4495487213134766,-2.447324514389038,5.0
85.99116396903992,1.4995187702709034,1.4830697282585068,0.0,1.2,UNKNOWN,2.451108455657959,-2.0996131896972656,5.0
86.01182699203491,1.4995187702709034,1.4830697282585068,0.0,1.2,UNKNOWN,2.451108455657959,-2.1007590293884277,5.0
86.03151321411133,1.4995187328484507,1.483069817468731,0.0,1.2,UNKNOWN,2.0977067947387695,-2.0973258018493652,5.0
86.04472923278809,1.4995187629583144,1.4830697479461203,0.0,1.2,UNKNOWN,2.4535632133483887,-2.4533398151397705,5.0
86.06722164154053,1.4995187852368337,1.4830696989488137,0.0,1.2,UNKNOWN,2.1026711463928223,-2.102479934692383,5.0
86.07535934448242,1.4995188115954452,1.48306964289594,0.0,1.2,UNKNOWN,2.1026711463928223,-2.102479934692383,5.0
86.07710671424866,1.4995182524521535,1.4830707877805218,0.0,1.2,UNKNOWN,2.0978972911834717,-2.098087787628174,5.0
86.10004234313965,1.4995182148330177,1.4830708624982254,0.0,1.2,UNKNOWN,2.4475467205047607,-2.447324514389038,5.0
86.10330533981323,1.499518061087679,1.4830711532905407,0.0,1.2,UNKNOWN,2.4632060527801514,-2.4632060527801514,5.0
86.12291216850281,1.4994543038406516,1.4831867030556962,0.0,1.2,UNKNOWN,2.447324514389038,-2.0978972911834717,5.0
86.13181352615356,1.4994542655777698,1.4831867694572318,0.0,1.2,UNKNOWN,2.102862596511841,-2.1026711463928223,5.0
86.15550136566162,1.499407727261049,1.483264238127173,0.0,1.2,UNKNOWN,2.0978972911834717,-1.7480889558792114,5.0
86.17096829414368,1.4994689833785084,1.483164707670808,0.0,1.2,UNKNOWN,2.0977067947387695,-2.0975160598754883,5.0
86.19186735153198,1.499468952651694,1.4831647560755281,0.0,1.2,UNKNOWN,2.0977067947387695,-2.0975160598754883,5.0
86.19352006912231,1.499365874216478,1.4833223480218747,0.0,1.2,UNKNOWN,2.306534767150879,-1.9219204187393188,5.0
86.1949372291565,1.4993658316866731,1.4833224099715927,0.0,1.2,UNKNOWN,2.1061220169067383,-2.4571423530578613,5.0
86.22276997566223,1.4993657883593303,1.483322470728444,0.0,1.2,UNKNOWN,2.0978972911834717,-1.748247742652893,5.0
86.22399187088013,1.4993657543062195,1.4833225167320183,0.0,1.2,UNKNOWN,2.102862596511841,-2.1026711463928223,5.0
86.2479395866394,1.4994421609329642,1.4832221774424357,0.0,1.2,UNKNOWN,1.748247742652893,-2.0977067947387695,5.0
86.24900507926941,1.4993877449331667,1.4832914561728123,0.0,1.2,UNKNOWN,2.1030540466308594,-1.7523854970932007,5.0
86.2652440071106,1.4994748513509182,1.4831829173207514,0.0,1.2,UNKNOWN,2.447324514389038,-2.4471020698547363,5.0
86.27363848686218,1.4993954158030063,1.4832780235656862,0.0,1.2,UNKNOWN,2.0977067947387695,-1.7479301691055298,5.0
86.29342818260193,1.4993951346405414,1.4832783502912161,0.0,1.2,UNKNOWN,2.0977067947387695,-1.7479301691055298,5.0
86.32550644874573,1.4994812426025712,1.4831819879007098,0.0,1.2,UNKNOWN,2.0978972911834717,-2.4475467205047607,5.0
86.32917165756226,1.499481200485233,1.4831820333449495,0.0,1.2,UNKNOWN,2.0978972911834717,-2.4475467205047607,5.0
86.33340620994568,1.4994811526207938,1.4831820834903469,0.0,1.2,UNKNOWN,2.0977067947387695,-2.0975160598754883,5.0
86.3720190525055,1.4995751338263235,1.483089412697219,0.0,1.2,UNKNOWN,2.0975160598754883,-2.0975160598754883,5.0
86.39675259590149,1.4996681691370704,1.4830010159945997,0.0,1.2,UNKNOWN,2.1034369468688965,-2.454233407974243,5.0
86.40467357635498,1.4996028661018248,1.4830608608050362,0.0,1.2,UNKNOWN,2.0978972911834717,-2.4477691650390625,5.0
86.43733191490173,1.4996029189342408,1.4830608135842662,0.0,1.2,UNKNOWN,2.453786611557007,-2.0975160598754883,5.0
86.43831181526184,1.4995364893558447,1.4831181988122055,0.0,1.2,UNKNOWN,2.0977067947387695,-2.103245735168457,5.0
86.43923473358154,1.4994693084064576,1.4831748009830894,0.0,1.2,UNKNOWN,1.7525451183319092,-1.7480889558792114,5.0
86.47788572311401,1.4994668505197273,1.483183063701568,0.0,1.2,UNKNOWN,2.447324514389038,-2.4533398151397705,5.0
86.50537753105164,1.4995727540999853,1.4831074524664725,0.0,1.2,UNKNOWN,2.4535632133483887,-2.102862596511841,5.0
86.52008819580078,1.4994974236683682,1.4831591834983568,0.0,1.2,UNKNOWN,2.103245735168457,-2.4471020698547363,5.0
86.54158067703247,1.4994973807019498,1.4831592123222714,0.0,1.2,UNKNOWN,2.103245735168457,-1.7527047395706177,5.0
86.57303881645203,1.4994973252420298,1.4831592485460972,0.0,1.1347164490284367,UNKNOWN,2.102862596511841,-2.1026711463928223,5.0
86.57417321205139,1.499608690998364,1.4830889836910346,0.0,1.1347164490284367,UNKNOWN,2.0978972911834717,-2.447324514389038,5.0
86.57663154602051,1.4996087636319673,1.4830889397226277,0.0,1.1347164490284367,UNKNOWN,2.447324514389038,-2.1026711463928223,5.0
86.60308909416199,1.4996086914219822,1.4830889814633543,0.0,1.1347164490284367,UNKNOWN,2.447324514389038,-2.4475467205047607,5.0
86.604159116745,1.4996086914219822,1.4830889814633543,0.0,1.1347164490284367,UNKNOWN,2.306534767150879,-2.306304454803467,5.0
86.67185497283936,1.499851295569306,1.482960106954822,0.0,0.910908552827439,UNKNOWN,2.0984690189361572,-2.0977067947387695,5.0
86.67291140556335,1.4998515109838275,1.4829600029607337,0.0,0.910908552827439,UNKNOWN,1.7527047395706177,-2.0984690189361572,5.0
86.68328309059143,1.4998516399647166,1.4829599429367553,0.0,0.910908552827439,UNKNOWN,2.099804162979126,-2.1001861095428467,5.0
86.68426632881165,1.4998515847537737,1.482959967503144,0.0,0.910908552827439,UNKNOWN,1.7507917881011963,-1.7506325244903564,5.0
86.71781134605408,1.4997701302473863,1.4829948183684967,0.0,0.8145799378523595,UNKNOWN,1.7525451183319092,-1.4019083976745605,5.0
86.71900486946106,1.4997701302473863,1.4829948183684967,0.0,0.8145799378523595,UNKNOWN,1.7480889558792114,-1.7480889558792114,5.0
86.76224756240845,1.4998933698885217,1.482945365770877,0.0,0.714587400222995,UNKNOWN,1.4019083976745605,-1.7480889558792114,5.0
86.76325845718384,1.499763431201562,1.4829939066886197,0.0,0.714587400222995,UNKNOWN,1.3985981941223145,-1.4016532897949219,5.0
86.76419758796692,1.4998476673371595,1.4829637283796935,0.0,0.714587400222995,UNKNOWN,1.7522259950637817,-1.3984711170196533,5.0
86.79321956634521,1.4997334742814987,1.4830035202477105,0.0,0.6478905219690372,UNKNOWN,1.4020360708236694,-1.7479301691055298,5.0
86.7945818901062,1.4998260176934266,1.482972219174636,0.0,0.6478905219690372,UNKNOWN,1.1531522274017334,-1.0515270233154297,5.0
86.83126783370972,1.499825961754552,1.482972237634869,0.0,0.6478905219690372,UNKNOWN,1.7507917881011963,-1.7506325244903564,5.0
86.83233380317688,1.4997402476431543,1.482999199203305,0.0,0.6478905219690372,UNKNOWN,1.4020360708236694,-1.0516228675842285,5.0
86.83327078819275,1.499740186941821,1.4829992178442708,0.0,0.6478905219690372,UNKNOWN,1.3984711170196533,-1.3982172012329102,5.0
86.8342010974884,1.499740152884386,1.4829992280219308,0.0,0.6478905219690372,UNKNOWN,1.0514312982559204,-1.0513355731964111,5.0
86.87192010879517,1.499611759927132,1.4830375855993627,0.0,0.5581103634864366,UNKNOWN,1.4020360708236694,-0.7010180354118347,5.0
86.89636874198914,1.499611759927132,1.4830375855993627,0.0,0.5581103634864366,UNKNOWN,1.4021637439727783,-1.4021637439727783,5.0
86.9225697517395,1.499611744267206,1.4830375896818684,0.0,0.5099895078237129,UNKNOWN,0.6991720795631409,-0.6991086006164551,5.0
86.92380809783936,1.4996119209571221,1.4830375443457064,0.0,0.43959735282110746,UNKNOWN,0.7008266448974609,-0.3502539098262787,5.0
86.92474913597107,1.4998614376745287,1.4829773560488653,0.0,0.43959735282110746,UNKNOWN,1.748724102973938,-1.7492008209228516,5.0
86.92568778991699,1.4997763161734832,1.482997389757928,0.0,0.43959735282110746,UNKNOWN,0.3504451811313629,-1.0512399673461914,5.0
86.94237852096558,1.5001548329843257,1.4829151020108926,0.0,0.43959735282110746,UNKNOWN,0.0,-1.7520666122436523,5.0
87.00042653083801,1.5002425943100264,1.482896407367574,0.01,0.38724427650631466,UNKNOWN,0.6981577277183533,-1.0520060062408447,5.0
87.00148630142212,1.499888946915655,1.4829699462115944,0.01,0.38724427650631466,UNKNOWN,2.4571423530578613,-1.0465723276138306,5.0
87.00242781639099,1.499985683363139,1.482950807391207,0.01,0.38724427650631466,UNKNOWN,0.3529187738895416,-0.7021046280860901,5.0
87.01022529602051,1.5004895227384372,1.482852799115328,0.01,0.38724427650631466,UNKNOWN,0.3529187738895416,-0.7057082056999207,5.0
87.02906322479248,1.49984184749106,1.48297506079221,0.01,0.38724427650631466,UNKNOWN,2.1030540466308594,-0.3502857983112335,5.0
87.03028750419617,1.5001015399405646,1.4829287160518072,0.02,0.33050059310313973,UNKNOWN,0.6992355585098267,0.0,5.0
87.0566017627716,1.5003620458638764,1.4828829923332176,0.02,0.33050059310313973,UNKNOWN,0.34961777925491333,-1.048282265663147,5.0
87.0921323299408,1.4997287975567395,1.4829904086768806,0.02,0.33050059310313973,UNKNOWN,2.1030540466308594,-0.35050901770591736,5.0
87.09549927711487,1.4998173534545762,1.4829764413974351,0.03,0.2939312465505326,UNKNOWN,0.0,0.0,5.0
87.0965359210968,1.4994028995277306,1.4830413894571568,0.03,0.2939312465505326,UNKNOWN,1.3963154554367065,-0.7013373374938965,5.0
87.13615083694458,1.4992825440480748,1.4830596912145375,0.04,0.27658706324982063,UNKNOWN,0.3496495485305786,0.0,5.0
87.13720059394836,1.4990218318698372,1.4830989852113725,0.04,0.27658706324982063,UNKNOWN,1.0515270233154297,0.0,5.0
87.14764785766602,1.4982810950099277,1.4832078320382407,0.04,0.27658706324982063,UNKNOWN,0.35050901770591736,0.0,5.0
87.17914462089539,1.4975893268445601,1.4833043634230818,0.04,0.27658706324982063,UNKNOWN,0.35050901770591736,0.0,5.0
87.18666696548462,1.4973014963509492,1.4833423146957005,0.04,0.27658706324982063,UNKNOWN,1.9017935991287231,0.0,5.0
87.19025611877441,1.4965626777221497,1.4834373718304625,0.05,0.23989750884386574,UNKNOWN,1.0497112274169922,0.0,5.0
87.21623849868774,1.4961709803435834,1.4834845646708947,0.05,0.23989750884386574,UNKNOWN,1.0513355731964111,0.0,5.0
87.21726202964783,1.4955195874271459,1.483560229171239,0.05,0.23989750884386574,UNKNOWN,1.748247742652893,0.0,5.0
87.25078892707825,1.4950808906042088,1.4836080377827336,0.060000000000000005,0.19511618140712894,UNKNOWN,1.748247742652893,0.3504451811313629,5.0
87.26806426048279,1.4945675315276925,1.4836624964613971,0.060000000000000005,0.19511618140712894,UNKNOWN,1.748247742652893,0.34961777925491333,5.0
87.2973952293396,1.4936870919550986,1.483748895927658,0.07,0.16510268739918743,UNKNOWN,1.3983441591262817,0.34955430030822754,5.0
87.29841709136963,1.4930968699832416,1.4838042018438575,0.07,0.16510268739918743,UNKNOWN,1.5376899242401123,0.0,5.0
87.29934120178223,1.4926564670756237,1.4838426236410462,0.07,0.16510268739918743,UNKNOWN,1.7523854970932007,0.35047709941864014,5.0
87.31753134727478,1.4921531163410142,1.4838841142261128,0.07,0.16510268739918743,UNKNOWN,1.400633454322815,0.0,5.0
87.31861162185669,1.4915029763197778,1.483934132105804,0.08,0.13196551507739684,UNKNOWN,1.4017807245254517,0.35047709941864014,5.0
87.34483599662781,1.4904564800111035,1.4840101924578175,0.08,0.13196551507739684,UNKNOWN,1.7525451183319092,0.0,5.0
87.34588694572449,1.4897434505920046,1.4840599834730415,0.08,0.13196551507739684,UNKNOWN,1.3982172012329102,1.7479301691055298,5.0
87.36005806922913,1.4889505621446992,1.4841138118358683,0.08,0.13196551507739684,UNKNOWN,1.3982172012329102,1.7479301691055298,5.0
87.38336563110352,1.4880673959989414,1.4841746164192646,0.08,0.13196551507739684,UNKNOWN,2.103245735168457,1.4019083976745605,5.0
87.40374231338501,1.4869344119032706,1.4842504410139448,0.09,0.11614190537107394,UNKNOWN,1.7480889558792114,1.0488533973693848,5.0
87.40473747253418,1.4859922745196068,1.484310589500764,0.09,0.11614190537107394,UNKNOWN,1.4019083976745605,0.35041332244873047,5.0
87.42466521263123,1.484275015127926,1.4844082017853797,0.09,0.11614190537107394,UNKNOWN,2.0977067947387695,0.6992355585098267,5.0
87.48177361488342,1.4811351152483685,1.4845708721310316,0.10999999999999999,0.06865263510821862,UNKNOWN,2.1030540466308594,1.0515270233154297,5.0
87.48289489746094,1.4799108883536853,1.4846256843427679,0.10999999999999999,0.06865263510821862,UNKNOWN,2.0977067947387695,1.3982172012329102,5.0
87.48386073112488,1.4784949198773076,1.484685320871761,0.10999999999999999,0.06865263510821862,UNKNOWN,1.7525451183319092,2.102862596511841,5.0
87.50061297416687,1.4776179663331528,1.484723478733628,0.10999999999999999,0.06865263510821862,UNKNOWN,2.094473123550415,2.102862596511841,5.0
87.5227198600769,1.4756842115718556,1.484803943219168,0.10999999999999999,0.06865263510821862,UNKNOWN,2.094473123550415,2.102862596511841,5.0
87.52376890182495,1.473980673872695,1.4848748298821424,0.10999999999999999,0.06865263510821862,UNKNOWN,2.1059300899505615,1.403825283050537,5.0
87.54612493515015,1.4727251386003475,1.4849270724073145,0.10999999999999999,0.06865263510821862,UNKNOWN,2.4475467205047607,2.4477691650390625,5.0
87.58407664299011,1.4676245359806317,1.4851314151566224,0.10999999999999999,0.06865263510821862,UNKNOWN,2.4535632133483887,1.7480889558792114,5.0
87.58786749839783,1.4659314744159075,1.4851953053796738,0.10999999999999999,0.06865263510821862,UNKNOWN,2.452669858932495,2.1022884845733643,5.0
87.60376596450806,1.4645947298741344,1.4852438634504814,0.10999999999999999,0.06865263510821862,UNKNOWN,2.7918715476989746,2.4431092739105225,5.0
87.65677070617676,1.461343982505575,1.4853569746763433,0.10999999999999999,0.06865263510821862,UNKNOWN,2.803816795349121,2.4431092739105225,5.0
87.6578733921051,1.4599393528490496,1.4854033470324997,0.10999999999999999,0.06865263510821862,UNKNOWN,2.442887544631958,2.8033065795898438,5.0
87.65880727767944,1.4588056724469285,1.4854407727177754,0.10999999999999999,0.06865263510821862,UNKNOWN,2.809187173843384,2.0937137603759766,5.0
87.68698596954346,1.457470490901316,1.4854835889437874,0.10999999999999999,0.06865263510821862,UNKNOWN,2.809187173843384,2.4582629203796387,5.0
87.68806385993958,1.4554869188205024,1.485545287212318,0.10999999999999999,0.06865263510821862,UNKNOWN,2.7969422340393066,2.4468801021575928,5.0
87.71135807037354,1.454164842659711,1.4855845171951703,0.10999999999999999,0.06865263510821862,UNKNOWN,2.8321774005889893,2.4535632133483887,5.0
87.71241426467896,1.4524720349940436,1.485633132825694,0.10999999999999999,0.06865263510821862,UNKNOWN,3.4198498725891113,2.4765608310699463,5.0
87.73550581932068,1.4506116234013489,1.485684556699384,0.10999999999999999,0.06865263510821862,UNKNOWN,3.4198498725891113,3.0398666858673096,5.0
87.74265766143799,1.448486890653425,1.4857461409401154,0.10999999999999999,0.06865263510821862,UNKNOWN,2.7969422340393066,2.7969422340393066,5.0
87.74377512931824,1.4464178133473762,1.4858061120376722,0.10999999999999999,0.06865263510821862,UNKNOWN,2.804072141647339,2.4533398151397705,5.0
87.79358196258545,1.444509842651273,1.485856070548697,0.10999999999999999,0.06865263510821862,UNKNOWN,3.5050902366638184,2.4471020698547363,5.0
87.79476690292358,1.4418749834331943,1.4859221962096223,0.10999999999999999,0.06865263510821862,UNKNOWN,3.496177911758423,3.154294013977051,5.0
87.79568099975586,1.4398407021288973,1.48597324685158,0.10999999999999999,0.06865263510821862,UNKNOWN,2.804072141647339,3.4958603382110596,5.0
87.83532905578613,1.4375938043152547,1.486032540463711,0.10999999999999999,0.06865263510821862,UNKNOWN,2.83817982673645,2.7633168697357178,5.0
87.83633995056152,1.4358692686783145,1.4860805181383523,0.10999999999999999,0.06865263510821862,UNKNOWN,3.459111452102661,3.193246364593506,5.0
87.83726167678833,1.4333492929205238,1.4861478563774022,0.10999999999999999,0.06865263510821862,UNKNOWN,3.852442502975464,3.074458599090576,5.0
87.85841059684753,1.430842502267118,1.4862080031289506,0.10999999999999999,0.06865263510821862,UNKNOWN,3.852442502975464,3.1517117023468018,5.0
87.85952568054199,1.4292306819601495,1.4862489754672341,0.10999999999999999,0.06865263510821862,UNKNOWN,3.154294013977051,3.5044519901275635,5.0
87.86284589767456,1.42681127489792,1.4863104746769311,0.10999999999999999,0.06865263510821862,UNKNOWN,3.496177911758423,3.1540067195892334,5.0
87.89138627052307,1.4247506090530528,1.4863600180381091,0.10999999999999999,0.06865263510821862,UNKNOWN,3.496177911758423,3.146845817565918,5.0
87.89870285987854,1.4221682627723167,1.4864193621100856,0.19000000000000003,0.028887157128568042,UNKNOWN,3.496177911758423,3.5050902366638184,5.0
87.89978289604187,1.419559512247344,1.4864827805770784,0.19000000000000003,0.028887157128568042,UNKNOWN,3.5050902366638184,3.8454463481903076,5.0
87.91749358177185,1.4171854715887255,1.486540490218523,0.19000000000000003,0.028887157128568042,UNKNOWN,3.146559953689575,3.1462743282318115,5.0
87.9186282157898,1.415277197966198,1.4865868754832343,0.20000000000000004,0.029611194011045505,UNKNOWN,3.8555991649627686,3.5047709941864014,5.0
87.9402756690979,1.413241785111844,1.4866343479946957,0.20000000000000004,0.029611194011045505,UNKNOWN,3.8517417907714844,3.8517417907714844,5.0
87.94177794456482,1.410652616601495,1.4866947359064258,0.20000000000000004,0.029611194011045505,UNKNOWN,3.805467128753662,3.8920962810516357,5.0
87.95168590545654,1.4087222116891496,1.4867422923280167,0.20000000000000004,0.029611194011045505,UNKNOWN,3.805467128753662,3.8920962810516357,5.0
87.96866822242737,1.4067011587484861,1.4867921027784943,0.21000000000000005,0.03045984672225277,UNKNOWN,3.846144914627075,3.8475427627563477,5.0
87.97524785995483,1.4044075937356806,1.4868486386179707,0.21000000000000005,0.03045984672225277,UNKNOWN,3.846144914627075,3.8475427627563477,5.0
87.99398517608643,1.402008664078773,1.4869077824882346,0.21000000000000005,0.03045984672225277,UNKNOWN,4.195032119750977,3.4958603382110596,5.0
87.99506974220276,1.3996062479294296,1.486961343366121,0.21000000000000005,0.03045984672225277,UNKNOWN,3.8555991649627686,4.556617259979248,5.0
88.01266145706177,1.3967345261132942,1.487031587544648,0.21000000000000005,0.03045984672225277,UNKNOWN,4.233720302581787,3.848067045211792,5.0
88.03349995613098,1.3936801250509805,1.4871017712991665,0.22000000000000006,0.030280190387604655,UNKNOWN,4.228647232055664,3.843456983566284,5.0
88.03455567359924,1.3912584788333489,1.48715359700021,0.22000000000000006,0.030280190387604655,UNKNOWN,4.212244033813477,4.563680171966553,5.0
88.04908752441406,1.3891189166006204,1.4872016305022533,0.22000000000000006,0.030280190387604655,UNKNOWN,3.8457956314086914,4.563680171966553,5.0
88.06460452079773,1.3862621543894669,1.487271249338834,0.22000000000000006,0.030280190387604655,UNKNOWN,4.556617259979248,3.859464168548584,5.0
88.09309339523315,1.3840457892223013,1.4873195869763849,0.23000000000000007,0.030303954875350314,UNKNOWN,4.556617259979248,3.859464168548584,5.0
88.09424901008606,1.380988291634366,1.487380196612346,0.23000000000000007,0.030303954875350314,UNKNOWN,4.5450310707092285,3.8437013626098633,5.0
88.10821056365967,1.378692671605451,1.4874226802493526,0.23000000000000007,0.030303954875350314,UNKNOWN,4.1946516036987305,4.894204139709473,5.0
88.1114981174469,1.3763397454200081,1.4874707213518499,0.23000000000000007,0.030303954875350314,UNKNOWN,4.1946516036987305,4.894204139709473,5.0
88.16800689697266,1.366583205777522,1.4876601603335111,0.24000000000000007,0.02058334848608645,UNKNOWN,4.612608909606934,4.228224754333496,5.0
88.16929173469543,1.3643713391174794,1.4877030532188225,0.25000000000000006,0.020720557268179896,UNKNOWN,4.915180683135986,3.8612236976623535,5.0
88.17023277282715,1.361969412924396,1.4877427308807305,0.25000000000000006,0.020720557268179896,UNKNOWN,4.544618129730225,4.894204139709473,5.0
88.21033215522766,1.3552080794501549,1.487851481431519,0.25000000000000006,0.020720557268179896,UNKNOWN,4.206108093261719,5.607633590698242,5.0
88.21157789230347,1.3515778193851509,1.487885130475956,0.26000000000000006,0.0006094001148913009,UNKNOWN,4.59805965423584,4.949483394622803,5.0
88.2562325000763,1.3479612763154865,1.4879238774359878,0.26000000000000006,0.0006094001148913009,UNKNOWN,4.907573223114014,5.704817295074463,5.0
88.25734543800354,1.3455060205802072,1.487950191322955,0.26000000000000006,0.0006094001148913009,UNKNOWN,5.244266510009766,4.908466815948486,5.0
88.25828552246094,1.3432386855790477,1.487967797885682,0.26000000000000006,0.0006094001148913009,UNKNOWN,4.613069534301758,4.1946516036987305,5.0
88.27465915679932,1.340717666647073,1.4879844385434124,0.26000000000000006,0.0006094001148913009,UNKNOWN,4.613069534301758,4.99799108505249,5.0
88.27587842941284,1.336968654614986,1.4880100478069351,0.2700000000000001,-0.004713390068738832,UNKNOWN,4.914284706115723,5.615813255310059,5.0
88.30558800697327,1.3331482052188817,1.4880258286790071,0.2700000000000001,-0.004713390068738832,UNKNOWN,5.593884468078613,4.8950934410095215,5.0
88.32383060455322,1.3251648499845525,1.48805285581219,0.2800000000000001,-0.00947051520540132,UNKNOWN,5.594392776489258,5.6066131591796875,5.0
88.3643147945404,1.321173196886233,1.4880598297539103,0.2800000000000001,-0.00947051520540132,UNKNOWN,5.257635116577148,4.892427444458008,5.0
88.37530064582825,1.3113572456382063,1.4880660419300458,0.2900000000000001,-0.017399399564900442,UNKNOWN,5.3819146156311035,6.150145530700684,5.0
88.39963555335999,1.3083484336589146,1.4880708512290464,0.2900000000000001,-0.017399399564900442,UNKNOWN,5.967889308929443,6.150145530700684,5.0
88.40060043334961,1.304560401973953,1.488073172210524,0.2900000000000001,-0.017399399564900442,UNKNOWN,5.943502426147461,5.616837024688721,5.0
88.44378066062927,1.2986403052876503,1.4880619249220943,0.3,-0.019324343124530685,UNKNOWN,5.593884468078613,4.8937602043151855,5.0
88.44477701187134,1.2943439343780587,1.4880680167844216,0.3,-0.019324343124530685,UNKNOWN,6.309162139892578,6.291977405548096,5.0
88.46479320526123,1.2902544399883542,1.4880565388882168,0.3,-0.019324343124530685,UNKNOWN,5.243314743041992,5.2571563720703125,5.0
88.46604418754578,1.2871213231412175,1.4880522198577408,0.3,-0.019324343124530685,UNKNOWN,5.608654975891113,6.659671306610107,5.0
88.52242350578308,1.282857519622721,1.488058714649485,0.3,-0.015518109994900442,UNKNOWN,5.772677421569824,5.943502426147461,5.0
88.52363753318787,1.2786131794703717,1.4880651602374795,0.3,-0.01585260773980668,UNKNOWN,5.259071350097656,5.771523475646973,5.0
88.5618736743927,1.2626565365894369,1.4881179588741542,0.3,-0.01585260773980668,UNKNOWN,5.945121765136719,5.958110809326172,5.0
88.5629894733429,1.2576453519027242,1.488110200927914,0.3,-0.01585260773980668,UNKNOWN,5.608144283294678,6.659064769744873,5.0
88.58476042747498,1.253546583136924,1.488110199833781,0.3,-0.01585260773980668,UNKNOWN,5.942962646484375,6.292548656463623,5.0
88.58999514579773,1.2491513222774693,1.4880913413190884,0.3,-0.018908002261269985,UNKNOWN,5.60610294342041,5.381377220153809,5.0
88.6166832447052,1.2461243428478004,1.4880868078912244,0.3,-0.018908002261269985,UNKNOWN,5.953774929046631,5.953774929046631,5.0
88.6402862071991,1.2431297923850806,1.4880823230313756,0.3,-0.02598001341993239,UNKNOWN,5.953774929046631,5.953774929046631,5.0
88.6704831123352,1.2385885340389429,1.4880668669442545,0.3,-0.02598001341993239,UNKNOWN,5.958110809326172,6.642737865447998,5.0
88.67825818061829,1.2355828514609855,1.4880692855347026,0.3,-0.02598001341993239,UNKNOWN,6.642737865447998,5.957568168640137,5.0
88.6793053150177,1.231316526401816,1.4880727122164314,0.3,-0.02598001341993239,UNKNOWN,5.255242824554443,5.593376636505127,5.0
88.69235825538635,1.2282828927234555,1.4880878688107237,0.3,-0.02598001341993239,UNKNOWN,5.596425533294678,6.306291580200195,5.0
88.69363784790039,1.2235618664351602,1.488120557065608,0.3,-0.0055480655758088915,UNKNOWN,6.659671306610107,6.295406818389893,5.0
88.69460463523865,1.2193956541644988,1.4881311674052353,0.3,-0.0055480655758088915,UNKNOWN,5.593376636505127,5.607633590698242,5.0
88.76355195045471,1.216564985298433,1.4881422399359348,0.3,-0.01412486163939164,UNKNOWN,6.91546106338501,5.958110809326172,5.0
88.76471996307373,1.213373251490487,1.4881608251397307,0.3,-0.01412486163939164,UNKNOWN,5.605082035064697,5.765761375427246,5.0
88.76568341255188,1.2103827211400946,1.4881688831439936,0.3,-0.01412486163939164,UNKNOWN,5.607633590698242,6.305717468261719,5.0
88.7666220664978,1.2058880261954656,1.488189542146688,0.3,-0.01412486163939164,UNKNOWN,6.643341064453125,5.957568168640137,5.0
88.77452492713928,1.202737960577626,1.4881908937558925,0.3,-0.01412486163939164,UNKNOWN,5.607122898101807,6.30457067489624,5.0
88.80046486854553,1.1993658140707495,1.488182492232521,0.3,-0.01412486163939164,UNKNOWN,5.607122898101807,6.291406154632568,5.0
88.80160522460938,1.195331205472185,1.4881810522730043,0.3,-0.02041942691257148,UNKNOWN,5.593376636505127,5.261467456817627,5.0
88.80278396606445,1.19228691839058,1.48816436185485,0.3,-0.02041942691257148,UNKNOWN,6.6627044677734375,5.759909152984619,5.0
88.80933475494385,1.1881800459747889,1.4881459417576157,0.3,-0.02041942691257148,UNKNOWN,5.429660320281982,6.15419340133667,5.0
88.81047034263611,1.1837125011572052,1.4881383105647277,0.3,-0.02041942691257148,UNKNOWN,6.293691635131836,5.594392776489258,5.0
88.82884955406189,1.1807179952652762,1.4881246879012073,0.3,-0.02041942691257148,UNKNOWN,5.958653450012207,5.958110809326172,5.0
88.84905433654785,1.176309928226602,1.4881046281399712,0.3,-0.029139208768544478,UNKNOWN,6.308588027954102,5.6066131591796875,5.0
88.8502037525177,1.1731869528870968,1.4880816481374068,0.3,-0.029139208768544478,UNKNOWN,5.944042205810547,6.293691635131836,5.0
88.87486600875854,1.1687134246306596,1.4880530458688144,0.3,-0.0275544204634528,UNKNOWN,5.60610294342041,6.305144309997559,5.0
88.88489031791687,1.1642488304066123,1.4880371730375586,0.3,-0.0275544204634528,UNKNOWN,6.29311990737915,5.593884468078613,5.0
88.88641357421875,1.1610907153921581,1.4880169783833288,0.3,-0.0275544204634528,UNKNOWN,5.237607955932617,5.958653450012207,5.0
88.88736176490784,1.1580201434068365,1.487997343525432,0.3,-0.0275544204634528,UNKNOWN,5.967889308929443,6.633701801300049,5.0
88.88830280303955,1.1538320925208438,1.487986913133007,0.3,-0.0275544204634528,UNKNOWN,6.29311990737915,5.617349624633789,5.0
88.92816090583801,1.1490332256594151,1.4879683872353595,0.3,-0.028543093669471276,UNKNOWN,5.607633590698242,6.308013439178467,5.0
88.95135140419006,1.1451141114409054,1.4879652086708104,0.3,-0.028543093669471276,UNKNOWN,6.309162139892578,5.959738254547119,5.0
88.99019432067871,1.1403245329316756,1.4879551747489146,0.3,-0.016442573088825796,UNKNOWN,5.593884468078613,5.959738254547119,5.0
88.99124026298523,1.1361889169905952,1.4879648560363132,0.3,-0.016442573088825796,UNKNOWN,5.958653450012207,6.642134666442871,5.0
88.99219489097595,1.1328228893270331,1.487968175332773,0.3,-0.016442573088825796,UNKNOWN,5.942962646484375,5.608144283294678,5.0
88.9931230545044,1.1287616419586142,1.487967695105674,0.3,-0.016442573088825796,UNKNOWN,5.608144283294678,5.592868804931641,5.0
89.03773808479309,1.1245390764359249,1.487978092905556,0.3,-0.019221999044922278,UNKNOWN,6.255361080169678,5.593884468078613,5.0
89.03882431983948,1.1213139030230268,1.4879815732331183,0.3,-0.019221999044922278,UNKNOWN,5.48953104019165,5.883462905883789,5.0
89.04582500457764,1.1172771116962892,1.4879987116600444,0.3,-0.019221999044922278,UNKNOWN,5.942423343658447,5.2456955909729,5.0
89.07604837417603,1.1139458324931473,1.488003801234069,0.3,-0.019221999044922278,UNKNOWN,5.942423343658447,5.2456955909729,5.0
89.07763767242432,1.1096518657520613,1.4880059362316138,0.3,-0.012660330454167479,RED,6.3103108406066895,5.959196090698242,5.0
89.11717534065247,1.0982896081190427,1.4880616614873472,0.3,-0.012660330454167479,RED,5.607633590698242,6.64394474029541,5.0
89.13643145561218,1.0947149433536874,1.488086689766793,0.3,-0.012660330454167479,RED,6.659671306610107,6.31203556060791,5.0
89.13769555091858,1.0906347228138422,1.4881110316936834,0.0,-0.0,RED,5.593884468078613,5.942423343658447,5.0
89.18567872047424,1.0858564521272678,1.488145906379557,0.0,-0.0,RED,6.642737865447998,5.607633590698242,5.0
89.20827198028564,1.0830731296096883,1.4881708526308863,0.0,-0.0,RED,4.206108093261719,4.2053422927856445,5.0
89.20931124687195,1.0823369487594692,1.4881774488260697,0.0,-0.0,RED,0.6992355585098267,1.3984711170196533,5.0
89.21023964881897,1.0821374150949432,1.488179766072929,0.0,-0.0,RED,0.7697672843933105,0.0,5.0
89.21812295913696,1.0798911190295748,1.4882010055883277,0.0,-0.0,RED,1.0520060062408447,0.0,5.0
89.26551938056946,1.0793801259075388,1.488205316318928,0.0,-0.0,RED,1.0486629009246826,0.34952256083488464,5.0
89.26672840118408,1.0791322928798082,1.4882067223834883,0.0,-0.0,RED,0.3505409359931946,0.3505409359931946,5.0
89.26769208908081,1.0790431308914155,1.488207228238229,0.0,-0.0,RED,0.0,0.34977659583091736,5.0
89.28446292877197,1.0791838012939141,1.488206294552437,0.0,-0.0,RED,0.0,0.34977659583091736,5.0
89.28555130958557,1.0791838012939141,1.488206294552437,0.0,-0.0,RED,-0.35050901770591736,0.0,5.0
89.29582452774048,1.0791838012939141,1.488206294552437,0.0,-0.0,RED,0.0,0.0,5.0
89.32147860527039,1.0791838012939141,1.488206294552437,0.0,-0.0,RED,0.0,0.0,5.0
89.32832622528076,1.0791838012939141,1.488206294552437,0.0,-0.0,RED,0.0,0.0,5.0
89.33256697654724,1.0791838012939141,1.488206294552437,0.0,-0.0,RED,0.0,0.0,5.0
89.37066888809204,1.0791838012939141,1.488206294552437,0.0,-0.0,RED,0.0,0.0,5.0
89.38451623916626,1.0791838012939141,1.488206294552437,0.0,-0.0,RED,0.0,0.0,5.0
89.38824200630188,1.0791838012939141,1.488206294552437,0.0,-0.0,RED,0.0,0.0,5.0
89.40361666679382,1.0791838012939141,1.488206294552437,0.0,-0.0,RED,0.0,0.0,5.0
89.40755200386047,1.0791838012939141,1.488206294552437,0.0,-0.0,RED,0.0,0.0,5.0
89.43962526321411,1.0791838012939141,1.488206294552437,0.0,-0.0,RED,0.0,0.0,5.0
89.4407365322113,1.0791838012939141,1.488206294552437,0.0,-0.0,RED,0.0,0.0,5.0
89.44168663024902,1.0791838012939141,1.488206294552437,0.0,-0.0,RED,0.0,0.0,5.0
89.46038317680359,1.0791838012939141,1.488206294552437,0.0,-0.0,RED,0.0,0.0,5.0
89.48154878616333,1.0791838012939141,1.488206294552437,0.0,-0.0,RED,0.0,0.0,5.0
89.48261666297913,1.0791838012939141,1.488206294552437,0.0,-0.0,RED,0.0,0.0,5.0
89.55220627784729,1.0791838012939141,1.488206294552437,0.0,-0.0,RED,0.0,0.0,5.0
89.5533275604248,1.0791838012939141,1.488206294552437,0.0,-0.0,RED,0.0,0.0,5.0
89.57828736305237,1.0791838012939141,1.488206294552437,0.0,-0.0,RED,0.0,0.0,5.0
89.57937693595886,1.0791838012939141,1.488206294552437,0.0,-0.0,RED,0.0,0.0,5.0
89.60475826263428,1.0791838012939141,1.488206294552437,0.0,-0.0,RED,0.0,0.0,5.0
89.6059422492981,1.0791838012939141,1.488206294552437,0.0,-0.0,RED,0.0,0.0,5.0
89.62225151062012,1.0791838012939141,1.488206294552437,0.0,-0.0,RED,0.0,0.0,5.0
89.63995003700256,1.0791838012939141,1.488206294552437,0.0,-0.0,RED,0.0,0.0,5.0
89.64390397071838,1.0791838012939141,1.488206294552437,0.0,-0.0,RED,0.0,0.0,5.0
89.64496850967407,1.0791838012939141,1.488206294552437,0.0,-0.0,RED,0.0,0.0,5.0
89.69992256164551,1.0791838012939141,1.488206294552437,0.0,-0.0,RED,0.0,0.0,5.0
89.74732661247253,1.0791838012939141,1.488206294552437,0.0,-0.0,RED,0.0,0.0,5.0
89.74851584434509,1.0791838012939141,1.488206294552437,0.0,-0.0,RED,0.0,0.0,5.0
89.74937558174133,1.0791838012939141,1.488206294552437,0.0,-0.0,RED,0.0,0.0,5.0
89.75020718574524,1.0791838012939141,1.488206294552437,0.0,-0.0,RED,0.0,0.0,5.0
89.76295781135559,1.0791838012939141,1.488206294552437,0.0,-0.0,RED,0.0,0.0,5.0
89.78692269325256,1.0791838012939141,1.488206294552437,0.0,-0.0,RED,0.0,0.0,5.0
89.81787109375,1.0791838012939141,1.488206294552437,0.0,-0.0,RED,0.0,0.0,5.0
89.8191430568695,1.0791838012939141,1.488206294552437,0.0,-0.0,RED,0.0,0.0,5.0
89.85353422164917,1.0791838012939141,1.488206294552437,0.0,-0.0,RED,0.0,0.0,5.0
89.87540698051453,1.0791838012939141,1.488206294552437,0.0,-0.0,RED,0.0,0.0,5.0
89.87665748596191,1.0791838012939141,1.488206294552437,0.0,-0.0,RED,0.0,0.0,5.0
89.89401650428772,1.0791838012939141,1.488206294552437,0.0,-0.0,RED,0.0,0.0,5.0
89.89512896537781,1.0791838012939141,1.488206294552437,0.0,-0.0,RED,0.0,0.0,5.0
89.89608931541443,1.0791838012939141,1.488206294552437,0.0,-0.0,RED,0.0,0.0,5.0
89.91703057289124,1.0791838012939141,1.488206294552437,0.0,-0.0,RED,0.0,0.0,5.0
89.91831278800964,1.0791838012939141,1.488206294552437,0.0,-0.0,RED,0.0,0.0,5.0
89.95946645736694,1.0791838012939141,1.488206294552437,0.0,-0.0,RED,0.0,0.0,5.0
89.96058106422424,1.0791838012939141,1.488206294552437,0.0,-0.0,RED,0.0,0.0,5.0
89.97882199287415,1.0791838012939141,1.488206294552437,0.0,-0.0,RED,0.0,0.0,5.0
89.98833870887756,1.0791838012939141,1.488206294552437,0.0,-0.0,RED,0.0,0.0,5.0
89.98937678337097,1.0791838012939141,1.488206294552437,0.0,-0.0,RED,0.0,0.0,5.0
89.99951815605164,1.0791838012939141,1.488206294552437,0.0,-0.0,RED,0.0,0.0,5.0
90.01129579544067,1.0791838012939141,1.488206294552437,0.0,-0.0,RED,0.0,0.0,5.0
90.01246500015259,1.0791838012939141,1.488206294552437,0.0,-0.0,RED,0.0,0.0,5.0
90.05346298217773,1.0791838012939141,1.488206294552437,0.0,-0.0,RED,0.0,0.0,5.0
90.05459713935852,1.0791838012939141,1.488206294552437,0.0,-0.0,RED,0.0,0.0,5.0
90.06853413581848,1.0791838012939141,1.488206294552437,0.0,-0.0,RED,0.0,0.0,5.0
90.09284830093384,1.0791838012939141,1.488206294552437,0.0,-0.0,RED,0.0,0.0,5.0
90.0939269065857,1.0791838012939141,1.488206294552437,0.0,-0.0,RED,0.0,0.0,5.0
90.094881772995,1.0791838012939141,1.488206294552437,0.0,-0.0,RED,0.0,0.0,5.0
90.10859894752502,1.0791838012939141,1.488206294552437,0.0,-0.0,RED,0.0,0.0,5.0
90.13579607009888,1.0791838012939141,1.488206294552437,0.0,-0.0,RED,0.0,0.0,5.0
90.13690638542175,1.0791838012939141,1.488206294552437,0.0,-0.0,RED,0.0,0.0,5.0
90.15545654296875,1.0791838012939141,1.488206294552437,0.0,-0.0,RED,0.0,0.0,5.0
90.18933176994324,1.0791838012939141,1.488206294552437,0.0,-0.0,RED,0.0,0.0,5.0
90.19688558578491,1.0791838012939141,1.488206294552437,0.0,-0.0,RED,0.0,0.0,5.0
90.2235004901886,1.0791838012939141,1.488206294552437,0.0,-0.0,RED,0.0,0.0,5.0
90.22475790977478,1.0791838012939141,1.488206294552437,0.0,-0.0,RED,0.0,0.0,5.0
90.24396848678589,1.0791838012939141,1.488206294552437,0.0,-0.0,RED,0.0,0.0,5.0
90.24506998062134,1.0791838012939141,1.488206294552437,0.0,-0.0,RED,0.0,0.0,5.0
90.25972986221313,1.0791838012939141,1.488206294552437,0.0,-0.0,RED,0.0,0.0,5.0
90.28676247596741,1.0791838012939141,1.488206294552437,0.0,-0.0,RED,0.0,0.0,5.0
90.2878246307373,1.0791838012939141,1.488206294552437,0.0,-0.0,RED,0.0,0.0,5.0
90.30564713478088,1.0791838012939141,1.488206294552437,0.0,-0.0,RED,0.0,0.0,5.0
90.361647605896,1.0791838012939141,1.488206294552437,0.0,-0.0,RED,0.0,0.0,5.0
90.39467072486877,1.0791838012939141,1.488206294552437,0.0,-0.0,RED,0.0,0.0,5.0
90.39569902420044,1.0791838012939141,1.488206294552437,0.0,-0.0,RED,0.0,0.0,5.0
90.41048812866211,1.0791838012939141,1.488206294552437,0.0,-0.0,RED,0.0,0.0,5.0
90.41156101226807,1.0791838012939141,1.488206294552437,0.0,-0.0,RED,0.0,0.0,5.0
90.41252994537354,1.0791838012939141,1.488206294552437,0.0,-0.0,RED,0.0,0.0,5.0
90.42928743362427,1.0791838012939141,1.488206294552437,0.0,-0.0,RED,0.0,0.0,5.0
90.45908617973328,1.0791838012939141,1.488206294552437,0.0,-0.0,RED,0.0,0.0,5.0
90.46765923500061,1.0791838012939141,1.488206294552437,0.0,-0.0,RED,0.0,0.0,5.0
90.46877551078796,1.0791838012939141,1.488206294552437,0.0,-0.0,RED,0.0,0.0,5.0
90.48095178604126,1.0791838012939141,1.488206294552437,0.0,-0.0,RED,0.0,0.0,5.0
90.48203539848328,1.0791838012939141,1.488206294552437,0.0,-0.0,RED,0.0,0.0,5.0
90.49843668937683,1.0791838012939141,1.488206294552437,0.0,-0.0,RED,0.0,0.0,5.0
90.4995641708374,1.0791838012939141,1.488206294552437,0.0,-0.0,RED,0.0,0.0,5.0
90.54274106025696,1.0791838012939141,1.488206294552437,0.0,-0.0,RED,0.0,0.0,5.0
90.55503010749817,1.0791838012939141,1.488206294552437,0.0,-0.0,RED,0.0,0.0,5.0
90.57904887199402,1.0791838012939141,1.488206294552437,0.0,-0.0,RED,0.0,0.0,5.0
90.5800850391388,1.0791838012939141,1.488206294552437,0.0,-0.0,RED,0.0,0.0,5.0
90.58764314651489,1.0791838012939141,1.488206294552437,0.0,-0.0,RED,0.0,0.0,5.0
90.61789917945862,1.0791838012939141,1.488206294552437,0.0,-0.0,RED,0.0,0.0,5.0
90.61896276473999,1.0791838012939141,1.488206294552437,0.0,-0.0,RED,0.0,0.0,5.0
90.62547540664673,1.0791838012939141,1.488206294552437,0.0,-0.0,RED,0.0,0.0,5.0
90.65678453445435,1.0791838012939141,1.488206294552437,0.0,-0.0,RED,0.0,0.0,5.0
90.65787529945374,1.0791838012939141,1.488206294552437,0.0,-0.0,RED,0.0,0.0,5.0
90.65887141227722,1.0791838012939141,1.488206294552437,0.0,-0.0,RED,0.0,0.0,5.0
90.66388869285583,1.0791838012939141,1.488206294552437,0.0,-0.0,RED,0.0,0.0,5.0
90.67979526519775,1.0791838012939141,1.488206294552437,0.0,-0.0,RED,0.0,0.0,5.0
90.68868637084961,1.0791838012939141,1.488206294552437,0.0,-0.0,RED,0.0,0.0,5.0
90.71769523620605,1.0791838012939141,1.488206294552437,0.0,-0.0,RED,0.0,0.0,5.0
90.72972440719604,1.0791838012939141,1.488206294552437,0.0,-0.0,RED,0.0,0.0,5.0
90.75487565994263,1.0791838012939141,1.488206294552437,0.0,-0.0,RED,0.0,0.0,5.0
90.7625846862793,1.0791838012939141,1.488206294552437,0.0,-0.0,RED,0.0,0.0,5.0
90.77848815917969,1.0791838012939141,1.488206294552437,0.0,-0.0,RED,0.0,0.0,5.0
90.7902672290802,1.0791838012939141,1.488206294552437,0.0,-0.0,RED,0.0,0.0,5.0
90.7993266582489,1.0791838012939141,1.488206294552437,0.0,-0.0,RED,0.0,0.0,5.0
90.80046272277832,1.0791838012939141,1.488206294552437,0.0,-0.0,RED,0.0,0.0,5.0
90.82718205451965,1.0791838012939141,1.488206294552437,0.0,-0.0,RED,0.0,0.0,5.0
90.8285562992096,1.0791838012939141,1.488206294552437,0.0,-0.0,RED,0.0,0.0,5.0
90.83452010154724,1.0791838012939141,1.488206294552437,0.0,-0.0,RED,0.0,0.0,5.0
90.86516737937927,1.0791838012939141,1.488206294552437,0.0,-0.0,RED,0.0,0.0,5.0
90.87289834022522,1.0791838012939141,1.488206294552437,0.0,-0.0,RED,0.0,0.0,5.0
90.89445233345032,1.0791838012939141,1.488206294552437,0.0,-0.0,RED,0.0,0.0,5.0
90.91151905059814,1.0791838012939141,1.488206294552437,0.0,-0.0,RED,0.0,0.0,5.0
90.91261959075928,1.0791838012939141,1.488206294552437,0.0,-0.0,RED,0.0,0.0,5.0
90.93498682975769,1.0791838012939141,1.488206294552437,0.0,-0.0,RED,0.0,0.0,5.0
90.9447660446167,1.0791838012939141,1.488206294552437,0.0,-0.0,RED,0.0,0.0,5.0
90.94597792625427,1.0791838012939141,1.488206294552437,0.0,-0.0,RED,0.0,0.0,5.0
90.97166228294373,1.0791838012939141,1.488206294552437,0.0,-0.0,RED,0.0,0.0,5.0
90.97893023490906,1.0791838012939141,1.488206294552437,0.0,-0.0,RED,0.0,0.0,5.0
90.98310208320618,1.0791838012939141,1.488206294552437,0.0,-0.0,RED,0.0,0.0,5.0
91.01303601264954,1.0791838012939141,1.488206294552437,0.0,-0.0,RED,0.0,0.0,5.0
91.03250122070312,1.0791838012939141,1.488206294552437,0.0,-0.0,RED,0.0,0.0,5.0
91.03371930122375,1.0791838012939141,1.488206294552437,0.0,-0.0,RED,0.0,0.0,5.0
91.05597257614136,1.0791838012939141,1.488206294552437,0.0,-0.0,RED,0.0,0.0,5.0
91.05696511268616,1.0791838012939141,1.488206294552437,0.0,-0.0,RED,0.0,0.0,5.0
91.11174249649048,1.0791838012939141,1.488206294552437,0.0,-0.0,RED,0.0,0.0,5.0
91.11277866363525,1.0791838012939141,1.488206294552437,0.0,-0.0,RED,0.0,0.0,5.0
91.13027596473694,1.0791838012939141,1.488206294552437,0.0,-0.0,RED,0.0,0.0,5.0
91.13126850128174,1.0791838012939141,1.488206294552437,0.0,-0.0,RED,0.0,0.0,5.0
91.14994406700134,1.0791838012939141,1.488206294552437,0.0,-0.0,RED,0.0,0.0,5.0
91.15783643722534,1.0791838012939141,1.488206294552437,0.0,-0.0,RED,0.0,0.0,5.0
91.15896677970886,1.0791838012939141,1.488206294552437,0.0,-0.0,RED,0.0,0.0,5.0
91.19000244140625,1.0791838012939141,1.488206294552437,0.0,-0.0,RED,0.0,0.0,5.0
91.21155714988708,1.0791838012939141,1.488206294552437,0.0,-0.0,RED,0.0,0.0,5.0
91.2126772403717,1.0791838012939141,1.488206294552437,0.0,-0.0,RED,0.0,0.0,5.0
91.21361351013184,1.0791838012939141,1.488206294552437,0.0,-0.0,RED,0.0,0.0,5.0
91.23389482498169,1.0791838012939141,1.488206294552437,0.0,-0.0,RED,0.0,0.0,5.0
91.23499631881714,1.0791838012939141,1.488206294552437,0.0,-0.0,RED,0.0,0.0,5.0
91.2538435459137,1.0791838012939141,1.488206294552437,0.0,-0.0,RED,0.0,0.0,5.0
91.2609932422638,1.0791838012939141,1.488206294552437,0.0,-0.0,RED,0.0,0.0,5.0
91.28688979148865,1.0791838012939141,1.488206294552437,0.0,-0.0,RED,0.0,0.0,5.0
91.29198026657104,1.0791838012939141,1.488206294552437,0.0,-0.0,RED,0.0,0.0,5.0
91.2928376197815,1.0791838012939141,1.488206294552437,0.0,-0.0,RED,0.0,0.0,5.0
91.29379200935364,1.0791838012939141,1.488206294552437,0.0,-0.0,RED,0.0,0.0,5.0
91.33884119987488,1.0791838012939141,1.488206294552437,0.0,-0.0,RED,0.0,0.0,5.0
91.33990812301636,1.0791838012939141,1.488206294552437,0.0,-0.0,RED,0.0,0.0,5.0
91.39666175842285,1.0791838012939141,1.488206294552437,0.0,-0.0,RED,0.0,0.0,5.0
91.39770841598511,1.0791838012939141,1.488206294552437,0.0,-0.0,RED,0.0,0.0,5.0
91.4281575679779,1.0791838012939141,1.488206294552437,0.0,-0.0,RED,0.0,0.0,5.0
91.4362804889679,1.0791838012939141,1.488206294552437,0.0,-0.0,RED,0.0,0.0,5.0
91.48375678062439,1.0791838012939141,1.488206294552437,0.0,-0.0,RED,0.0,0.0,5.0
91.48508214950562,1.0791838012939141,1.488206294552437,0.0,-0.0,RED,0.0,0.0,5.0
91.49138498306274,1.0791838012939141,1.488206294552437,0.0,-0.0,RED,0.0,0.0,5.0
91.49252510070801,1.0791838012939141,1.488206294552437,0.0,-0.0,RED,0.0,0.0,5.0
91.49345636367798,1.0791838012939141,1.488206294552437,0.0,-0.0,RED,0.0,0.0,5.0
91.52139520645142,1.0791838012939141,1.488206294552437,0.0,-0.0,RED,0.0,0.0,5.0
91.52253818511963,1.0791838012939141,1.488206294552437,0.0,-0.0,RED,0.0,0.0,5.0
91.5233850479126,1.0791838012939141,1.488206294552437,0.0,-0.0,RED,0.0,0.0,5.0
91.52422261238098,1.0791838012939141,1.488206294552437,0.0,-0.0,RED,0.0,0.0,5.0
91.56627416610718,1.0791838012939141,1.488206294552437,0.0,-0.0,RED,0.0,0.0,5.0
91.59461712837219,1.0791838012939141,1.488206294552437,0.0,-0.0,RED,0.0,0.0,5.0
91.61428451538086,1.0791838012939141,1.488206294552437,0.0,-0.0,RED,0.0,0.0,5.0
91.6154146194458,1.0791838012939141,1.488206294552437,0.0,-0.0,RED,0.0,0.0,5.0
91.63262701034546,1.0791838012939141,1.488206294552437,0.0,-0.0,RED,0.0,0.0,5.0
91.63383960723877,1.0791838012939141,1.488206294552437,0.0,-0.0,RED,0.0,0.0,5.0
91.63476276397705,1.0791838012939141,1.488206294552437,0.0,-0.0,RED,0.0,0.0,5.0
91.63566708564758,1.0791838012939141,1.488206294552437,0.0,-0.0,RED,0.0,0.0,5.0
91.67687821388245,1.0791838012939141,1.488206294552437,0.0,-0.0,RED,0.0,0.0,5.0
91.69724488258362,1.0791838012939141,1.488206294552437,0.0,-0.0,RED,0.0,0.0,5.0
91.69835448265076,1.0791838012939141,1.488206294552437,0.0,-0.0,RED,0.0,0.0,5.0
91.72778391838074,1.0791838012939141,1.488206294552437,0.0,-0.0,RED,0.0,0.0,5.0
91.72902083396912,1.0791838012939141,1.488206294552437,0.0,-0.0,RED,0.0,0.0,5.0
91.75264143943787,1.0791838012939141,1.488206294552437,0.0,-0.0,RED,0.0,0.0,5.0
91.75367975234985,1.0791838012939141,1.488206294552437,0.0,-0.0,RED,0.0,0.0,5.0
91.81108069419861,1.0791838012939141,1.488206294552437,0.0,-0.0,RED,0.0,0.0,5.0
91.8122251033783,1.0791838012939141,1.488206294552437,0.0,-0.0,RED,0.0,0.0,5.0
91.83255529403687,1.0791838012939141,1.488206294552437,0.0,-0.0,RED,0.0,0.0,5.0
91.85169792175293,1.0791838012939141,1.488206294552437,0.0,-0.0,RED,0.0,0.0,5.0
91.85280513763428,1.0791838012939141,1.488206294552437,0.0,-0.0,RED,0.0,0.0,5.0
91.85374331474304,1.0791838012939141,1.488206294552437,0.0,-0.0,RED,0.0,0.0,5.0
91.85878920555115,1.0791838012939141,1.488206294552437,0.0,-0.0,RED,0.0,0.0,5.0
91.8744170665741,1.0791838012939141,1.488206294552437,0.0,-0.0,RED,0.0,0.0,5.0
91.88985514640808,1.0791838012939141,1.488206294552437,0.0,-0.0,RED,0.0,0.0,5.0
91.89825701713562,1.0791838012939141,1.488206294552437,0.0,-0.0,RED,0.0,0.0,5.0
91.92191958427429,1.0791838012939141,1.488206294552437,0.0,-0.0,RED,0.0,0.0,5.0
91.92298150062561,1.0791838012939141,1.488206294552437,0.0,-0.0,RED,0.0,0.0,5.0
91.9919764995575,1.0791838012939141,1.488206294552437,0.0,-0.0,RED,0.0,0.0,5.0
91.99308824539185,1.0791838012939141,1.488206294552437,0.0,-0.0,RED,0.0,0.0,5.0
92.02155804634094,1.0791838012939141,1.488206294552437,0.0,-0.0,RED,0.0,0.0,5.0
92.02256226539612,1.0791838012939141,1.488206294552437,0.0,-0.0,RED,0.0,0.0,5.0
92.04615712165833,1.0791838012939141,1.488206294552437,0.0,-0.0,RED,0.0,0.0,5.0
92.04720568656921,1.0791838012939141,1.488206294552437,0.0,-0.0,RED,0.0,0.0,5.0
92.04812526702881,1.0791838012939141,1.488206294552437,0.0,-0.0,RED,0.0,0.0,5.0
92.06511998176575,1.0791838012939141,1.488206294552437,0.0,-0.0,RED,0.0,0.0,5.0
92.06623315811157,1.0791838012939141,1.488206294552437,0.0,-0.0,RED,0.0,0.0,5.0
92.07092022895813,1.0791838012939141,1.488206294552437,0.0,-0.0,RED,0.0,0.0,5.0
92.10130453109741,1.0791838012939141,1.488206294552437,0.0,-0.0,RED,0.0,0.0,5.0
92.10889005661011,1.0791838012939141,1.488206294552437,0.0,-0.0,RED,0.0,0.0,5.0
92.11000490188599,1.0791838012939141,1.488206294552437,0.0,-0.0,RED,0.0,0.0,5.0
92.14278507232666,1.0791838012939141,1.488206294552437,0.0,-0.0,RED,0.0,0.0,5.0
92.14378046989441,1.0791838012939141,1.488206294552437,0.0,-0.0,RED,0.0,0.0,5.0
92.20001983642578,1.0791838012939141,1.488206294552437,0.0,-0.0,RED,0.0,0.0,5.0
92.2076370716095,1.0791838012939141,1.488206294552437,0.0,-0.0,RED,0.0,0.0,5.0
92.23738384246826,1.0791838012939141,1.488206294552437,0.0,-0.0,RED,0.0,0.0,5.0
92.23843955993652,1.0791838012939141,1.488206294552437,0.0,-0.0,RED,0.0,0.0,5.0
92.27926588058472,1.0791838012939141,1.488206294552437,0.0,-0.0,RED,0.0,0.0,5.0
92.28045558929443,1.0791838012939141,1.488206294552437,0.0,-0.0,RED,0.0,0.0,5.0
92.28151798248291,1.0791838012939141,1.488206294552437,0.0,-0.0,RED,0.0,0.0,5.0
92.29631662368774,1.0791838012939141,1.488206294552437,0.0,-0.0,RED,0.0,0.0,5.0
92.3042676448822,1.0791838012939141,1.488206294552437,0.0,-0.0,RED,0.0,0.0,5.0
92.32382702827454,1.0791838012939141,1.488206294552437,0.0,-0.0,RED,0.0,0.0,5.0
92.3371639251709,1.0791838012939141,1.488206294552437,0.0,-0.0,RED,0.0,0.0,5.0
92.36820554733276,1.0791838012939141,1.488206294552437,0.0,-0.0,RED,0.0,0.0,5.0
92.37789249420166,1.0791838012939141,1.488206294552437,0.0,-0.0,RED,0.0,0.0,5.0
92.40416717529297,1.0791838012939141,1.488206294552437,0.0,-0.0,RED,0.0,0.0,5.0
92.40512561798096,1.0791838012939141,1.488206294552437,0.0,-0.0,RED,0.0,0.0,5.0
92.41693615913391,1.0791838012939141,1.488206294552437,0.0,-0.0,RED,0.0,0.0,5.0
92.44661593437195,1.0791838012939141,1.488206294552437,0.0,-0.0,RED,0.0,0.0,5.0
92.46997261047363,1.0791838012939141,1.488206294552437,0.0,-0.0,RED,0.0,0.0,5.0
92.4710464477539,1.0791838012939141,1.488206294552437,0.0,-0.0,RED,0.0,0.0,5.0
92.48941159248352,1.0791838012939141,1.488206294552437,0.0,-0.0,RED,0.0,0.0,5.0
92.49061632156372,1.0791838012939141,1.488206294552437,0.0,-0.0,RED,0.0,0.0,5.0
92.49154806137085,1.0791838012939141,1.488206294552437,0.0,-0.0,RED,0.0,0.0,5.0
92.53972697257996,1.0791838012939141,1.488206294552437,0.0,-0.0,RED,0.0,0.0,5.0
92.56171679496765,1.0791838012939141,1.488206294552437,0.0,-0.0,RED,0.0,0.0,5.0
92.56284999847412,1.0791838012939141,1.488206294552437,0.0,-0.0,RED,0.0,0.0,5.0
92.57439398765564,1.0791838012939141,1.488206294552437,0.0,-0.0,RED,0.0,0.0,5.0
92.57549905776978,1.0791838012939141,1.488206294552437,0.0,-0.0,RED,0.0,0.0,5.0
92.64039015769958,1.0791838012939141,1.488206294552437,0.0,-0.0,RED,0.0,0.0,5.0
92.64425277709961,1.0791838012939141,1.488206294552437,0.0,-0.0,RED,0.0,0.0,5.0
92.64522790908813,1.0791838012939141,1.488206294552437,0.0,-0.0,RED,0.0,0.0,5.0
92.64615678787231,1.0791838012939141,1.488206294552437,0.0,-0.0,RED,0.0,0.0,5.0
92.6470673084259,1.0791838012939141,1.488206294552437,0.0,-0.0,RED,0.0,0.0,5.0
92.66501975059509,1.0791838012939141,1.488206294552437,0.0,-0.0,RED,0.0,0.0,5.0
92.66616916656494,1.0791838012939141,1.488206294552437,0.0,-0.0,RED,0.0,0.0,5.0
92.66724348068237,1.0791838012939141,1.488206294552437,0.0,-0.0,RED,0.0,0.0,5.0
92.6769449710846,1.0791838012939141,1.488206294552437,0.0,-0.0,RED,0.0,0.0,5.0
92.67818403244019,1.0791838012939141,1.488206294552437,0.0,-0.0,RED,0.0,0.0,5.0
92.71145343780518,1.0791838012939141,1.488206294552437,0.0,-0.0,RED,0.0,0.0,5.0
92.72194862365723,1.0791838012939141,1.488206294552437,0.0,-0.0,RED,0.0,0.0,5.0
92.7600474357605,1.0791838012939141,1.488206294552437,0.0,-0.0,RED,0.0,0.0,5.0
92.76438999176025,1.0791838012939141,1.488206294552437,0.0,-0.0,RED,0.0,0.0,5.0
92.78002595901489,1.0791838012939141,1.488206294552437,0.0,-0.0,RED,0.0,0.0,5.0
92.79182195663452,1.0791838012939141,1.488206294552437,0.0,-0.0,RED,0.0,0.0,5.0
92.79301571846008,1.0791838012939141,1.488206294552437,0.0,-0.0,RED,0.0,0.0,5.0
92.81079125404358,1.0791838012939141,1.488206294552437,0.0,-0.0,RED,0.0,0.0,5.0
92.81433534622192,1.0791838012939141,1.488206294552437,0.0,-0.0,RED,0.0,0.0,5.0
92.83404517173767,1.0791838012939141,1.488206294552437,0.0,-0.0,RED,0.0,0.0,5.0
92.83510708808899,1.0791838012939141,1.488206294552437,0.0,-0.0,RED,0.0,0.0,5.0
92.86058926582336,1.0791838012939141,1.488206294552437,0.0,-0.0,RED,0.0,0.0,5.0
92.86181712150574,1.0791838012939141,1.488206294552437,0.0,-0.0,RED,0.0,0.0,5.0
92.89871525764465,1.0791838012939141,1.488206294552437,0.0,-0.0,RED,0.0,0.0,5.0
92.89972424507141,1.0791838012939141,1.488206294552437,0.0,-0.0,RED,0.0,0.0,5.0
92.90064358711243,1.0791838012939141,1.488206294552437,0.0,-0.0,RED,0.0,0.0,5.0
92.92504000663757,1.0791838012939141,1.488206294552437,0.0,-0.0,RED,0.0,0.0,5.0
92.92647528648376,1.0791838012939141,1.488206294552437,0.0,-0.0,RED,0.0,0.0,5.0
92.95540690422058,1.0791838012939141,1.488206294552437,0.0,-0.0,RED,0.0,0.0,5.0
92.98037505149841,1.0791838012939141,1.488206294552437,0.0,-0.0,RED,0.0,0.0,5.0
92.98155879974365,1.0791838012939141,1.488206294552437,0.0,-0.0,RED,0.0,0.0,5.0
93.00177955627441,1.0791838012939141,1.488206294552437,0.0,-0.0,RED,0.0,0.0,5.0
93.01916432380676,1.0791838012939141,1.488206294552437,0.0,-0.0,RED,0.0,0.0,5.0
93.0309956073761,1.0791838012939141,1.488206294552437,0.0,-0.0,RED,0.0,0.0,5.0
93.03200960159302,1.0791838012939141,1.488206294552437,0.0,-0.0,RED,0.0,0.0,5.0
93.05243277549744,1.0791838012939141,1.488206294552437,0.0,-0.0,RED,0.0,0.0,5.0
93.05352854728699,1.0791838012939141,1.488206294552437,0.0,-0.0,RED,0.0,0.0,5.0
93.0544581413269,1.0791838012939141,1.488206294552437,0.0,-0.0,RED,0.0,0.0,5.0
93.05536341667175,1.0791838012939141,1.488206294552437,0.0,-0.0,RED,0.0,0.0,5.0
93.07146859169006,1.0791838012939141,1.488206294552437,0.0,-0.0,RED,0.0,0.0,5.0
93.09490036964417,1.0791838012939141,1.488206294552437,0.0,-0.0,RED,0.0,0.0,5.0
93.11063694953918,1.0791838012939141,1.488206294552437,0.0,-0.0,RED,0.0,0.0,5.0
93.14050269126892,1.0791838012939141,1.488206294552437,0.0,-0.0,RED,0.0,0.0,5.0
93.14160561561584,1.0791838012939141,1.488206294552437,0.0,-0.0,RED,0.0,0.0,5.0
93.17464208602905,1.0791838012939141,1.488206294552437,0.0,-0.0,RED,0.0,0.0,5.0
93.17575812339783,1.0791838012939141,1.488206294552437,0.0,-0.0,RED,0.0,0.0,5.0
93.18220543861389,1.0791838012939141,1.488206294552437,0.0,-0.0,RED,0.0,0.0,5.0
93.18327188491821,1.0791838012939141,1.488206294552437,0.0,-0.0,RED,0.0,0.0,5.0
93.22087216377258,1.0791838012939141,1.488206294552437,0.0,-0.0,RED,0.0,0.0,5.0
93.22190618515015,1.0791838012939141,1.488206294552437,0.0,-0.0,RED,0.0,0.0,5.0
93.22285461425781,1.0791838012939141,1.488206294552437,0.0,-0.0,RED,0.0,0.0,5.0
93.23682069778442,1.0791838012939141,1.488206294552437,0.0,-0.0,RED,0.0,0.0,5.0
93.24891471862793,1.0791838012939141,1.488206294552437,0.0,-0.0,RED,0.0,0.0,5.0
93.2849690914154,1.0791838012939141,1.488206294552437,0.0,-0.0,RED,0.0,0.0,5.0
93.28992080688477,1.0791838012939141,1.488206294552437,0.0,-0.0,RED,0.0,0.0,5.0
93.29110884666443,1.0791838012939141,1.488206294552437,0.0,-0.0,RED,0.0,0.0,5.0
93.31969022750854,1.0791838012939141,1.488206294552437,0.0,-0.0,RED,0.0,0.0,5.0
93.34151291847229,1.0791838012939141,1.488206294552437,0.0,-0.0,RED,0.0,0.0,5.0
93.34289360046387,1.0791838012939141,1.488206294552437,0.0,-0.0,RED,0.0,0.0,5.0
93.34427309036255,1.0791838012939141,1.488206294552437,0.0,-0.0,RED,0.0,0.0,5.0
93.38495588302612,1.0791838012939141,1.488206294552437,0.0,-0.0,RED,0.0,0.0,5.0
93.40424752235413,1.0791838012939141,1.488206294552437,0.0,-0.0,RED,0.0,0.0,5.0
93.40542888641357,1.0791838012939141,1.488206294552437,0.0,-0.0,RED,0.0,0.0,5.0
93.43334031105042,1.0791838012939141,1.488206294552437,0.0,-0.0,RED,0.0,0.0,5.0
93.45913195610046,1.0791838012939141,1.488206294552437,0.0,-0.0,RED,0.0,0.0,5.0
93.46045804023743,1.0791838012939141,1.488206294552437,0.0,-0.0,RED,0.0,0.0,5.0
93.46160936355591,1.0791838012939141,1.488206294552437,0.0,-0.0,RED,0.0,0.0,5.0
93.46310472488403,1.0791838012939141,1.488206294552437,0.0,-0.0,RED,0.0,0.0,5.0
93.48742461204529,1.0791838012939141,1.488206294552437,0.0,-0.0,RED,0.0,0.0,5.0
93.53133296966553,1.0791838012939141,1.488206294552437,0.0,-0.0,RED,0.0,0.0,5.0
93.53458857536316,1.0791838012939141,1.488206294552437,0.0,-0.0,RED,0.0,0.0,5.0
93.56488609313965,1.0791838012939141,1.488206294552437,0.0,-0.0,RED,0.0,0.0,5.0
93.56611204147339,1.0791838012939141,1.488206294552437,0.0,-0.0,RED,0.0,0.0,5.0
93.56704998016357,1.0791838012939141,1.488206294552437,0.0,-0.0,RED,0.0,0.0,5.0
93.56795859336853,1.0791838012939141,1.488206294552437,0.0,-0.0,RED,0.0,0.0,5.0
93.57621049880981,1.0791838012939141,1.488206294552437,0.0,-0.0,RED,0.0,0.0,5.0
93.59986710548401,1.0791838012939141,1.488206294552437,0.0,-0.0,RED,0.0,0.0,5.0
93.60109090805054,1.0791838012939141,1.488206294552437,0.0,-0.0,RED,0.0,0.0,5.0
93.60203433036804,1.0791838012939141,1.488206294552437,0.0,-0.0,RED,0.0,0.0,5.0
93.60302495956421,1.0791838012939141,1.488206294552437,0.0,-0.0,RED,0.0,0.0,5.0
93.60396003723145,1.0791838012939141,1.488206294552437,0.0,-0.0,RED,0.0,0.0,5.0
93.62195920944214,1.0791838012939141,1.488206294552437,0.0,-0.0,RED,0.0,0.0,5.0
93.65329027175903,1.0791838012939141,1.488206294552437,0.0,-0.0,RED,0.0,0.0,5.0
93.65438580513,1.0791838012939141,1.488206294552437,0.0,-0.0,RED,0.0,0.0,5.0
93.66309666633606,1.0791838012939141,1.488206294552437,0.0,-0.0,RED,0.0,0.0,5.0
93.68679809570312,1.0791838012939141,1.488206294552437,0.0,-0.0,RED,0.0,0.0,5.0
93.70953130722046,1.0791838012939141,1.488206294552437,0.0,-0.0,RED,0.0,0.0,5.0
93.71057748794556,1.0791838012939141,1.488206294552437,0.0,-0.0,RED,0.0,0.0,5.0
93.7128336429596,1.0791838012939141,1.488206294552437,0.0,-0.0,RED,0.0,0.0,5.0
93.74450588226318,1.0791838012939141,1.488206294552437,0.0,-0.0,RED,0.0,0.0,5.0
93.76698064804077,1.0791838012939141,1.488206294552437,0.0,-0.0,RED,0.0,0.0,5.0
93.7681713104248,1.0791838012939141,1.488206294552437,0.0,-0.0,RED,0.0,0.0,5.0
93.78535461425781,1.0791838012939141,1.488206294552437,0.0,-0.0,RED,0.0,0.0,5.0
93.81589603424072,1.0791838012939141,1.488206294552437,0.0,-0.0,RED,0.0,0.0,5.0
93.83952021598816,1.0791838012939141,1.488206294552437,0.0,-0.0,RED,0.0,0.0,5.0
93.84071397781372,1.0791838012939141,1.488206294552437,0.0,-0.0,RED,0.0,0.0,5.0
93.84164929389954,1.0791838012939141,1.488206294552437,0.0,-0.0,RED,0.0,0.0,5.0
93.85100388526917,1.0791838012939141,1.488206294552437,0.0,-0.0,RED,0.0,0.0,5.0
93.85209727287292,1.0791838012939141,1.488206294552437,0.0,-0.0,RED,0.0,0.0,5.0
93.85304427146912,1.0791838012939141,1.488206294552437,0.0,-0.0,RED,0.0,0.0,5.0
93.92017436027527,1.0791838012939141,1.488206294552437,0.0,-0.0,RED,0.0,0.0,5.0
93.92127656936646,1.0791838012939141,1.488206294552437,0.0,-0.0,RED,0.0,0.0,5.0
93.93378591537476,1.0791838012939141,1.488206294552437,0.0,-0.0,RED,0.0,0.0,5.0
93.93480443954468,1.0791838012939141,1.488206294552437,0.0,-0.0,RED,0.0,0.0,5.0
93.93723750114441,1.0791838012939141,1.488206294552437,0.0,-0.0,RED,0.0,0.0,5.0
93.9817852973938,1.0791838012939141,1.488206294552437,0.0,-0.0,RED,0.0,0.0,5.0
93.98296189308167,1.0791838012939141,1.488206294552437,0.0,-0.0,RED,0.0,0.0,5.0
93.98383283615112,1.0791838012939141,1.488206294552437,0.0,-0.0,RED,0.0,0.0,5.0
93.98467016220093,1.0791838012939141,1.488206294552437,0.0,-0.0,RED,0.0,0.0,5.0
94.01338195800781,1.0791838012939141,1.488206294552437,0.0,-0.0,RED,0.0,0.0,5.0
94.02488160133362,1.0791838012939141,1.488206294552437,0.0,-0.0,RED,0.0,0.0,5.0
94.04787063598633,1.0791838012939141,1.488206294552437,0.0,-0.0,RED,0.0,0.0,5.0
94.04886293411255,1.0791838012939141,1.488206294552437,0.0,-0.0,RED,0.0,0.0,5.0
94.05172276496887,1.0791838012939141,1.488206294552437,0.0,-0.0,RED,0.0,0.0,5.0
94.0527400970459,1.0791838012939141,1.488206294552437,0.0,-0.0,RED,0.0,0.0,5.0
94.06356859207153,1.0791838012939141,1.488206294552437,0.0,-0.0,RED,0.0,0.0,5.0
94.08572173118591,1.0791838012939141,1.488206294552437,0.0,-0.0,RED,0.0,0.0,5.0
94.08674216270447,1.0791838012939141,1.488206294552437,0.0,-0.0,RED,0.0,0.0,5.0
94.10057473182678,1.0791838012939141,1.488206294552437,0.0,-0.0,RED,0.0,0.0,5.0
94.14982080459595,1.0791838012939141,1.488206294552437,0.0,-0.0,RED,0.0,0.0,5.0
94.15081977844238,1.0791838012939141,1.488206294552437,0.0,-0.0,RED,0.0,0.0,5.0
94.1535758972168,1.0791838012939141,1.488206294552437,0.0,-0.0,RED,0.0,0.0,5.0
94.1791296005249,1.0791838012939141,1.488206294552437,0.0,-0.0,RED,0.0,0.0,5.0
94.18027830123901,1.0791838012939141,1.488206294552437,0.0,-0.0,RED,0.0,0.0,5.0
94.20478510856628,1.0791838012939141,1.488206294552437,0.0,-0.0,RED,0.0,0.0,5.0
94.20580983161926,1.0791838012939141,1.488206294552437,0.0,-0.0,RED,0.0,0.0,5.0
94.21617555618286,1.0791838012939141,1.488206294552437,0.0,-0.0,RED,0.0,0.0,5.0
94.21732687950134,1.0791838012939141,1.488206294552437,0.0,-0.0,RED,0.0,0.0,5.0
94.24016952514648,1.0791838012939141,1.488206294552437,0.0,-0.0,RED,0.0,0.0,5.0
94.26359820365906,1.0791838012939141,1.488206294552437,0.0,-0.0,RED,0.0,0.0,5.0
94.26743602752686,1.0791838012939141,1.488206294552437,0.0,-0.0,RED,0.0,0.0,5.0
94.28614687919617,1.0791838012939141,1.488206294552437,0.0,-0.0,RED,0.0,0.0,5.0
94.30483055114746,1.0791838012939141,1.488206294552437,0.0,-0.0,RED,0.0,0.0,5.0
94.32927680015564,1.0791838012939141,1.488206294552437,0.0,-0.0,RED,0.0,0.0,5.0
94.33284640312195,1.0791838012939141,1.488206294552437,0.0,-0.0,RED,0.0,0.0,5.0
94.33388137817383,1.0791838012939141,1.488206294552437,0.0,-0.0,RED,0.0,0.0,5.0
94.35441946983337,1.0791838012939141,1.488206294552437,0.0,-0.0,RED,0.0,0.0,5.0
94.35552430152893,1.0791838012939141,1.488206294552437,0.0,-0.0,RED,0.0,0.0,5.0
94.37359428405762,1.0791838012939141,1.488206294552437,0.0,-0.0,RED,0.0,0.0,5.0
94.37468671798706,1.0791838012939141,1.488206294552437,0.0,-0.0,RED,0.0,0.0,5.0
94.39469361305237,1.0791838012939141,1.488206294552437,0.0,-0.0,RED,0.0,0.0,5.0
94.39577126502991,1.0791838012939141,1.488206294552437,0.0,-0.0,RED,0.0,0.0,5.0
94.41789269447327,1.0791838012939141,1.488206294552437,0.0,-0.0,RED,0.0,0.0,5.0
94.41900658607483,1.0791838012939141,1.488206294552437,0.0,-0.0,RED,0.0,0.0,5.0
94.43324995040894,1.0791838012939141,1.488206294552437,0.0,-0.0,RED,0.0,0.0,5.0
94.43437552452087,1.0791838012939141,1.488206294552437,0.0,-0.0,RED,0.0,0.0,5.0
94.43537473678589,1.0791838012939141,1.488206294552437,0.0,-0.0,RED,0.0,0.0,5.0
94.61247444152832,1.0791838012939141,1.488206294552437,0.0,-0.0,RED,0.0,0.0,5.0
94.61353349685669,1.0791838012939141,1.488206294552437,0.0,-0.0,RED,0.0,0.0,5.0
94.6144757270813,1.0791838012939141,1.488206294552437,0.0,-0.0,RED,0.0,0.0,5.0
94.61538338661194,1.0791838012939141,1.488206294552437,0.0,-0.0,RED,0.0,0.0,5.0
94.65256571769714,1.0791838012939141,1.488206294552437,0.0,-0.0,RED,0.0,0.0,5.0
94.6536238193512,1.0791838012939141,1.488206294552437,0.0,-0.0,RED,0.0,0.0,5.0
94.6558952331543,1.0791838012939141,1.488206294552437,0.0,-0.0,RED,0.0,0.0,5.0
94.65676712989807,1.0791838012939141,1.488206294552437,0.0,-0.0,RED,0.0,0.0,5.0
94.65956234931946,1.0791838012939141,1.488206294552437,0.0,-0.0,RED,0.0,0.0,5.0
94.66305255889893,1.0791838012939141,1.488206294552437,0.0,-0.0,RED,0.0,0.0,5.0
94.68011617660522,1.0791838012939141,1.488206294552437,0.0,-0.0,RED,0.0,0.0,5.0
94.6813633441925,1.0791838012939141,1.488206294552437,0.0,-0.0,RED,0.0,0.0,5.0
94.68232560157776,1.0791838012939141,1.488206294552437,0.0,-0.0,RED,0.0,0.0,5.0
94.7097270488739,1.0791838012939141,1.488206294552437,0.0,-0.0,RED,0.0,0.0,5.0
94.86693668365479,1.0791838012939141,1.488206294552437,0.0,-0.0,RED,0.0,0.0,5.0
94.87439227104187,1.0791838012939141,1.488206294552437,0.0,-0.0,RED,0.0,0.0,5.0
94.89623618125916,1.0791838012939141,1.488206294552437,0.0,-0.0,RED,0.0,0.0,5.0
94.89735054969788,1.0791838012939141,1.488206294552437,0.0,-0.0,RED,0.0,0.0,5.0
94.92183494567871,1.0791838012939141,1.488206294552437,0.0,-0.0,RED,0.0,0.0,5.0
94.92491245269775,1.0791838012939141,1.488206294552437,0.0,-0.0,RED,0.0,0.0,5.0
94.92608833312988,1.0791838012939141,1.488206294552437,0.0,-0.0,RED,0.0,0.0,5.0
94.93367552757263,1.0791838012939141,1.488206294552437,0.0,-0.0,RED,0.0,0.0,5.0
94.9348976612091,1.0791838012939141,1.488206294552437,0.0,-0.0,RED,0.0,0.0,5.0
94.98729634284973,1.0791838012939141,1.488206294552437,0.0,-0.0,RED,0.0,0.0,5.0
94.98838090896606,1.0791838012939141,1.488206294552437,0.0,-0.0,RED,0.0,0.0,5.0
94.98931503295898,1.0791838012939141,1.488206294552437,0.0,-0.0,RED,0.0,0.0,5.0
94.99926376342773,1.0791838012939141,1.488206294552437,0.0,-0.0,RED,0.0,0.0,5.0
95.00050711631775,1.0791838012939141,1.488206294552437,0.0,-0.0,RED,0.0,0.0,5.0
95.10803866386414,1.0791838012939141,1.488206294552437,0.0,-0.0,RED,0.0,0.0,5.0
95.10930323600769,1.0791838012939141,1.488206294552437,0.0,-0.0,RED,0.0,0.0,5.0
95.11023116111755,1.0791838012939141,1.488206294552437,0.0,-0.0,RED,0.0,0.0,5.0
95.11112236976624,1.0791838012939141,1.488206294552437,0.0,-0.0,RED,0.0,0.0,5.0
95.11201000213623,1.0791838012939141,1.488206294552437,0.0,-0.0,RED,0.0,0.0,5.0
95.11336612701416,1.0791838012939141,1.488206294552437,0.0,-0.0,RED,0.0,0.0,5.0
95.11443758010864,1.0791838012939141,1.488206294552437,0.0,-0.0,RED,0.0,0.0,5.0
95.11533975601196,1.0791838012939141,1.488206294552437,0.0,-0.0,RED,0.0,0.0,5.0
95.1162543296814,1.0791838012939141,1.488206294552437,0.0,-0.0,RED,0.0,0.0,5.0
95.11712765693665,1.0791838012939141,1.488206294552437,0.0,-0.0,RED,0.0,0.0,5.0
95.17443513870239,1.0791838012939141,1.488206294552437,0.0,-0.0,RED,0.0,0.0,5.0
95.17548036575317,1.0791838012939141,1.488206294552437,0.0,-0.0,RED,0.0,0.0,5.0
95.17640900611877,1.0791838012939141,1.488206294552437,0.0,-0.0,RED,0.0,0.0,5.0
95.18151187896729,1.0791838012939141,1.488206294552437,0.0,-0.0,RED,0.0,0.0,5.0
95.20081520080566,1.0791838012939141,1.488206294552437,0.0,-0.0,RED,0.0,0.0,5.0
95.20729422569275,1.0791838012939141,1.488206294552437,0.0,-0.0,RED,0.0,0.0,5.0
95.2542736530304,1.0791838012939141,1.488206294552437,0.0,-0.0,RED,0.0,0.0,5.0
95.27640342712402,1.0791838012939141,1.488206294552437,0.0,-0.0,RED,0.0,0.0,5.0
95.29949927330017,1.0791838012939141,1.488206294552437,0.0,-0.0,RED,0.0,0.0,5.0
95.30496549606323,1.0791838012939141,1.488206294552437,0.0,-0.0,RED,0.0,0.0,5.0
95.32524418830872,1.0791838012939141,1.488206294552437,0.0,-0.0,RED,0.0,0.0,5.0
95.36304521560669,1.0791838012939141,1.488206294552437,0.0,-0.0,RED,0.0,0.0,5.0
95.37075972557068,1.0791838012939141,1.488206294552437,0.0,-0.0,RED,0.0,0.0,5.0
95.37200736999512,1.0791838012939141,1.488206294552437,0.0,-0.0,RED,0.0,0.0,5.0
95.3729465007782,1.0791838012939141,1.488206294552437,0.0,-0.0,RED,0.0,0.0,5.0
95.38552737236023,1.0791838012939141,1.488206294552437,0.0,-0.0,RED,0.0,0.0,5.0
95.39790964126587,1.0791838012939141,1.488206294552437,0.0,-0.0,RED,0.0,0.0,5.0
95.41550803184509,1.0791838012939141,1.488206294552437,0.0,-0.0,RED,0.0,0.0,5.0
95.48438000679016,1.0791838012939141,1.488206294552437,0.0,-0.0,RED,0.0,0.0,5.0
95.48555064201355,1.0791838012939141,1.488206294552437,0.0,-0.0,RED,0.0,0.0,5.0
95.50202631950378,1.0791838012939141,1.488206294552437,0.0,-0.0,RED,0.0,0.0,5.0
95.50310897827148,1.0791838012939141,1.488206294552437,0.0,-0.0,RED,0.0,0.0,5.0
95.5106475353241,1.0791838012939141,1.488206294552437,0.0,-0.0,RED,0.0,0.0,5.0
95.53434586524963,1.0791838012939141,1.488206294552437,0.0,-0.0,RED,0.0,0.0,5.0
95.53555488586426,1.0791838012939141,1.488206294552437,0.0,-0.0,RED,0.0,0.0,5.0
95.53649258613586,1.0791838012939141,1.488206294552437,0.0,-0.0,RED,0.0,0.0,5.0
95.53744292259216,1.0791838012939141,1.488206294552437,0.0,-0.0,RED,0.0,0.0,5.0
95.55579233169556,1.0791838012939141,1.488206294552437,0.0,-0.0,RED,0.0,0.0,5.0
95.55689263343811,1.0791838012939141,1.488206294552437,0.0,-0.0,RED,0.0,0.0,5.0
95.56862211227417,1.0791838012939141,1.488206294552437,0.0,-0.0,RED,0.0,0.0,5.0
95.58361411094666,1.0791838012939141,1.488206294552437,0.0,-0.0,RED,0.0,0.0,5.0
95.6384711265564,1.0791838012939141,1.488206294552437,0.0,-0.0,RED,0.0,0.0,5.0
95.66450023651123,1.0791838012939141,1.488206294552437,0.0,-0.0,RED,0.0,0.0,5.0
95.67431831359863,1.0791838012939141,1.488206294552437,0.0,-0.0,RED,0.0,0.0,5.0
95.69352960586548,1.0791838012939141,1.488206294552437,0.0,-0.0,RED,0.0,0.0,5.0
95.69476079940796,1.0791838012939141,1.488206294552437,0.0,-0.0,RED,0.0,0.0,5.0
95.72505903244019,1.0791838012939141,1.488206294552437,0.0,-0.0,RED,0.0,0.0,5.0
95.73192834854126,1.0791838012939141,1.488206294552437,0.0,-0.0,RED,0.0,0.0,5.0
95.73310351371765,1.0791838012939141,1.488206294552437,0.0,-0.0,RED,0.0,0.0,5.0
95.75789761543274,1.0791838012939141,1.488206294552437,0.0,-0.0,RED,0.0,0.0,5.0
95.76633739471436,1.0791838012939141,1.488206294552437,0.0,-0.0,RED,0.0,0.0,5.0
95.84990000724792,1.0791838012939141,1.488206294552437,0.0,-0.0,RED,0.0,0.0,5.0
95.86956262588501,1.0791838012939141,1.488206294552437,0.0,-0.0,RED,0.0,0.0,5.0
95.87933230400085,1.0791838012939141,1.488206294552437,0.0,-0.0,RED,0.0,0.0,5.0
95.88044047355652,1.0791838012939141,1.488206294552437,0.0,-0.0,RED,0.0,0.0,5.0
95.90709018707275,1.0791838012939141,1.488206294552437,0.0,-0.0,RED,0.0,0.0,5.0
95.91873002052307,1.0791838012939141,1.488206294552437,0.0,-0.0,RED,0.0,0.0,5.0
95.91971206665039,1.0791838012939141,1.488206294552437,0.0,-0.0,RED,0.0,0.0,5.0
95.92064952850342,1.0791838012939141,1.488206294552437,0.0,-0.0,RED,0.0,0.0,5.0
95.92153906822205,1.0791838012939141,1.488206294552437,0.0,-0.0,RED,0.0,0.0,5.0
95.92241954803467,1.0791838012939141,1.488206294552437,0.0,-0.0,RED,0.0,0.0,5.0
95.94151091575623,1.0791838012939141,1.488206294552437,0.0,-0.0,RED,0.0,0.0,5.0
95.94258713722229,1.0791838012939141,1.488206294552437,0.0,-0.0,RED,0.0,0.0,5.0
95.94447159767151,1.0791838012939141,1.488206294552437,0.0,-0.0,RED,0.0,0.0,5.0
95.98168706893921,1.0791838012939141,1.488206294552437,0.0,-0.0,RED,0.0,0.0,5.0
95.98275589942932,1.0791838012939141,1.488206294552437,0.0,-0.0,RED,0.0,0.0,5.0
96.00624966621399,1.0791838012939141,1.488206294552437,0.0,-0.0,RED,0.0,0.0,5.0
96.04320979118347,1.0791838012939141,1.488206294552437,0.0,-0.0,RED,0.0,0.0,5.0
96.04432654380798,1.0791838012939141,1.488206294552437,0.0,-0.0,RED,0.0,0.0,5.0
96.04525780677795,1.0791838012939141,1.488206294552437,0.0,-0.0,RED,0.0,0.0,5.0
96.04716467857361,1.0791838012939141,1.488206294552437,0.0,-0.0,RED,0.0,0.0,5.0
96.08036041259766,1.0791838012939141,1.488206294552437,0.0,-0.0,RED,0.0,0.0,5.0
96.08973383903503,1.0791838012939141,1.488206294552437,0.0,-0.0,RED,0.0,0.0,5.0
96.10452389717102,1.0791838012939141,1.488206294552437,0.0,-0.0,RED,0.0,0.0,5.0
96.10557556152344,1.0791838012939141,1.488206294552437,0.0,-0.0,RED,0.0,0.0,5.0
96.24158501625061,1.0791838012939141,1.488206294552437,0.0,-0.0,RED,0.0,0.0,5.0
96.24268865585327,1.0791838012939141,1.488206294552437,0.0,-0.0,RED,0.0,0.0,5.0
96.28471350669861,1.0791838012939141,1.488206294552437,0.0,-0.0,RED,0.0,0.0,5.0
96.28580117225647,1.0791838012939141,1.488206294552437,0.0,-0.0,RED,0.0,0.0,5.0
96.30755186080933,1.0791838012939141,1.488206294552437,0.0,-0.0,RED,0.0,0.0,5.0
96.30930733680725,1.0791838012939141,1.488206294552437,0.0,-0.0,RED,0.0,0.0,5.0
96.31021451950073,1.0791838012939141,1.488206294552437,0.0,-0.0,RED,0.0,0.0,5.0
96.31111860275269,1.0791838012939141,1.488206294552437,0.0,-0.0,RED,0.0,0.0,5.0
96.31199240684509,1.0791838012939141,1.488206294552437,0.0,-0.0,RED,0.0,0.0,5.0
96.31280422210693,1.0791838012939141,1.488206294552437,0.0,-0.0,RED,0.0,0.0,5.0
96.31361794471741,1.0791838012939141,1.488206294552437,0.0,-0.0,RED,0.0,0.0,5.0
96.34985613822937,1.0791838012939141,1.488206294552437,0.0,-0.0,RED,0.0,0.0,5.0
96.35096478462219,1.0791838012939141,1.488206294552437,0.0,-0.0,RED,0.0,0.0,5.0
96.47799634933472,1.0791838012939141,1.488206294552437,0.0,-0.0,RED,0.0,0.0,5.0
96.4976053237915,1.0791838012939141,1.488206294552437,0.0,-0.0,RED,0.0,0.0,5.0
96.50953984260559,1.0791838012939141,1.488206294552437,0.0,-0.0,RED,0.0,0.0,5.0
96.52552723884583,1.0791838012939141,1.488206294552437,0.0,-0.0,RED,0.0,0.0,5.0
96.52681350708008,1.0791838012939141,1.488206294552437,0.0,-0.0,RED,0.0,0.0,5.0
96.52776145935059,1.0791838012939141,1.488206294552437,0.0,-0.0,RED,0.0,0.0,5.0
96.52883839607239,1.0791838012939141,1.488206294552437,0.0,-0.0,RED,0.0,0.0,5.0
96.52978587150574,1.0791838012939141,1.488206294552437,0.0,-0.0,RED,0.0,0.0,5.0
96.53081893920898,1.0791838012939141,1.488206294552437,0.0,-0.0,RED,0.0,0.0,5.0
96.53185105323792,1.0791838012939141,1.488206294552437,0.0,-0.0,RED,0.0,0.0,5.0
96.53273916244507,1.0791838012939141,1.488206294552437,0.0,-0.0,RED,0.0,0.0,5.0
96.53364086151123,1.0791838012939141,1.488206294552437,0.0,-0.0,RED,0.0,0.0,5.0
96.54830718040466,1.0791838012939141,1.488206294552437,0.0,-0.0,RED,0.0,0.0,5.0
96.58033800125122,1.0791838012939141,1.488206294552437,0.0,-0.0,RED,0.0,0.0,5.0
96.58593726158142,1.0791838012939141,1.488206294552437,0.0,-0.0,RED,0.0,0.0,5.0
96.58717012405396,1.0791838012939141,1.488206294552437,0.0,-0.0,RED,0.0,0.0,5.0
96.59518194198608,1.0791838012939141,1.488206294552437,0.0,-0.0,RED,0.0,0.0,5.0
96.63715505599976,1.0791838012939141,1.488206294552437,0.0,-0.0,RED,0.0,0.0,5.0
96.63826704025269,1.0791838012939141,1.488206294552437,0.0,-0.0,RED,0.0,0.0,5.0
96.64258694648743,1.0791838012939141,1.488206294552437,0.0,-0.0,RED,0.0,0.0,5.0
96.65780186653137,1.0791838012939141,1.488206294552437,0.0,-0.0,RED,0.0,0.0,5.0
96.65904498100281,1.0791838012939141,1.488206294552437,0.0,-0.0,RED,0.0,0.0,5.0
96.66471433639526,1.0791838012939141,1.488206294552437,0.0,-0.0,RED,0.0,0.0,5.0
96.6945309638977,1.0791838012939141,1.488206294552437,0.0,-0.0,RED,0.0,0.0,5.0
96.69562697410583,1.0791838012939141,1.488206294552437,0.0,-0.0,RED,0.0,0.0,5.0
96.71347093582153,1.0791838012939141,1.488206294552437,0.0,-0.0,RED,0.0,0.0,5.0
96.71469259262085,1.0791838012939141,1.488206294552437,0.0,-0.0,RED,0.0,0.0,5.0
96.87266755104065,1.0791838012939141,1.488206294552437,0.0,-0.0,RED,0.0,0.0,5.0
96.873605966568,1.0791838012939141,1.488206294552437,0.0,-0.0,RED,0.0,0.0,5.0
96.87444925308228,1.0791838012939141,1.488206294552437,0.0,-0.0,RED,0.0,0.0,5.0
96.89038348197937,1.0791838012939141,1.488206294552437,0.0,-0.0,RED,0.0,0.0,5.0
96.89305639266968,1.0791838012939141,1.488206294552437,0.0,-0.0,RED,0.0,0.0,5.0
96.89433479309082,1.0791838012939141,1.488206294552437,0.0,-0.0,RED,0.0,0.0,5.0
96.89534783363342,1.0791838012939141,1.488206294552437,0.0,-0.0,RED,0.0,0.0,5.0
96.89617371559143,1.0791838012939141,1.488206294552437,0.0,-0.0,RED,0.0,0.0,5.0
96.89698791503906,1.0791838012939141,1.488206294552437,0.0,-0.0,RED,0.0,0.0,5.0
96.92610287666321,1.0791838012939141,1.488206294552437,0.0,-0.0,RED,0.0,0.0,5.0
96.93460774421692,1.0791838012939141,1.488206294552437,0.0,-0.0,RED,0.0,0.0,5.0
96.93584084510803,1.0791838012939141,1.488206294552437,0.0,-0.0,RED,0.0,0.0,5.0
97.09624028205872,1.0791838012939141,1.488206294552437,0.0,-0.0,RED,0.0,0.0,5.0
97.09733748435974,1.0791838012939141,1.488206294552437,0.0,-0.0,RED,0.0,0.0,5.0
97.1236560344696,1.0791838012939141,1.488206294552437,0.0,-0.0,RED,0.0,0.0,5.0
97.12489056587219,1.0791838012939141,1.488206294552437,0.0,-0.0,RED,0.0,0.0,5.0
97.12795662879944,1.0791838012939141,1.488206294552437,0.0,-0.0,RED,0.0,0.0,5.0
97.1291275024414,1.0791838012939141,1.488206294552437,0.0,-0.0,RED,0.0,0.0,5.0
97.130206823349,1.0791838012939141,1.488206294552437,0.0,-0.0,RED,0.0,0.0,5.0
97.13109922409058,1.0791838012939141,1.488206294552437,0.0,-0.0,RED,0.0,0.0,5.0
97.13199734687805,1.0791838012939141,1.488206294552437,0.0,-0.0,RED,0.0,0.0,5.0
97.13304686546326,1.0791838012939141,1.488206294552437,0.0,-0.0,RED,0.0,0.0,5.0
97.1338791847229,1.0791838012939141,1.488206294552437,0.0,-0.0,RED,0.0,0.0,5.0
97.17382073402405,1.0791838012939141,1.488206294552437,0.0,-0.0,RED,0.0,0.0,5.0
97.17481517791748,1.0791838012939141,1.488206294552437,0.0,-0.0,RED,0.0,0.0,5.0
97.17573142051697,1.0791838012939141,1.488206294552437,0.0,-0.0,RED,0.0,0.0,5.0
97.26853966712952,1.0791838012939141,1.488206294552437,0.0,-0.0,RED,0.0,0.0,5.0
97.27218174934387,1.0791838012939141,1.488206294552437,0.0,-0.0,RED,0.0,0.0,5.0
97.29383659362793,1.0791838012939141,1.488206294552437,0.0,-0.0,RED,0.0,0.0,5.0
97.30119180679321,1.0791838012939141,1.488206294552437,0.0,-0.0,RED,0.0,0.0,5.0
97.31849980354309,1.0791838012939141,1.488206294552437,0.0,-0.0,RED,0.0,0.0,5.0
97.31975984573364,1.0791838012939141,1.488206294552437,0.0,-0.0,RED,0.0,0.0,5.0
97.32082557678223,1.0791838012939141,1.488206294552437,0.0,-0.0,RED,0.0,0.0,5.0
97.32173323631287,1.0791838012939141,1.488206294552437,0.0,-0.0,RED,0.0,0.0,5.0
97.32256054878235,1.0791838012939141,1.488206294552437,0.0,-0.0,RED,0.0,0.0,5.0
97.32337880134583,1.0791838012939141,1.488206294552437,0.0,-0.0,RED,0.0,0.0,5.0
97.35145449638367,1.0791838012939141,1.488206294552437,0.0,-0.0,RED,0.0,0.0,5.0
97.35978126525879,1.0791838012939141,1.488206294552437,0.0,-0.0,RED,0.0,0.0,5.0
97.44992113113403,1.0791838012939141,1.488206294552437,0.0,-0.0,RED,0.0,0.0,5.0
97.45111870765686,1.0791838012939141,1.488206294552437,0.0,-0.0,RED,0.0,0.0,5.0
97.47464442253113,1.0791838012939141,1.488206294552437,0.0,-0.0,RED,0.0,0.0,5.0
97.4777262210846,1.0791838012939141,1.488206294552437,0.0,-0.0,RED,0.0,0.0,5.0
97.49403071403503,1.0791838012939141,1.488206294552437,0.0,-0.0,RED,0.0,0.0,5.0
97.49516868591309,1.0791838012939141,1.488206294552437,0.0,-0.0,RED,0.0,0.0,5.0
97.4962522983551,1.0791838012939141,1.488206294552437,0.0,-0.0,RED,0.0,0.0,5.0
97.497882604599,1.0791838012939141,1.488206294552437,0.0,-0.0,RED,0.0,0.0,5.0
97.4993064403534,1.0791838012939141,1.488206294552437,0.0,-0.0,RED,0.0,0.0,5.0
97.5001928806305,1.0791838012939141,1.488206294552437,0.0,-0.0,RED,0.0,0.0,5.0
97.50101494789124,1.0791838012939141,1.488206294552437,0.0,-0.0,RED,0.0,0.0,5.0
97.52862358093262,1.0791838012939141,1.488206294552437,0.0,-0.0,RED,0.0,0.0,5.0
97.52987146377563,1.0791838012939141,1.488206294552437,0.0,-0.0,RED,0.0,0.0,5.0
97.5482656955719,1.0791838012939141,1.488206294552437,0.0,-0.0,RED,0.0,0.0,5.0
97.5494134426117,1.0791838012939141,1.488206294552437,0.0,-0.0,RED,0.0,0.0,5.0
97.61586570739746,1.0791838012939141,1.488206294552437,0.0,-0.0,RED,0.0,0.0,5.0
97.628093957901,1.0791838012939141,1.488206294552437,0.0,-0.0,RED,0.0,0.0,5.0
97.62914562225342,1.0791838012939141,1.488206294552437,0.0,-0.0,RED,0.0,0.0,5.0
97.64844083786011,1.0791838012939141,1.488206294552437,0.0,-0.0,RED,0.0,0.0,5.0
97.64940977096558,1.0791838012939141,1.488206294552437,0.0,-0.0,RED,0.0,0.0,5.0
97.66372632980347,1.0791838012939141,1.488206294552437,0.0,-0.0,RED,0.0,0.0,5.0
97.67001795768738,1.0791838012939141,1.488206294552437,0.0,-0.0,RED,0.0,0.0,5.0
97.67112183570862,1.0791838012939141,1.488206294552437,0.0,-0.0,RED,0.0,0.0,5.0
97.67695951461792,1.0791838012939141,1.488206294552437,0.0,-0.0,RED,0.0,0.0,5.0
97.67818903923035,1.0791838012939141,1.488206294552437,0.0,-0.0,RED,0.0,0.0,5.0
97.69376611709595,1.0791838012939141,1.488206294552437,0.0,-0.0,RED,0.0,0.0,5.0
97.69487118721008,1.0791838012939141,1.488206294552437,0.0,-0.0,RED,0.0,0.0,5.0
97.71220445632935,1.0791838012939141,1.488206294552437,0.0,-0.0,RED,0.0,0.0,5.0
97.77699160575867,1.0791838012939141,1.488206294552437,0.0,-0.0,RED,0.0,0.0,5.0
97.78818964958191,1.0791838012939141,1.488206294552437,0.0,-0.0,RED,0.0,0.0,5.0
97.79951095581055,1.0791838012939141,1.488206294552437,0.0,-0.0,RED,0.0,0.0,5.0
97.8209080696106,1.0791838012939141,1.488206294552437,0.0,-0.0,RED,0.0,0.0,5.0
97.83245301246643,1.0791838012939141,1.488206294552437,0.0,-0.0,RED,0.0,0.0,5.0
97.8334972858429,1.0791838012939141,1.488206294552437,0.0,-0.0,RED,0.0,0.0,5.0
97.85302519798279,1.0791838012939141,1.488206294552437,0.0,-0.0,RED,0.0,0.0,5.0
97.8541624546051,1.0791838012939141,1.488206294552437,0.0,-0.0,RED,0.0,0.0,5.0
97.8604187965393,1.0791838012939141,1.488206294552437,0.0,-0.0,RED,0.0,0.0,5.0
97.87768888473511,1.0791838012939141,1.488206294552437,0.0,-0.0,RED,0.0,0.0,5.0
97.88532137870789,1.0791838012939141,1.488206294552437,0.0,-0.0,RED,0.0,0.0,5.0
97.9175157546997,1.0791838012939141,1.488206294552437,0.0,-0.0,RED,0.0,0.0,5.0
97.94685482978821,1.0791838012939141,1.488206294552437,0.0,-0.0,RED,0.0,0.0,5.0
97.98839330673218,1.0791838012939141,1.488206294552437,0.0,-0.0,RED,0.0,0.0,5.0
97.98938250541687,1.0791838012939141,1.488206294552437,0.0,-0.0,RED,0.0,0.0,5.0
98.0131471157074,1.0791838012939141,1.488206294552437,0.0,-0.0,RED,0.0,0.0,5.0
98.02563142776489,1.0791838012939141,1.488206294552437,0.0,-0.0,RED,0.0,0.0,5.0
98.0413134098053,1.0791838012939141,1.488206294552437,0.0,-0.0,RED,0.0,0.0,5.0
98.05729746818542,1.0791838012939141,1.488206294552437,0.0,-0.0,RED,0.0,0.0,5.0
98.07796692848206,1.0791838012939141,1.488206294552437,0.0,-0.0,RED,0.0,0.0,5.0
98.07911610603333,1.0791838012939141,1.488206294552437,0.0,-0.0,RED,0.0,0.0,5.0
98.10135984420776,1.0791838012939141,1.488206294552437,0.0,-0.0,RED,0.0,0.0,5.0
98.1360445022583,1.0791838012939141,1.488206294552437,0.0,-0.0,RED,0.0,0.0,5.0
98.13718914985657,1.0791838012939141,1.488206294552437,0.0,-0.0,RED,0.0,0.0,5.0
98.28370523452759,1.0791838012939141,1.488206294552437,0.0,-0.0,RED,0.0,0.0,5.0
98.31143450737,1.0791838012939141,1.488206294552437,0.0,-0.0,RED,0.0,0.0,5.0
98.31255626678467,1.0791838012939141,1.488206294552437,0.0,-0.0,RED,0.0,0.0,5.0
98.33600616455078,1.0791838012939141,1.488206294552437,0.0,-0.0,RED,0.0,0.0,5.0
98.33708500862122,1.0791838012939141,1.488206294552437,0.0,-0.0,RED,0.0,0.0,5.0
98.33797407150269,1.0791838012939141,1.488206294552437,0.0,-0.0,RED,0.0,0.0,5.0
98.3388295173645,1.0791838012939141,1.488206294552437,0.0,-0.0,RED,0.0,0.0,5.0
98.34002137184143,1.0791838012939141,1.488206294552437,0.0,-0.0,RED,0.0,0.0,5.0
98.34104752540588,1.0791838012939141,1.488206294552437,0.0,-0.0,RED,0.0,0.0,5.0
98.34215140342712,1.0791838012939141,1.488206294552437,0.0,-0.0,RED,0.0,0.0,5.0
98.34322214126587,1.0791838012939141,1.488206294552437,0.0,-0.0,RED,0.0,0.0,5.0
98.34456372261047,1.0791838012939141,1.488206294552437,0.0,-0.0,RED,0.0,0.0,5.0
98.34640693664551,1.0791838012939141,1.488206294552437,0.0,-0.0,RED,0.0,0.0,5.0
98.34725499153137,1.0791838012939141,1.488206294552437,0.0,-0.0,RED,0.0,0.0,5.0
98.36937546730042,1.0791838012939141,1.488206294552437,0.0,-0.0,RED,0.0,0.0,5.0
98.3705141544342,1.0791838012939141,1.488206294552437,0.0,-0.0,RED,0.0,0.0,5.0
98.52530980110168,1.0791838012939141,1.488206294552437,0.0,-0.0,RED,0.0,0.0,5.0
98.53163266181946,1.0791838012939141,1.488206294552437,0.0,-0.0,RED,0.0,0.0,5.0
98.53702449798584,1.0791838012939141,1.488206294552437,0.0,-0.0,RED,0.0,0.0,5.0
98.56545233726501,1.0791838012939141,1.488206294552437,0.0,-0.0,RED,0.0,0.0,5.0
98.58006477355957,1.0791838012939141,1.488206294552437,0.0,-0.0,RED,0.0,0.0,5.0
98.58110523223877,1.0791838012939141,1.488206294552437,0.0,-0.0,RED,0.0,0.0,5.0
98.58197021484375,1.0791838012939141,1.488206294552437,0.0,-0.0,RED,0.0,0.0,5.0
98.58282971382141,1.0791838012939141,1.488206294552437,0.0,-0.0,RED,0.0,0.0,5.0
98.58367323875427,1.0791838012939141,1.488206294552437,0.0,-0.0,RED,0.0,0.0,5.0
98.58452224731445,1.0791838012939141,1.488206294552437,0.0,-0.0,RED,0.0,0.0,5.0
98.5853660106659,1.0791838012939141,1.488206294552437,0.0,-0.0,RED,0.0,0.0,5.0
98.58621788024902,1.0791838012939141,1.488206294552437,0.0,-0.0,RED,0.0,0.0,5.0
98.62052130699158,1.0791838012939141,1.488206294552437,0.0,-0.0,RED,0.0,0.0,5.0
98.64005255699158,1.0791838012939141,1.488206294552437,0.0,-0.0,RED,0.0,0.0,5.0
98.64116621017456,1.0791838012939141,1.488206294552437,0.0,-0.0,RED,0.0,0.0,5.0
98.64228820800781,1.0791838012939141,1.488206294552437,0.0,-0.0,RED,0.0,0.0,5.0
98.6961305141449,1.0791838012939141,1.488206294552437,0.0,-0.0,RED,0.0,0.0,5.0
98.70817112922668,1.0791838012939141,1.488206294552437,0.0,-0.0,RED,0.0,0.0,5.0
98.71536946296692,1.0791838012939141,1.488206294552437,0.0,-0.0,RED,0.0,0.0,5.0
98.74596858024597,1.0791838012939141,1.488206294552437,0.0,-0.0,RED,0.0,0.0,5.0
98.7533974647522,1.0791838012939141,1.488206294552437,0.0,-0.0,RED,0.0,0.0,5.0
98.75442433357239,1.0791838012939141,1.488206294552437,0.0,-0.0,RED,0.0,0.0,5.0
98.75531530380249,1.0791838012939141,1.488206294552437,0.0,-0.0,RED,0.0,0.0,5.0
98.78644824028015,1.0791838012939141,1.488206294552437,0.0,-0.0,RED,0.0,0.0,5.0
98.78747153282166,1.0791838012939141,1.488206294552437,0.0,-0.0,RED,0.0,0.0,5.0
98.806467294693,1.0791838012939141,1.488206294552437,0.0,-0.0,RED,0.0,0.0,5.0
98.82579445838928,1.0791838012939141,1.488206294552437,0.0,-0.0,RED,0.0,0.0,5.0
98.83587622642517,1.0791838012939141,1.488206294552437,0.0,-0.0,RED,0.0,0.0,5.0
98.84499597549438,1.0791838012939141,1.488206294552437,0.0,-0.0,RED,0.0,0.0,5.0
98.87637734413147,1.0791838012939141,1.488206294552437,0.0,-0.0,RED,0.0,0.0,5.0
98.87773084640503,1.0791838012939141,1.488206294552437,0.0,-0.0,RED,0.0,0.0,5.0
98.87953615188599,1.0791838012939141,1.488206294552437,0.0,-0.0,RED,0.0,0.0,5.0
98.89691281318665,1.0791838012939141,1.488206294552437,0.0,-0.0,RED,0.0,0.0,5.0
98.89800071716309,1.0791838012939141,1.488206294552437,0.0,-0.0,RED,0.0,0.0,5.0
98.92483949661255,1.0791838012939141,1.488206294552437,0.0,-0.0,RED,0.0,0.0,5.0
98.92591834068298,1.0791838012939141,1.488206294552437,0.0,-0.0,RED,0.0,0.0,5.0
98.96682786941528,1.0791838012939141,1.488206294552437,0.0,-0.0,RED,0.0,0.0,5.0
98.98985862731934,1.0791838012939141,1.488206294552437,0.0,-0.0,RED,0.0,0.0,5.0
98.99082112312317,1.0791838012939141,1.488206294552437,0.0,-0.0,RED,0.0,0.0,5.0
98.9917356967926,1.0791838012939141,1.488206294552437,0.0,-0.0,RED,0.0,0.0,5.0
99.00540256500244,1.0791838012939141,1.488206294552437,0.0,-0.0,RED,0.0,0.0,5.0
99.0238139629364,1.0791838012939141,1.488206294552437,0.0,-0.0,RED,0.0,0.0,5.0
99.03559970855713,1.0791838012939141,1.488206294552437,0.0,-0.0,RED,0.0,0.0,5.0
99.05768990516663,1.0791838012939141,1.488206294552437,0.0,-0.0,RED,0.0,0.0,5.0
99.07836627960205,1.0791838012939141,1.488206294552437,0.0,-0.0,RED,0.0,0.0,5.0
99.07941770553589,1.0791838012939141,1.488206294552437,0.0,-0.0,RED,0.0,0.0,5.0
99.09194612503052,1.0791838012939141,1.488206294552437,0.0,-0.0,RED,0.0,0.0,5.0
99.0929925441742,1.0791838012939141,1.488206294552437,0.0,-0.0,RED,0.0,0.0,5.0
99.0939211845398,1.0791838012939141,1.488206294552437,0.0,-0.0,RED,0.0,0.0,5.0
99.11121582984924,1.0791838012939141,1.488206294552437,0.0,-0.0,RED,0.0,0.0,5.0
99.12314534187317,1.0791838012939141,1.488206294552437,0.0,-0.0,RED,0.0,0.0,5.0
99.1460177898407,1.0791838012939141,1.488206294552437,0.0,-0.0,RED,0.0,0.0,5.0
99.17991328239441,1.0791838012939141,1.488206294552437,0.0,-0.0,RED,0.0,0.0,5.0
99.18097972869873,1.0791838012939141,1.488206294552437,0.0,-0.0,RED,0.0,0.0,5.0
99.1819167137146,1.0791838012939141,1.488206294552437,0.0,-0.0,RED,0.0,0.0,5.0
99.1934425830841,1.0791838012939141,1.488206294552437,0.0,-0.0,RED,0.0,0.0,5.0
99.22027397155762,1.0791838012939141,1.488206294552437,0.0,-0.0,RED,0.0,0.0,5.0
99.22134017944336,1.0791838012939141,1.488206294552437,0.0,-0.0,RED,0.0,0.0,5.0
99.2552502155304,1.0791838012939141,1.488206294552437,0.0,-0.0,RED,0.0,0.0,5.0
99.25621485710144,1.0791838012939141,1.488206294552437,0.0,-0.0,RED,0.0,0.0,5.0
99.2586452960968,1.0791838012939141,1.488206294552437,0.0,-0.0,RED,0.0,0.0,5.0
99.29022002220154,1.0791838012939141,1.488206294552437,0.0,-0.0,RED,0.0,0.0,5.0
99.30862855911255,1.0791838012939141,1.488206294552437,0.0,-0.0,RED,0.0,0.0,5.0
99.32508397102356,1.0791838012939141,1.488206294552437,0.0,-0.0,RED,0.0,0.0,5.0
99.32617688179016,1.0791838012939141,1.488206294552437,0.0,-0.0,RED,0.0,0.0,5.0
99.36163568496704,1.0791838012939141,1.488206294552437,0.0,-0.0,RED,0.0,0.0,5.0
99.38956046104431,1.0791838012939141,1.488206294552437,0.0,-0.0,RED,0.0,0.0,5.0
99.39064168930054,1.0791838012939141,1.488206294552437,0.0,-0.0,RED,0.0,0.0,5.0
99.39157843589783,1.0791838012939141,1.488206294552437,0.0,-0.0,RED,0.0,0.0,5.0
99.42068696022034,1.0791838012939141,1.488206294552437,0.0,-0.0,RED,0.0,0.0,5.0
99.42861080169678,1.0791838012939141,1.488206294552437,0.0,-0.0,RED,0.0,0.0,5.0
99.4296510219574,1.0791838012939141,1.488206294552437,0.0,-0.0,RED,0.0,0.0,5.0
99.46809077262878,1.0791838012939141,1.488206294552437,0.0,-0.0,RED,0.0,0.0,5.0
99.46916770935059,1.0791838012939141,1.488206294552437,0.0,-0.0,RED,0.0,0.0,5.0
99.49183177947998,1.0791838012939141,1.488206294552437,0.0,-0.0,RED,0.0,0.0,5.0
99.49284315109253,1.0791838012939141,1.488206294552437,0.0,-0.0,RED,0.0,0.0,5.0
99.5111198425293,1.0791838012939141,1.488206294552437,0.0,-0.0,RED,0.0,0.0,5.0
99.53746128082275,1.0791838012939141,1.488206294552437,0.0,-0.0,RED,0.0,0.0,5.0
99.54460430145264,1.0791838012939141,1.488206294552437,0.0,-0.0,RED,0.0,0.0,5.0
99.5456440448761,1.0791838012939141,1.488206294552437,0.0,-0.0,RED,0.0,0.0,5.0
99.57073879241943,1.0791838012939141,1.488206294552437,0.0,-0.0,RED,0.0,0.0,5.0
99.5785562992096,1.0791838012939141,1.488206294552437,0.0,-0.0,RED,0.0,0.0,5.0
99.57968544960022,1.0791838012939141,1.488206294552437,0.0,-0.0,RED,0.0,0.0,5.0
99.60951948165894,1.0791838012939141,1.488206294552437,0.0,-0.0,RED,0.0,0.0,5.0
99.6166763305664,1.0791838012939141,1.488206294552437,0.0,-0.0,RED,0.0,0.0,5.0
99.61771655082703,1.0791838012939141,1.488206294552437,0.0,-0.0,RED,0.0,0.0,5.0
99.64888739585876,1.0791838012939141,1.488206294552437,0.0,-0.0,RED,0.0,0.0,5.0
99.66358375549316,1.0791838012939141,1.488206294552437,0.0,-0.0,RED,0.0,0.0,5.0
99.67544269561768,1.0791838012939141,1.488206294552437,0.0,-0.0,RED,0.0,0.0,5.0
99.69944429397583,1.0791838012939141,1.488206294552437,0.0,-0.0,RED,0.0,0.0,5.0
99.7058596611023,1.0791838012939141,1.488206294552437,0.0,-0.0,RED,0.0,0.0,5.0
99.73131656646729,1.0791838012939141,1.488206294552437,0.0,-0.0,RED,0.0,0.0,5.0
99.7369818687439,1.0791838012939141,1.488206294552437,0.0,-0.0,RED,0.0,0.0,5.0
99.74315881729126,1.0791838012939141,1.488206294552437,0.0,-0.0,RED,0.0,0.0,5.0
99.77019238471985,1.0791838012939141,1.488206294552437,0.0,-0.0,RED,0.0,0.0,5.0
99.78926753997803,1.0791838012939141,1.488206294552437,0.0,-0.0,RED,0.0,0.0,5.0
99.790354013443,1.0791838012939141,1.488206294552437,0.0,-0.0,RED,0.0,0.0,5.0
99.79128408432007,1.0791838012939141,1.488206294552437,0.0,-0.0,RED,0.0,0.0,5.0
99.79285168647766,1.0791838012939141,1.488206294552437,0.0,-0.0,RED,0.0,0.0,5.0
99.793865442276,1.0791838012939141,1.488206294552437,0.0,-0.0,RED,0.0,0.0,5.0
99.81672501564026,1.0791838012939141,1.488206294552437,0.0,-0.0,RED,0.0,0.0,5.0
99.83700323104858,1.0791838012939141,1.488206294552437,0.0,-0.0,RED,0.0,0.0,5.0
99.85839509963989,1.0791838012939141,1.488206294552437,0.0,-0.0,RED,0.0,0.0,5.0
99.88762760162354,1.0791838012939141,1.488206294552437,0.0,-0.0,RED,0.0,0.0,5.0
99.88872766494751,1.0791838012939141,1.488206294552437,0.0,-0.0,RED,0.0,0.0,5.0
99.88979077339172,1.0791838012939141,1.488206294552437,0.0,-0.0,RED,0.0,0.0,5.0
99.91453051567078,1.0791838012939141,1.488206294552437,0.0,-0.0,RED,0.0,0.0,5.0
99.94356894493103,1.0791838012939141,1.488206294552437,0.0,-0.0,RED,0.0,0.0,5.0
99.94479417800903,1.0791838012939141,1.488206294552437,0.0,-0.0,RED,0.0,0.0,5.0
99.94573450088501,1.0791838012939141,1.488206294552437,0.0,-0.0,RED,0.0,0.0,5.0
99.96439385414124,1.0791838012939141,1.488206294552437,0.0,-0.0,RED,0.0,0.0,5.0
99.96562218666077,1.0791838012939141,1.488206294552437,0.0,-0.0,RED,0.0,0.0,5.0
99.99117851257324,1.0791838012939141,1.488206294552437,0.0,-0.0,RED,0.0,0.0,5.0
99.99228644371033,1.0791838012939141,1.488206294552437,0.0,-0.0,RED,0.0,0.0,5.0
100.02090883255005,1.0791838012939141,1.488206294552437,0.0,-0.0,RED,0.0,0.0,5.0
100.02217674255371,1.0791838012939141,1.488206294552437,0.0,-0.0,RED,0.0,0.0,5.0
100.04438328742981,1.0791838012939141,1.488206294552437,0.0,-0.0,RED,0.0,0.0,5.0
100.04542183876038,1.0791838012939141,1.488206294552437,0.0,-0.0,RED,0.0,0.0,5.0
100.07340240478516,1.0791838012939141,1.488206294552437,0.0,-0.0,RED,0.0,0.0,5.0
100.09640526771545,1.0791838012939141,1.488206294552437,0.0,-0.0,RED,0.0,0.0,5.0
100.09744048118591,1.0791838012939141,1.488206294552437,0.0,-0.0,RED,0.0,0.0,5.0
100.09837555885315,1.0791838012939141,1.488206294552437,0.0,-0.0,RED,0.0,0.0,5.0
100.13060927391052,1.0791838012939141,1.488206294552437,0.0,-0.0,RED,0.0,0.0,5.0
100.14341950416565,1.0791838012939141,1.488206294552437,0.0,-0.0,RED,0.0,0.0,5.0
100.18019008636475,1.0791838012939141,1.488206294552437,0.0,-0.0,RED,0.0,0.0,5.0
100.18124651908875,1.0791838012939141,1.488206294552437,0.0,-0.0,RED,0.0,0.0,5.0
100.19105505943298,1.0791838012939141,1.488206294552437,0.0,-0.0,RED,0.0,0.0,5.0
100.21738243103027,1.0791838012939141,1.488206294552437,0.0,-0.0,RED,0.0,0.0,5.0
100.21842908859253,1.0791838012939141,1.488206294552437,0.0,-0.0,RED,0.0,0.0,5.0
100.22064590454102,1.0791838012939141,1.488206294552437,0.0,-0.0,RED,0.0,0.0,5.0
100.24826979637146,1.0791838012939141,1.488206294552437,0.0,-0.0,RED,0.0,0.0,5.0
100.27842998504639,1.0791838012939141,1.488206294552437,0.0,-0.0,RED,0.0,0.0,5.0
100.27948093414307,1.0791838012939141,1.488206294552437,0.0,-0.0,RED,0.0,0.0,5.0
100.29815530776978,1.0791838012939141,1.488206294552437,0.0,-0.0,RED,0.0,0.0,5.0
100.31012153625488,1.0791838012939141,1.488206294552437,0.0,-0.0,RED,0.0,0.0,5.0
100.33750319480896,1.0791838012939141,1.488206294552437,0.0,-0.0,RED,0.0,0.0,5.0
100.33867502212524,1.0791838012939141,1.488206294552437,0.0,-0.0,RED,0.0,0.0,5.0
100.33961129188538,1.0791838012939141,1.488206294552437,0.0,-0.0,RED,0.0,0.0,5.0
100.35541462898254,1.0791838012939141,1.488206294552437,0.0,-0.0,RED,0.0,0.0,5.0
100.35653066635132,1.0791838012939141,1.488206294552437,0.0,-0.0,RED,0.0,0.0,5.0
100.38608503341675,1.0791838012939141,1.488206294552437,0.0,-0.0,RED,0.0,0.0,5.0
100.38732695579529,1.0791838012939141,1.488206294552437,0.0,-0.0,RED,0.0,0.0,5.0
100.40827465057373,1.0791838012939141,1.488206294552437,0.0,-0.0,RED,0.0,0.0,5.0
100.40986657142639,1.0791838012939141,1.488206294552437,0.0,-0.0,RED,0.0,0.0,5.0
100.43319845199585,1.0791838012939141,1.488206294552437,0.0,-0.0,RED,0.0,0.0,5.0
100.43432688713074,1.0791838012939141,1.488206294552437,0.0,-0.0,RED,0.0,0.0,5.0
100.45946764945984,1.0791838012939141,1.488206294552437,0.0,-0.0,RED,0.0,0.0,5.0
100.46931266784668,1.0791838012939141,1.488206294552437,0.0,-0.0,RED,0.0,0.0,5.0
100.49599862098694,1.0791838012939141,1.488206294552437,0.0,-0.0,RED,0.0,0.0,5.0
100.51145911216736,1.0791838012939141,1.488206294552437,0.0,-0.0,RED,0.0,0.0,5.0
100.5125060081482,1.0791838012939141,1.488206294552437,0.0,-0.0,RED,0.0,0.0,5.0
100.53920602798462,1.0791838012939141,1.488206294552437,0.0,-0.0,RED,0.0,0.0,5.0
100.56327271461487,1.0791838012939141,1.488206294552437,0.0,-0.0,RED,0.0,0.0,5.0
100.57349133491516,1.0791838012939141,1.488206294552437,0.0,-0.0,RED,0.0,0.0,5.0
100.6005277633667,1.0791838012939141,1.488206294552437,0.0,-0.0,RED,0.0,0.0,5.0
100.61632561683655,1.0791838012939141,1.488206294552437,0.0,-0.0,RED,0.0,0.0,5.0
100.66270804405212,1.0791838012939141,1.488206294552437,0.0,-0.0,RED,0.0,0.0,5.0
100.66389632225037,1.0791838012939141,1.488206294552437,0.0,-0.0,RED,0.0,0.0,5.0
100.66496706008911,1.0791838012939141,1.488206294552437,0.0,-0.0,RED,0.0,0.0,5.0
100.6659026145935,1.0791838012939141,1.488206294552437,0.0,-0.0,RED,0.0,0.0,5.0
100.66679787635803,1.0791838012939141,1.488206294552437,0.0,-0.0,RED,0.0,0.0,5.0
100.71106243133545,1.0791838012939141,1.488206294552437,0.0,-0.0,RED,0.0,0.0,5.0
100.76073122024536,1.0791838012939141,1.488206294552437,0.0,-0.0,RED,0.0,0.0,5.0
100.76191902160645,1.0791838012939141,1.488206294552437,0.0,-0.0,RED,0.0,0.0,5.0
100.76284790039062,1.0791838012939141,1.488206294552437,0.0,-0.0,RED,0.0,0.0,5.0
100.7637574672699,1.0791838012939141,1.488206294552437,0.0,-0.0,RED,0.0,0.0,5.0
100.76465082168579,1.0791838012939141,1.488206294552437,0.0,-0.0,RED,0.0,0.0,5.0
100.7994921207428,1.0791838012939141,1.488206294552437,0.0,-0.0,RED,0.0,0.0,5.0
100.80061221122742,1.0791838012939141,1.488206294552437,0.0,-0.0,RED,0.0,0.0,5.0
100.83349370956421,1.0791838012939141,1.488206294552437,0.0,-0.0,RED,0.0,0.0,5.0
100.83710527420044,1.0791838012939141,1.488206294552437,0.0,-0.0,RED,0.0,0.0,5.0
100.84836149215698,1.0791838012939141,1.488206294552437,0.0,-0.0,RED,0.0,0.0,5.0
100.89568328857422,1.0791838012939141,1.488206294552437,0.0,-0.0,RED,0.0,0.0,5.0
100.89674830436707,1.0791838012939141,1.488206294552437,0.0,-0.0,RED,0.0,0.0,5.0
100.89769220352173,1.0791838012939141,1.488206294552437,0.0,-0.0,RED,0.0,0.0,5.0
100.92835855484009,1.0791838012939141,1.488206294552437,0.0,-0.0,RED,0.0,0.0,5.0
100.94539403915405,1.0791838012939141,1.488206294552437,0.0,-0.0,RED,0.0,0.0,5.0
100.95418500900269,1.0791838012939141,1.488206294552437,0.0,-0.0,RED,0.0,0.0,5.0
100.95526456832886,1.0791838012939141,1.488206294552437,0.0,-0.0,RED,0.0,0.0,5.0
100.96425747871399,1.0791838012939141,1.488206294552437,0.0,-0.0,RED,0.0,0.0,5.0
100.97033047676086,1.0791838012939141,1.488206294552437,0.0,-0.0,RED,0.0,0.0,5.0
100.99939489364624,1.0791838012939141,1.488206294552437,0.0,-0.0,RED,0.0,0.0,5.0
101.00064516067505,1.0791838012939141,1.488206294552437,0.0,-0.0,RED,0.0,0.0,5.0
101.01238179206848,1.0791838012939141,1.488206294552437,0.0,-0.0,RED,0.0,0.0,5.0
101.01352214813232,1.0791838012939141,1.488206294552437,0.0,-0.0,RED,0.0,0.0,5.0
101.02463603019714,1.0791838012939141,1.488206294552437,0.0,-0.0,RED,0.0,0.0,5.0
101.05613017082214,1.0791838012939141,1.488206294552437,0.0,-0.0,RED,0.0,0.0,5.0
101.05742692947388,1.0791838012939141,1.488206294552437,0.0,-0.0,RED,0.0,0.0,5.0
101.05843424797058,1.0791838012939141,1.488206294552437,0.0,-0.0,RED,0.0,0.0,5.0
101.06656241416931,1.0791838012939141,1.488206294552437,0.0,-0.0,RED,0.0,0.0,5.0
101.10841751098633,1.0791838012939141,1.488206294552437,0.0,-0.0,RED,0.0,0.0,5.0
101.10971975326538,1.0791838012939141,1.488206294552437,0.0,-0.0,RED,0.0,0.0,5.0
101.11596512794495,1.0791838012939141,1.488206294552437,0.0,-0.0,RED,0.0,0.0,5.0
101.18035411834717,1.0791838012939141,1.488206294552437,0.0,-0.0,RED,0.0,0.0,5.0
101.1814558506012,1.0791838012939141,1.488206294552437,0.0,-0.0,RED,0.0,0.0,5.0
101.1823136806488,1.0791838012939141,1.488206294552437,0.0,-0.0,RED,0.0,0.0,5.0
101.18314695358276,1.0791838012939141,1.488206294552437,0.0,-0.0,RED,0.0,0.0,5.0
101.18396353721619,1.0791838012939141,1.488206294552437,0.0,-0.0,RED,0.0,0.0,5.0
101.18864893913269,1.0791838012939141,1.488206294552437,0.0,-0.0,RED,0.0,0.0,5.0
101.18971514701843,1.0791838012939141,1.488206294552437,0.0,-0.0,RED,0.0,0.0,5.0
101.22923302650452,1.0791838012939141,1.488206294552437,0.0,-0.0,RED,0.0,0.0,5.0
101.23898243904114,1.0791838012939141,1.488206294552437,0.0,-0.0,RED,0.0,0.0,5.0
101.23993396759033,1.0791838012939141,1.488206294552437,0.0,-0.0,RED,0.0,0.0,5.0
101.24479365348816,1.0791838012939141,1.488206294552437,0.0,-0.0,RED,0.0,0.0,5.0
101.27682733535767,1.0791838012939141,1.488206294552437,0.0,-0.0,RED,0.0,0.0,5.0
101.28820586204529,1.0791838012939141,1.488206294552437,0.0,-0.0,RED,0.0,0.0,5.0
101.28920006752014,1.0791838012939141,1.488206294552437,0.0,-0.0,RED,0.0,0.0,5.0
101.31423497200012,1.0791838012939141,1.488206294552437,0.0,-0.0,RED,0.0,0.0,5.0
101.32661771774292,1.0791838012939141,1.488206294552437,0.0,-0.0,RED,0.0,0.0,5.0
101.33344841003418,1.0791838012939141,1.488206294552437,0.0,-0.0,RED,0.0,0.0,5.0
101.37389135360718,1.0791838012939141,1.488206294552437,0.0,-0.0,RED,0.0,0.0,5.0
101.37494158744812,1.0791838012939141,1.488206294552437,0.0,-0.0,RED,0.0,0.0,5.0
101.3759183883667,1.0791838012939141,1.488206294552437,0.0,-0.0,RED,0.0,0.0,5.0
101.37684965133667,1.0791838012939141,1.488206294552437,0.0,-0.0,RED,0.0,0.0,5.0
101.38595485687256,1.0791838012939141,1.488206294552437,0.0,-0.0,RED,0.0,0.0,5.0
101.42349362373352,1.0791838012939141,1.488206294552437,0.0,-0.0,RED,0.0,0.0,5.0
101.42448925971985,1.0791838012939141,1.488206294552437,0.0,-0.0,RED,0.0,0.0,5.0
101.45887875556946,1.0791838012939141,1.488206294552437,0.0,-0.0,RED,0.0,0.0,5.0
101.46001362800598,1.0791838012939141,1.488206294552437,0.0,-0.0,RED,0.0,0.0,5.0
101.46099758148193,1.0791838012939141,1.488206294552437,0.0,-0.0,RED,0.0,0.0,5.0
101.46190905570984,1.0791838012939141,1.488206294552437,0.0,-0.0,RED,0.0,0.0,5.0
101.46280002593994,1.0791838012939141,1.488206294552437,0.0,-0.0,RED,0.0,0.0,5.0
101.52289199829102,1.0791838012939141,1.488206294552437,0.0,-0.0,RED,0.0,0.0,5.0
101.52397418022156,1.0791838012939141,1.488206294552437,0.0,-0.0,RED,0.0,0.0,5.0
101.52497959136963,1.0791838012939141,1.488206294552437,0.0,-0.0,RED,0.0,0.0,5.0
101.52594208717346,1.0791838012939141,1.488206294552437,0.0,-0.0,RED,0.0,0.0,5.0
101.57046127319336,1.0791838012939141,1.488206294552437,0.0,-0.0,RED,0.0,0.0,5.0
101.61307573318481,1.0791838012939141,1.488206294552437,0.0,-0.0,RED,0.0,0.0,5.0
101.61426162719727,1.0791838012939141,1.488206294552437,0.0,-0.0,RED,0.0,0.0,5.0
101.6151213645935,1.0791838012939141,1.488206294552437,0.0,-0.0,RED,0.0,0.0,5.0
101.61688733100891,1.0791838012939141,1.488206294552437,0.0,-0.0,RED,0.0,0.0,5.0
101.61787438392639,1.0791838012939141,1.488206294552437,0.0,-0.0,RED,0.0,0.0,5.0
101.65150666236877,1.0791838012939141,1.488206294552437,0.0,-0.0,RED,0.0,0.0,5.0
101.68056988716125,1.0791838012939141,1.488206294552437,0.0,-0.0,RED,0.0,0.0,5.0
101.68165874481201,1.0791838012939141,1.488206294552437,0.0,-0.0,RED,0.0,0.0,5.0
101.68259000778198,1.0791838012939141,1.488206294552437,0.0,-0.0,RED,0.0,0.0,5.0
101.68403148651123,1.0791838012939141,1.488206294552437,0.0,-0.0,RED,0.0,0.0,5.0
101.68494391441345,1.0791838012939141,1.488206294552437,0.0,-0.0,RED,0.0,0.0,5.0
101.71252775192261,1.0791838012939141,1.488206294552437,0.0,-0.0,RED,0.0,0.0,5.0
101.71359205245972,1.0791838012939141,1.488206294552437,0.0,-0.0,RED,0.0,0.0,5.0
101.714524269104,1.0791838012939141,1.488206294552437,0.0,-0.0,RED,0.0,0.0,5.0
101.74850726127625,1.0791838012939141,1.488206294552437,0.0,-0.0,RED,0.0,0.0,5.0
101.74970746040344,1.0791838012939141,1.488206294552437,0.0,-0.0,RED,0.0,0.0,5.0
101.75063490867615,1.0791838012939141,1.488206294552437,0.0,-0.0,RED,0.0,0.0,5.0
101.77735209465027,1.0791838012939141,1.488206294552437,0.0,-0.0,RED,0.0,0.0,5.0
101.7785325050354,1.0791838012939141,1.488206294552437,0.0,-0.0,RED,0.0,0.0,5.0
101.77945518493652,1.0791838012939141,1.488206294552437,0.0,-0.0,RED,0.0,0.0,5.0
101.81544280052185,1.0791838012939141,1.488206294552437,0.0,-0.0,RED,0.0,0.0,5.0
101.82947659492493,1.0791838012939141,1.488206294552437,0.0,-0.0,RED,0.0,0.0,5.0
101.90754818916321,1.0791838012939141,1.488206294552437,0.0,-0.0,RED,0.0,0.0,5.0
101.90885424613953,1.0791838012939141,1.488206294552437,0.0,-0.0,RED,0.0,0.0,5.0
101.92049813270569,1.0791838012939141,1.488206294552437,0.0,-0.0,RED,0.0,0.0,5.0
101.94734835624695,1.0791838012939141,1.488206294552437,0.0,-0.0,RED,0.0,0.0,5.0
101.94860339164734,1.0791838012939141,1.488206294552437,0.0,-0.0,RED,0.0,0.0,5.0
101.97145509719849,1.0791838012939141,1.488206294552437,0.0,-0.0,RED,0.0,0.0,5.0
101.97246146202087,1.0791838012939141,1.488206294552437,0.0,-0.0,RED,0.0,0.0,5.0
101.9957582950592,1.0791838012939141,1.488206294552437,0.0,-0.0,RED,0.0,0.0,5.0
102.01150798797607,1.0791838012939141,1.488206294552437,0.0,-0.0,RED,0.0,0.0,5.0
102.01256942749023,1.0791838012939141,1.488206294552437,0.0,-0.0,RED,0.0,0.0,5.0
102.05447006225586,1.0791838012939141,1.488206294552437,0.0,-0.0,RED,0.0,0.0,5.0
102.0557177066803,1.0791838012939141,1.488206294552437,0.0,-0.0,RED,0.0,0.0,5.0
102.05665946006775,1.0791838012939141,1.488206294552437,0.0,-0.0,RED,0.0,0.0,5.0
102.0957179069519,1.0791838012939141,1.488206294552437,0.0,-0.0,RED,0.0,0.0,5.0
102.0968804359436,1.0791838012939141,1.488206294552437,0.0,-0.0,RED,0.0,0.0,5.0
102.0977463722229,1.0791838012939141,1.488206294552437,0.0,-0.0,RED,0.0,0.0,5.0
102.12486553192139,1.0791838012939141,1.488206294552437,0.0,-0.0,RED,0.0,0.0,5.0
102.14021563529968,1.0791838012939141,1.488206294552437,0.0,-0.0,RED,0.0,0.0,5.0
102.14120602607727,1.0791838012939141,1.488206294552437,0.0,-0.0,RED,0.0,0.0,5.0
102.14214849472046,1.0791838012939141,1.488206294552437,0.0,-0.0,RED,0.0,0.0,5.0
102.16686248779297,1.0791838012939141,1.488206294552437,0.0,-0.0,RED,0.0,0.0,5.0
102.16794919967651,1.0791838012939141,1.488206294552437,0.0,-0.0,RED,0.0,0.0,5.0
102.19137716293335,1.0791838012939141,1.488206294552437,0.0,-0.0,RED,0.0,0.0,5.0
102.2153332233429,1.0791838012939141,1.488206294552437,0.0,-0.0,RED,0.0,0.0,5.0
102.21652555465698,1.0791838012939141,1.488206294552437,0.0,-0.0,RED,0.0,0.0,5.0
102.21745133399963,1.0791838012939141,1.488206294552437,0.0,-0.0,RED,0.0,0.0,5.0
102.22898983955383,1.0791838012939141,1.488206294552437,0.0,-0.0,RED,0.0,0.0,5.0
102.26557040214539,1.0791838012939141,1.488206294552437,0.0,-0.0,RED,0.0,0.0,5.0
102.26653146743774,1.0791838012939141,1.488206294552437,0.0,-0.0,RED,0.0,0.0,5.0
102.26740741729736,1.0791838012939141,1.488206294552437,0.0,-0.0,RED,0.0,0.0,5.0
102.3043065071106,1.0791838012939141,1.488206294552437,0.0,-0.0,RED,0.0,0.0,5.0
102.33007478713989,1.0791838012939141,1.488206294552437,0.0,-0.0,RED,0.0,0.0,5.0
102.3412709236145,1.0791838012939141,1.488206294552437,0.0,-0.0,RED,0.0,0.0,5.0
102.3425555229187,1.0791838012939141,1.488206294552437,0.0,-0.0,RED,0.0,0.0,5.0
102.36057829856873,1.0791838012939141,1.488206294552437,0.0,-0.0,RED,0.0,0.0,5.0
102.3617308139801,1.0791838012939141,1.488206294552437,0.0,-0.0,RED,0.0,0.0,5.0
102.36261463165283,1.0791838012939141,1.488206294552437,0.0,-0.0,RED,0.0,0.0,5.0
102.3923089504242,1.0791838012939141,1.488206294552437,0.0,-0.0,RED,0.0,0.0,5.0
102.41635656356812,1.0791838012939141,1.488206294552437,0.0,-0.0,RED,0.0,0.0,5.0
102.44741344451904,1.0791838012939141,1.488206294552437,0.0,-0.0,RED,0.0,0.0,5.0
102.44866132736206,1.0791838012939141,1.488206294552437,0.0,-0.0,RED,0.0,0.0,5.0
102.44966411590576,1.0791838012939141,1.488206294552437,0.0,-0.0,RED,0.0,0.0,5.0
102.45796871185303,1.0791838012939141,1.488206294552437,0.0,-0.0,RED,0.0,0.0,5.0
102.496506690979,1.0791838012939141,1.488206294552437,0.0,-0.0,RED,0.0,0.0,5.0
102.50023341178894,1.0791838012939141,1.488206294552437,0.0,-0.0,RED,0.0,0.0,5.0
102.5012595653534,1.0791838012939141,1.488206294552437,0.0,-0.0,RED,0.0,0.0,5.0
102.51911735534668,1.0791838012939141,1.488206294552437,0.0,-0.0,RED,0.0,0.0,5.0
102.5203640460968,1.0791838012939141,1.488206294552437,0.0,-0.0,RED,0.0,0.0,5.0
102.52142977714539,1.0791838012939141,1.488206294552437,0.0,-0.0,RED,0.0,0.0,5.0
102.5420663356781,1.0791838012939141,1.488206294552437,0.0,-0.0,RED,0.0,0.0,5.0
102.54318404197693,1.0791838012939141,1.488206294552437,0.0,-0.0,RED,0.0,0.0,5.0
102.60390377044678,1.0791838012939141,1.488206294552437,0.0,-0.0,RED,0.0,0.0,5.0
102.60496616363525,1.0791838012939141,1.488206294552437,0.0,-0.0,RED,0.0,0.0,5.0
102.60580110549927,1.0791838012939141,1.488206294552437,0.0,-0.0,RED,0.0,0.0,5.0
102.65902853012085,1.0791838012939141,1.488206294552437,0.0,-0.0,RED,0.0,0.0,5.0
102.68305015563965,1.0791838012939141,1.488206294552437,0.0,-0.0,RED,0.0,0.0,5.0
102.70675754547119,1.0791838012939141,1.488206294552437,0.0,-0.0,RED,0.0,0.0,5.0
102.70779991149902,1.0791838012939141,1.488206294552437,0.0,-0.0,RED,0.0,0.0,5.0
102.7088053226471,1.0791838012939141,1.488206294552437,0.0,-0.0,RED,0.0,0.0,5.0
102.73735809326172,1.0791838012939141,1.488206294552437,0.0,-0.0,RED,0.0,0.0,5.0
102.73845887184143,1.0791838012939141,1.488206294552437,0.0,-0.0,RED,0.0,0.0,5.0
102.74300384521484,1.0791838012939141,1.488206294552437,0.0,-0.0,RED,0.0,0.0,5.0
102.74383974075317,1.0791838012939141,1.488206294552437,0.0,-0.0,RED,0.0,0.0,5.0
102.77289199829102,1.0791838012939141,1.488206294552437,0.0,-0.0,RED,0.0,0.0,5.0
102.80939316749573,1.0791838012939141,1.488206294552437,0.0,-0.0,RED,0.0,0.0,5.0
102.81717109680176,1.0791838012939141,1.488206294552437,0.0,-0.0,RED,0.0,0.0,5.0
102.8290467262268,1.0791838012939141,1.488206294552437,0.0,-0.0,RED,0.0,0.0,5.0
102.83018183708191,1.0791838012939141,1.488206294552437,0.0,-0.0,RED,0.0,0.0,5.0
102.89608979225159,1.0791838012939141,1.488206294552437,0.0,-0.0,RED,0.0,0.0,5.0
102.89658808708191,1.0791838012939141,1.488206294552437,0.0,-0.0,RED,0.0,0.0,5.0
102.89701390266418,1.0791838012939141,1.488206294552437,0.0,-0.0,RED,0.0,0.0,5.0
102.89743828773499,1.0791838012939141,1.488206294552437,0.0,-0.0,RED,0.0,0.0,5.0
102.89785552024841,1.0791838012939141,1.488206294552437,0.0,-0.0,RED,0.0,0.0,5.0
102.91635489463806,1.0791838012939141,1.488206294552437,0.0,-0.0,RED,0.0,0.0,5.0
102.91743755340576,1.0791838012939141,1.488206294552437,0.0,-0.0,RED,0.0,0.0,5.0
102.94936490058899,1.0791838012939141,1.488206294552437,0.0,-0.0,RED,0.0,0.0,5.0
102.96495771408081,1.0791838012939141,1.488206294552437,0.0,-0.0,RED,0.0,0.0,5.0
103.00968432426453,1.0791838012939141,1.488206294552437,0.0,-0.0,RED,0.0,0.0,5.0
103.01085758209229,1.0791838012939141,1.488206294552437,0.0,-0.0,RED,0.0,0.0,5.0
103.01178765296936,1.0791838012939141,1.488206294552437,0.0,-0.0,RED,0.0,0.0,5.0
103.01262974739075,1.0791838012939141,1.488206294552437,0.0,-0.0,RED,0.0,0.0,5.0
103.01344871520996,1.0791838012939141,1.488206294552437,0.0,-0.0,RED,0.0,0.0,5.0
103.04688715934753,1.0791838012939141,1.488206294552437,0.0,-0.0,RED,0.0,0.0,5.0
103.04808640480042,1.0791838012939141,1.488206294552437,0.0,-0.0,RED,0.0,0.0,5.0
103.0490083694458,1.0791838012939141,1.488206294552437,0.0,-0.0,RED,0.0,0.0,5.0
103.06936812400818,1.0791838012939141,1.488206294552437,0.0,-0.0,RED,0.0,0.0,5.0
103.07059693336487,1.0791838012939141,1.488206294552437,0.0,-0.0,RED,0.0,0.0,5.0
103.09567284584045,1.0791838012939141,1.488206294552437,0.0,-0.0,RED,0.0,0.0,5.0
103.13149905204773,1.0791838012939141,1.488206294552437,0.0,-0.0,RED,0.0,0.0,5.0
103.13268232345581,1.0791838012939141,1.488206294552437,0.0,-0.0,RED,0.0,0.0,5.0
103.15754294395447,1.0791838012939141,1.488206294552437,0.0,-0.0,RED,0.0,0.0,5.0
103.15860390663147,1.0791838012939141,1.488206294552437,0.0,-0.0,RED,0.0,0.0,5.0
103.20717597007751,1.0791838012939141,1.488206294552437,0.0,-0.0,RED,0.0,0.0,5.0
103.23790144920349,1.0791838012939141,1.488206294552437,0.0,-0.0,RED,0.0,0.0,5.0
103.23915457725525,1.0791838012939141,1.488206294552437,0.0,-0.0,RED,0.0,0.0,5.0
103.24008750915527,1.0791838012939141,1.488206294552437,0.0,-0.0,RED,0.0,0.0,5.0
103.2728259563446,1.0791838012939141,1.488206294552437,0.0,-0.0,RED,0.0,0.0,5.0
103.27383828163147,1.0791838012939141,1.488206294552437,0.0,-0.0,RED,0.0,0.0,5.0
103.29784083366394,1.0791838012939141,1.488206294552437,0.0,-0.0,RED,0.0,0.0,5.0
103.29903316497803,1.0791838012939141,1.488206294552437,0.0,-0.0,RED,0.0,0.0,5.0
103.32142424583435,1.0791838012939141,1.488206294552437,0.0,-0.0,RED,0.0,0.0,5.0
103.3254566192627,1.0791838012939141,1.488206294552437,0.0,-0.0,RED,0.0,0.0,5.0
103.37616038322449,1.0791838012939141,1.488206294552437,0.0,-0.0,RED,0.0,0.0,5.0
103.38986921310425,1.0791838012939141,1.488206294552437,0.0,-0.0,RED,0.0,0.0,5.0
103.39106059074402,1.0791838012939141,1.488206294552437,0.0,-0.0,RED,0.0,0.0,5.0
103.3933413028717,1.0791838012939141,1.488206294552437,0.0,-0.0,RED,0.0,0.0,5.0
103.42420744895935,1.0791838012939141,1.488206294552437,0.0,-0.0,RED,0.0,0.0,5.0
103.42524433135986,1.0791838012939141,1.488206294552437,0.0,-0.0,RED,0.0,0.0,5.0
103.42623615264893,1.0791838012939141,1.488206294552437,0.0,-0.0,RED,0.0,0.0,5.0
103.43167042732239,1.0791838012939141,1.488206294552437,0.0,-0.0,RED,0.0,0.0,5.0
103.45986437797546,1.0791838012939141,1.488206294552437,0.0,-0.0,RED,0.0,0.0,5.0
103.46093511581421,1.0791838012939141,1.488206294552437,0.0,-0.0,RED,0.0,0.0,5.0
103.462238073349,1.0791838012939141,1.488206294552437,0.0,-0.0,RED,0.0,0.0,5.0
103.4982807636261,1.0791838012939141,1.488206294552437,0.0,-0.0,RED,0.0,0.0,5.0
103.50158715248108,1.0791838012939141,1.488206294552437,0.0,-0.0,RED,0.0,0.0,5.0
103.50261306762695,1.0791838012939141,1.488206294552437,0.0,-0.0,RED,0.0,0.0,5.0
103.52070665359497,1.0791838012939141,1.488206294552437,0.0,-0.0,RED,0.0,0.0,5.0
103.52771425247192,1.0791838012939141,1.488206294552437,0.0,-0.0,RED,0.0,0.0,5.0
103.52887892723083,1.0791838012939141,1.488206294552437,0.0,-0.0,RED,0.0,0.0,5.0
103.58047032356262,1.0791838012939141,1.488206294552437,0.0,-0.0,RED,0.0,0.0,5.0
103.58165168762207,1.0791838012939141,1.488206294552437,0.0,-0.0,RED,0.0,0.0,5.0
103.58258056640625,1.0791838012939141,1.488206294552437,0.0,-0.0,RED,0.0,0.0,5.0
103.58350491523743,1.0791838012939141,1.488206294552437,0.0,-0.0,RED,0.0,0.0,5.0
103.60741090774536,1.0791838012939141,1.488206294552437,0.0,-0.0,RED,0.0,0.0,5.0
103.60856652259827,1.0791838012939141,1.488206294552437,0.0,-0.0,RED,0.0,0.0,5.0
103.63091468811035,1.0791838012939141,1.488206294552437,0.0,-0.0,RED,0.0,0.0,5.0
103.66775727272034,1.0791838012939141,1.488206294552437,0.0,-0.0,RED,0.0,0.0,5.0
103.66880702972412,1.0791838012939141,1.488206294552437,0.0,-0.0,RED,0.0,0.0,5.0
103.67107057571411,1.0791838012939141,1.488206294552437,0.0,-0.0,RED,0.0,0.0,5.0
103.70417022705078,1.0791838012939141,1.488206294552437,0.0,-0.0,RED,0.0,0.0,5.0
103.70514678955078,1.0791838012939141,1.488206294552437,0.0,-0.0,RED,0.0,0.0,5.0
103.7059953212738,1.0791838012939141,1.488206294552437,0.0,-0.0,RED,0.0,0.0,5.0
103.72656416893005,1.0791838012939141,1.488206294552437,0.0,-0.0,RED,0.0,0.0,5.0
103.7387683391571,1.0791838012939141,1.488206294552437,0.0,-0.0,RED,0.0,0.0,5.0
103.78365993499756,1.0791838012939141,1.488206294552437,0.0,-0.0,RED,0.0,0.0,5.0
103.78705215454102,1.0791838012939141,1.488206294552437,0.0,-0.0,RED,0.0,0.0,5.0
103.7880916595459,1.0791838012939141,1.488206294552437,0.0,-0.0,RED,0.0,0.0,5.0
103.80217242240906,1.0791838012939141,1.488206294552437,0.0,-0.0,RED,0.0,0.0,5.0
103.82566499710083,1.0791838012939141,1.488206294552437,0.0,-0.0,RED,0.0,0.0,5.0
103.82700681686401,1.0791838012939141,1.488206294552437,0.0,-0.0,RED,0.0,0.0,5.0
103.82820963859558,1.0791838012939141,1.488206294552437,0.0,-0.0,RED,0.0,0.0,5.0
103.88348603248596,1.0791838012939141,1.488206294552437,0.0,-0.0,RED,0.0,0.0,5.0
103.89542555809021,1.0791838012939141,1.488206294552437,0.0,-0.0,RED,0.0,0.0,5.0
103.89645290374756,1.0791838012939141,1.488206294552437,0.0,-0.0,RED,0.0,0.0,5.0
103.91780281066895,1.0791838012939141,1.488206294552437,0.0,-0.0,RED,0.0,0.0,5.0
103.92786693572998,1.0791838012939141,1.488206294552437,0.0,-0.0,RED,0.0,0.0,5.0
103.95307779312134,1.0791838012939141,1.488206294552437,0.0,-0.0,RED,0.0,0.0,5.0
104.01772022247314,1.0791838012939141,1.488206294552437,0.0,-0.0,RED,0.0,0.0,5.0
104.01890587806702,1.0791838012939141,1.488206294552437,0.0,-0.0,RED,0.0,0.0,5.0
104.01982545852661,1.0791838012939141,1.488206294552437,0.0,-0.0,RED,0.0,0.0,5.0
104.02073860168457,1.0791838012939141,1.488206294552437,0.0,-0.0,RED,0.0,0.0,5.0
104.02163290977478,1.0791838012939141,1.488206294552437,0.0,-0.0,RED,0.0,0.0,5.0
104.05430603027344,1.0791838012939141,1.488206294552437,0.0,-0.0,RED,0.0,0.0,5.0
104.05545401573181,1.0791838012939141,1.488206294552437,0.0,-0.0,RED,0.0,0.0,5.0
104.0563747882843,1.0791838012939141,1.488206294552437,0.0,-0.0,RED,0.0,0.0,5.0
104.12496876716614,1.0791838012939141,1.488206294552437,0.0,-0.0,RED,0.0,0.0,5.0
104.12606811523438,1.0791838012939141,1.488206294552437,0.0,-0.0,RED,0.0,0.0,5.0
104.13451194763184,1.0791838012939141,1.488206294552437,0.0,-0.0,RED,0.0,0.0,5.0
104.1588408946991,1.0791838012939141,1.488206294552437,0.0,-0.0,RED,0.0,0.0,5.0
104.16017150878906,1.0791838012939141,1.488206294552437,0.0,-0.0,RED,0.0,0.0,5.0
104.16336989402771,1.0791838012939141,1.488206294552437,0.0,-0.0,RED,0.0,0.0,5.0
104.1644012928009,1.0791838012939141,1.488206294552437,0.0,-0.0,RED,0.0,0.0,5.0
104.18591928482056,1.0791838012939141,1.488206294552437,0.0,-0.0,RED,0.0,0.0,5.0
104.21328973770142,1.0791838012939141,1.488206294552437,0.0,-0.0,RED,0.0,0.0,5.0
104.21435737609863,1.0791838012939141,1.488206294552437,0.0,-0.0,RED,0.0,0.0,5.0
104.21528887748718,1.0791838012939141,1.488206294552437,0.0,-0.0,RED,0.0,0.0,5.0
104.21618437767029,1.0791838012939141,1.488206294552437,0.0,-0.0,RED,0.0,0.0,5.0
104.21721458435059,1.0791838012939141,1.488206294552437,0.0,-0.0,RED,0.0,0.0,5.0
104.23989963531494,1.0791838012939141,1.488206294552437,0.0,-0.0,RED,0.0,0.0,5.0
104.26153469085693,1.0791838012939141,1.488206294552437,0.0,-0.0,RED,0.0,0.0,5.0
104.29092836380005,1.0791838012939141,1.488206294552437,0.0,-0.0,RED,0.0,0.0,5.0
104.29230189323425,1.0791838012939141,1.488206294552437,0.0,-0.0,RED,0.0,0.0,5.0
104.29338836669922,1.0791838012939141,1.488206294552437,0.0,-0.0,RED,0.0,0.0,5.0
104.29452013969421,1.0791838012939141,1.488206294552437,0.0,-0.0,RED,0.0,0.0,5.0
104.31692671775818,1.0791838012939141,1.488206294552437,0.0,-0.0,RED,0.0,0.0,5.0
104.33974146842957,1.0791838012939141,1.488206294552437,0.0,-0.0,RED,0.0,0.0,5.0
104.34088563919067,1.0791838012939141,1.488206294552437,0.0,-0.0,RED,0.0,0.0,5.0
104.34195184707642,1.0791838012939141,1.488206294552437,0.0,-0.0,RED,0.0,0.0,5.0
104.36737418174744,1.0791838012939141,1.488206294552437,0.0,-0.0,RED,0.0,0.0,5.0
104.38960790634155,1.0791838012939141,1.488206294552437,0.0,-0.0,RED,0.0,0.0,5.0
104.43047428131104,1.0791838012939141,1.488206294552437,0.0,-0.0,RED,0.0,0.0,5.0
104.43166422843933,1.0791838012939141,1.488206294552437,0.0,-0.0,RED,0.0,0.0,5.0
104.43259930610657,1.0791838012939141,1.488206294552437,0.0,-0.0,RED,0.0,0.0,5.0
104.45487642288208,1.0791838012939141,1.488206294552437,0.0,-0.0,RED,0.0,0.0,5.0
104.45601153373718,1.0791838012939141,1.488206294552437,0.0,-0.0,RED,0.0,0.0,5.0
104.48498129844666,1.0791838012939141,1.488206294552437,0.0,-0.0,RED,0.0,0.0,5.0
104.48623204231262,1.0791838012939141,1.488206294552437,0.0,-0.0,RED,0.0,0.0,5.0
104.48717474937439,1.0791838012939141,1.488206294552437,0.0,-0.0,RED,0.0,0.0,5.0
104.48807525634766,1.0791838012939141,1.488206294552437,0.0,-0.0,RED,0.0,0.0,5.0
104.51752996444702,1.0791838012939141,1.488206294552437,0.0,-0.0,RED,0.0,0.0,5.0
104.51856112480164,1.0791838012939141,1.488206294552437,0.0,-0.0,RED,0.0,0.0,5.0
104.5592520236969,1.0791838012939141,1.488206294552437,0.0,-0.0,RED,0.0,0.0,5.0
104.58826541900635,1.0791838012939141,1.488206294552437,0.0,-0.0,RED,0.0,0.0,5.0
104.5893816947937,1.0791838012939141,1.488206294552437,0.0,-0.0,RED,0.0,0.0,5.0
104.59036827087402,1.0791838012939141,1.488206294552437,0.0,-0.0,RED,0.0,0.0,5.0
104.64539003372192,1.0791838012939141,1.488206294552437,0.0,-0.0,RED,0.0,0.0,5.0
104.64668726921082,1.0791838012939141,1.488206294552437,0.0,-0.0,RED,0.0,0.0,5.0
104.6565797328949,1.0791838012939141,1.488206294552437,0.0,-0.0,RED,0.0,0.0,5.0
104.65777587890625,1.0791838012939141,1.488206294552437,0.0,-0.0,RED,0.0,0.0,5.0
104.68203330039978,1.0791838012939141,1.488206294552437,0.0,-0.0,RED,0.0,0.0,5.0
104.68307876586914,1.0791838012939141,1.488206294552437,0.0,-0.0,RED,0.0,0.0,5.0
104.68403363227844,1.0791838012939141,1.488206294552437,0.0,-0.0,RED,0.0,0.0,5.0
104.69347596168518,1.0791838012939141,1.488206294552437,0.0,-0.0,RED,0.0,0.0,5.0
104.71749305725098,1.0791838012939141,1.488206294552437,0.0,-0.0,RED,0.0,0.0,5.0
104.73559546470642,1.0791838012939141,1.488206294552437,0.0,-0.0,RED,0.0,0.0,5.0
104.73668146133423,1.0791838012939141,1.488206294552437,0.0,-0.0,RED,0.0,0.0,5.0
104.76225352287292,1.0791838012939141,1.488206294552437,0.0,-0.0,RED,0.0,0.0,5.0
104.78324317932129,1.0791838012939141,1.488206294552437,0.0,-0.0,RED,0.0,0.0,5.0
104.784259557724,1.0791838012939141,1.488206294552437,0.0,-0.0,RED,0.0,0.0,5.0
104.81046032905579,1.0791838012939141,1.488206294552437,0.0,-0.0,RED,0.0,0.0,5.0
104.84436988830566,1.0791838012939141,1.488206294552437,0.0,-0.0,RED,0.0,0.0,5.0
104.84564089775085,1.0791838012939141,1.488206294552437,0.0,-0.0,RED,0.0,0.0,5.0
104.84657788276672,1.0791838012939141,1.488206294552437,0.0,-0.0,RED,0.0,0.0,5.0
104.84750461578369,1.0791838012939141,1.488206294552437,0.0,-0.0,RED,0.0,0.0,5.0
104.8523895740509,1.0791838012939141,1.488206294552437,0.0,-0.0,RED,0.0,0.0,5.0
104.85950422286987,1.0791838012939141,1.488206294552437,0.0,-0.0,RED,0.0,0.0,5.0
104.86046743392944,1.0791838012939141,1.488206294552437,0.0,-0.0,RED,0.0,0.0,5.0
104.90584206581116,1.0791838012939141,1.488206294552437,0.0,-0.0,RED,0.0,0.0,5.0
104.90697312355042,1.0791838012939141,1.488206294552437,0.0,-0.0,RED,0.0,0.0,5.0
104.94118881225586,1.0791838012939141,1.488206294552437,0.0,-0.0,RED,0.0,0.0,5.0
104.94235110282898,1.0791838012939141,1.488206294552437,0.0,-0.0,RED,0.0,0.0,5.0
104.94330096244812,1.0791838012939141,1.488206294552437,0.0,-0.0,RED,0.0,0.0,5.0
104.96847295761108,1.0791838012939141,1.488206294552437,0.0,-0.0,RED,0.0,0.0,5.0
104.97463631629944,1.0791838012939141,1.488206294552437,0.0,-0.0,RED,0.0,0.0,5.0
104.97651600837708,1.0791838012939141,1.488206294552437,0.0,-0.0,RED,0.0,0.0,5.0
104.97811436653137,1.0791838012939141,1.488206294552437,0.0,-0.0,RED,0.0,0.0,5.0
105.0383780002594,1.0791838012939141,1.488206294552437,0.0,-0.0,RED,0.0,0.0,5.0
105.0645797252655,1.0791838012939141,1.488206294552437,0.0,-0.0,RED,0.0,0.0,5.0
105.06585431098938,1.0791838012939141,1.488206294552437,0.0,-0.0,RED,0.0,0.0,5.0
105.0667655467987,1.0791838012939141,1.488206294552437,0.0,-0.0,RED,0.0,0.0,5.0
105.09920239448547,1.0791838012939141,1.488206294552437,0.0,-0.0,RED,0.0,0.0,5.0
105.12166619300842,1.0791838012939141,1.488206294552437,0.0,-0.0,RED,0.0,0.0,5.0
105.12269568443298,1.0791838012939141,1.488206294552437,0.0,-0.0,RED,0.0,0.0,5.0
105.15134453773499,1.0791838012939141,1.488206294552437,0.0,-0.0,RED,0.0,0.0,5.0
105.15249633789062,1.0791838012939141,1.488206294552437,0.0,-0.0,RED,0.0,0.0,5.0
105.18218874931335,1.0791838012939141,1.488206294552437,0.0,-0.0,RED,0.0,0.0,5.0
105.18319416046143,1.0791838012939141,1.488206294552437,0.0,-0.0,RED,0.0,0.0,5.0
105.18417286872864,1.0791838012939141,1.488206294552437,0.0,-0.0,RED,0.0,0.0,5.0
105.20859956741333,1.0791838012939141,1.488206294552437,0.0,-0.0,RED,0.0,0.0,5.0
105.20965147018433,1.0791838012939141,1.488206294552437,0.0,-0.0,RED,0.0,0.0,5.0
105.24329137802124,1.0791838012939141,1.488206294552437,0.0,-0.0,RED,0.0,0.0,5.0
105.24431800842285,1.0791838012939141,1.488206294552437,0.0,-0.0,RED,0.0,0.0,5.0
105.24525117874146,1.0791838012939141,1.488206294552437,0.0,-0.0,RED,0.0,0.0,5.0
105.27004551887512,1.0791838012939141,1.488206294552437,0.0,-0.0,RED,0.0,0.0,5.0
105.27107834815979,1.0791838012939141,1.488206294552437,0.0,-0.0,RED,0.0,0.0,5.0
105.30006885528564,1.0791838012939141,1.488206294552437,0.0,-0.0,RED,0.0,0.0,5.0
105.30120062828064,1.0791838012939141,1.488206294552437,0.0,-0.0,RED,0.0,0.0,5.0
105.32442903518677,1.0791838012939141,1.488206294552437,0.0,-0.0,RED,0.0,0.0,5.0
105.34851503372192,1.0791838012939141,1.488206294552437,0.0,-0.0,RED,0.0,0.0,5.0
105.35701274871826,1.0791838012939141,1.488206294552437,0.0,-0.0,RED,0.0,0.0,5.0
105.39149975776672,1.0791838012939141,1.488206294552437,0.0,-0.0,RED,0.0,0.0,5.0
105.39257955551147,1.0791838012939141,1.488206294552437,0.0,-0.0,RED,0.0,0.0,5.0
105.42358636856079,1.0791838012939141,1.488206294552437,0.0,-0.0,RED,0.0,0.0,5.0
105.42448902130127,1.0791838012939141,1.488206294552437,0.0,-0.0,RED,0.0,0.0,5.0
105.43678569793701,1.0791838012939141,1.488206294552437,0.0,-0.0,RED,0.0,0.0,5.0
105.43801546096802,1.0791838012939141,1.488206294552437,0.0,-0.0,RED,0.0,0.0,5.0
105.48659253120422,1.0791838012939141,1.488206294552437,0.0,-0.0,RED,0.0,0.0,5.0
105.48769164085388,1.0791838012939141,1.488206294552437,0.0,-0.0,RED,0.0,0.0,5.0
105.48879408836365,1.0791838012939141,1.488206294552437,0.0,-0.0,RED,0.0,0.0,5.0
105.49030470848083,1.0791838012939141,1.488206294552437,0.0,-0.0,RED,0.0,0.0,5.0
105.50930404663086,1.0791838012939141,1.488206294552437,0.0,-0.0,RED,0.0,0.0,5.0
105.53629541397095,1.0791838012939141,1.488206294552437,0.0,-0.0,RED,0.0,0.0,5.0
105.5460729598999,1.0791838012939141,1.488206294552437,0.0,-0.0,RED,0.0,0.0,5.0
105.55155825614929,1.0791838012939141,1.488206294552437,0.0,-0.0,RED,0.0,0.0,5.0
105.55269074440002,1.0791838012939141,1.488206294552437,0.0,-0.0,RED,0.0,0.0,5.0
105.57295823097229,1.0791838012939141,1.488206294552437,0.0,-0.0,RED,0.0,0.0,5.0
105.61352252960205,1.0791838012939141,1.488206294552437,0.0,-0.0,RED,0.0,0.0,5.0
105.62128973007202,1.0791838012939141,1.488206294552437,0.0,-0.0,RED,0.0,0.0,5.0
105.62241005897522,1.0791838012939141,1.488206294552437,0.0,-0.0,RED,0.0,0.0,5.0
105.65972471237183,1.0791838012939141,1.488206294552437,0.0,-0.0,RED,0.0,0.0,5.0
105.66082811355591,1.0791838012939141,1.488206294552437,0.0,-0.0,RED,0.0,0.0,5.0
105.66176533699036,1.0791838012939141,1.488206294552437,0.0,-0.0,RED,0.0,0.0,5.0
105.6626980304718,1.0791838012939141,1.488206294552437,0.0,-0.0,RED,0.0,0.0,5.0
105.69831228256226,1.0791838012939141,1.488206294552437,0.0,-0.0,RED,0.0,0.0,5.0
105.6992735862732,1.0791838012939141,1.488206294552437,0.0,-0.0,RED,0.0,0.0,5.0
105.70021152496338,1.0791838012939141,1.488206294552437,0.0,-0.0,RED,0.0,0.0,5.0
105.76598763465881,1.0791838012939141,1.488206294552437,0.0,-0.0,RED,0.0,0.0,5.0
105.76711678504944,1.0791838012939141,1.488206294552437,0.0,-0.0,RED,0.0,0.0,5.0
105.79600024223328,1.0791838012939141,1.488206294552437,0.0,-0.0,RED,0.0,0.0,5.0
105.79728651046753,1.0791838012939141,1.488206294552437,0.0,-0.0,RED,0.0,0.0,5.0
105.79824328422546,1.0791838012939141,1.488206294552437,0.0,-0.0,RED,0.0,0.0,5.0
105.7991840839386,1.0791838012939141,1.488206294552437,0.0,-0.0,RED,0.0,0.0,5.0
105.81539750099182,1.0791838012939141,1.488206294552437,0.0,-0.0,RED,0.0,0.0,5.0
105.82735180854797,1.0791838012939141,1.488206294552437,0.0,-0.0,RED,0.0,0.0,5.0
105.88072991371155,1.0791838012939141,1.488206294552437,0.0,-0.0,RED,0.0,0.0,5.0
105.88186931610107,1.0791838012939141,1.488206294552437,0.0,-0.0,RED,0.0,0.0,5.0
105.8827154636383,1.0791838012939141,1.488206294552437,0.0,-0.0,RED,0.0,0.0,5.0
105.88420128822327,1.0791838012939141,1.488206294552437,0.0,-0.0,RED,0.0,0.0,5.0
105.8851523399353,1.0791838012939141,1.488206294552437,0.0,-0.0,RED,0.0,0.0,5.0
105.94448137283325,1.0791838012939141,1.488206294552437,0.0,-0.0,RED,0.0,0.0,5.0
105.94572710990906,1.0791838012939141,1.488206294552437,0.0,-0.0,RED,0.0,0.0,5.0
105.98219466209412,1.0791838012939141,1.488206294552437,0.0,-0.0,RED,0.0,0.0,5.0
105.98325204849243,1.0791838012939141,1.488206294552437,0.0,-0.0,RED,0.0,0.0,5.0
105.99898314476013,1.0791838012939141,1.488206294552437,0.0,-0.0,RED,0.0,0.0,5.0
106.0000638961792,1.0791838012939141,1.488206294552437,0.0,-0.0,RED,0.0,0.0,5.0
106.02048897743225,1.0791838012939141,1.488206294552437,0.0,-0.0,RED,0.0,0.0,5.0
106.02360033988953,1.0791838012939141,1.488206294552437,0.0,-0.0,RED,0.0,0.0,5.0
106.02463912963867,1.0791838012939141,1.488206294552437,0.0,-0.0,RED,0.0,0.0,5.0
106.04795408248901,1.0791838012939141,1.488206294552437,0.0,-0.0,RED,0.0,0.0,5.0
106.05341625213623,1.0791838012939141,1.488206294552437,0.0,-0.0,RED,0.0,0.0,5.0
106.05436539649963,1.0791838012939141,1.488206294552437,0.0,-0.0,RED,0.0,0.0,5.0
106.07440114021301,1.0791838012939141,1.488206294552437,0.0,-0.0,RED,0.0,0.0,5.0
106.07791638374329,1.0791838012939141,1.488206294552437,0.0,-0.0,RED,0.0,0.0,5.0
106.09037351608276,1.0791838012939141,1.488206294552437,0.0,-0.0,RED,0.0,0.0,5.0
106.12778782844543,1.0791838012939141,1.488206294552437,0.0,-0.0,RED,0.0,0.0,5.0
106.12883424758911,1.0791838012939141,1.488206294552437,0.0,-0.0,RED,0.0,0.0,5.0
106.12975597381592,1.0791838012939141,1.488206294552437,0.0,-0.0,RED,0.0,0.0,5.0
106.1569094657898,1.0791838012939141,1.488206294552437,0.0,-0.0,RED,0.0,0.0,5.0
106.21851086616516,1.0791838012939141,1.488206294552437,0.0,-0.0,RED,0.0,0.0,5.0
106.25400495529175,1.0791838012939141,1.488206294552437,0.0,-0.0,RED,0.0,0.0,5.0
106.25710082054138,1.0791838012939141,1.488206294552437,0.0,-0.0,RED,0.0,0.0,5.0
106.25843906402588,1.0791838012939141,1.488206294552437,0.0,-0.0,RED,0.0,0.0,5.0
106.25940132141113,1.0791838012939141,1.488206294552437,0.0,-0.0,RED,0.0,0.0,5.0
106.29075169563293,1.0791838012939141,1.488206294552437,0.0,-0.0,RED,0.0,0.0,5.0
106.29186749458313,1.0791838012939141,1.488206294552437,0.0,-0.0,RED,0.0,0.0,5.0
106.29820704460144,1.0791838012939141,1.488206294552437,0.0,-0.0,RED,0.0,0.0,5.0
106.33182144165039,1.0791838012939141,1.488206294552437,0.0,-0.0,RED,0.0,0.0,5.0
106.34096646308899,1.0791838012939141,1.488206294552437,0.0,-0.0,RED,0.0,0.0,5.0
106.38969898223877,1.0791838012939141,1.488206294552437,0.0,-0.0,RED,0.0,0.0,5.0
106.40142488479614,1.0791838012939141,1.488206294552437,0.0,-0.0,RED,0.0,0.0,5.0
106.40245223045349,1.0791838012939141,1.488206294552437,0.0,-0.0,RED,0.0,0.0,5.0
106.4349627494812,1.0791838012939141,1.488206294552437,0.0,-0.0,RED,0.0,0.0,5.0
106.44198369979858,1.0791838012939141,1.488206294552437,0.0,-0.0,RED,0.0,0.0,5.0
106.48314666748047,1.0791838012939141,1.488206294552437,0.0,-0.0,RED,0.0,0.0,5.0
106.48418140411377,1.0791838012939141,1.488206294552437,0.0,-0.0,RED,0.0,0.0,5.0
106.52534127235413,1.0791838012939141,1.488206294552437,0.0,-0.0,RED,0.0,0.0,5.0
106.5264573097229,1.0791838012939141,1.488206294552437,0.0,-0.0,RED,0.0,0.0,5.0
106.52741169929504,1.0791838012939141,1.488206294552437,0.0,-0.0,RED,0.0,0.0,5.0
106.53643822669983,1.0791838012939141,1.488206294552437,0.0,-0.0,RED,0.0,0.0,5.0
106.53961682319641,1.0791838012939141,1.488206294552437,0.0,-0.0,RED,0.0,0.0,5.0
106.54056715965271,1.0791838012939141,1.488206294552437,0.0,-0.0,RED,0.0,0.0,5.0
106.54148936271667,1.0791838012939141,1.488206294552437,0.0,-0.0,RED,0.0,0.0,5.0
106.56963205337524,1.0791838012939141,1.488206294552437,0.0,-0.0,RED,0.0,0.0,5.0
106.57288646697998,1.0791838012939141,1.488206294552437,0.0,-0.0,RED,0.0,0.0,5.0
106.57379293441772,1.0791838012939141,1.488206294552437,0.0,-0.0,RED,0.0,0.0,5.0
106.59244585037231,1.0791838012939141,1.488206294552437,0.0,-0.0,RED,0.0,0.0,5.0
106.59360074996948,1.0791838012939141,1.488206294552437,0.0,-0.0,RED,0.0,0.0,5.0
106.62799143791199,1.0791838012939141,1.488206294552437,0.0,-0.0,RED,0.0,0.0,5.0
106.68037486076355,1.0791838012939141,1.488206294552437,0.0,-0.0,RED,0.0,0.0,5.0
106.68142104148865,1.0791838012939141,1.488206294552437,0.0,-0.0,RED,0.0,0.0,5.0
106.68236303329468,1.0791838012939141,1.488206294552437,0.0,-0.0,RED,0.0,0.0,5.0
106.70352506637573,1.0791838012939141,1.488206294552437,0.0,-0.0,RED,0.0,0.0,5.0
106.73001289367676,1.0791838012939141,1.488206294552437,0.0,-0.0,RED,0.0,0.0,5.0
106.78012728691101,1.0791838012939141,1.488206294552437,0.0,-0.0,RED,0.0,0.0,5.0
106.78119802474976,1.0791838012939141,1.488206294552437,0.0,-0.0,RED,0.0,0.0,5.0
106.78211879730225,1.0791838012939141,1.488206294552437,0.0,-0.0,RED,0.0,0.0,5.0
106.78301286697388,1.0791838012939141,1.488206294552437,0.0,-0.0,RED,0.0,0.0,5.0
106.78390574455261,1.0791838012939141,1.488206294552437,0.0,-0.0,RED,0.0,0.0,5.0
106.80493378639221,1.0791838012939141,1.488206294552437,0.0,-0.0,RED,0.0,0.0,5.0
106.80602049827576,1.0791838012939141,1.488206294552437,0.0,-0.0,RED,0.0,0.0,5.0
106.80694770812988,1.0791838012939141,1.488206294552437,0.0,-0.0,RED,0.0,0.0,5.0
106.84753346443176,1.0791838012939141,1.488206294552437,0.0,-0.0,RED,0.0,0.0,5.0
106.86008882522583,1.0791838012939141,1.488206294552437,0.0,-0.0,RED,0.0,0.0,5.0
106.89024996757507,1.0791838012939141,1.488206294552437,0.0,-0.0,RED,0.0,0.0,5.0
106.89347982406616,1.0791838012939141,1.488206294552437,0.0,-0.0,RED,0.0,0.0,5.0
106.89451622962952,1.0791838012939141,1.488206294552437,0.0,-0.0,RED,0.0,0.0,5.0
106.92806267738342,1.0791838012939141,1.488206294552437,0.0,-0.0,RED,0.0,0.0,5.0
106.9291615486145,1.0791838012939141,1.488206294552437,0.0,-0.0,RED,0.0,0.0,5.0
106.93020987510681,1.0791838012939141,1.488206294552437,0.0,-0.0,RED,0.0,0.0,5.0
106.9313735961914,1.0791838012939141,1.488206294552437,0.0,-0.0,RED,0.0,0.0,5.0
106.93239665031433,1.0791838012939141,1.488206294552437,0.0,-0.0,RED,0.0,0.0,5.0
106.96687245368958,1.0791838012939141,1.488206294552437,0.0,-0.0,RED,0.0,0.0,5.0
106.97644877433777,1.0791838012939141,1.488206294552437,0.0,-0.0,RED,0.0,0.0,5.0
106.98279333114624,1.0791838012939141,1.488206294552437,0.0,-0.0,RED,0.0,0.0,5.0
107.02228784561157,1.0791838012939141,1.488206294552437,0.0,-0.0,RED,0.0,0.0,5.0
107.05263996124268,1.0791838012939141,1.488206294552437,0.0,-0.0,RED,0.0,0.0,5.0
107.06129002571106,1.0791838012939141,1.488206294552437,0.0,-0.0,RED,0.0,0.0,5.0
107.0867669582367,1.0791838012939141,1.488206294552437,0.0,-0.0,RED,0.0,0.0,5.0
107.10573029518127,1.0791838012939141,1.488206294552437,0.0,-0.0,RED,0.0,0.0,5.0
107.1214668750763,1.0791838012939141,1.488206294552437,0.0,-0.0,RED,0.0,0.0,5.0
107.1225037574768,1.0791838012939141,1.488206294552437,0.0,-0.0,RED,0.0,0.0,5.0
107.1234381198883,1.0791838012939141,1.488206294552437,0.0,-0.0,RED,0.0,0.0,5.0
107.12435388565063,1.0791838012939141,1.488206294552437,0.0,-0.0,RED,0.0,0.0,5.0
107.1252646446228,1.0791838012939141,1.488206294552437,0.0,-0.0,RED,0.0,0.0,5.0
107.15016794204712,1.0791838012939141,1.488206294552437,0.0,-0.0,RED,0.0,0.0,5.0
107.15837287902832,1.0791838012939141,1.488206294552437,0.0,-0.0,RED,0.0,0.0,5.0
107.1696515083313,1.0791838012939141,1.488206294552437,0.0,-0.0,RED,0.0,0.0,5.0
107.2122712135315,1.0791838012939141,1.488206294552437,0.0,-0.0,RED,0.0,0.0,5.0
107.21347427368164,1.0791838012939141,1.488206294552437,0.0,-0.0,RED,0.0,0.0,5.0
107.21435451507568,1.0791838012939141,1.488206294552437,0.0,-0.0,RED,0.0,0.0,5.0
107.21520900726318,1.0791838012939141,1.488206294552437,0.0,-0.0,RED,0.0,0.0,5.0
107.2624523639679,1.0791838012939141,1.488206294552437,0.0,-0.0,RED,0.0,0.0,5.0
107.26365685462952,1.0791838012939141,1.488206294552437,0.0,-0.0,RED,0.0,0.0,5.0
107.27488398551941,1.0791838012939141,1.488206294552437,0.0,-0.0,RED,0.0,0.0,5.0
107.31606435775757,1.0791838012939141,1.488206294552437,0.0,-0.0,RED,0.0,0.0,5.0
107.32962608337402,1.0791838012939141,1.488206294552437,0.0,-0.0,RED,0.0,0.0,5.0
107.33060240745544,1.0791838012939141,1.488206294552437,0.0,-0.0,RED,0.0,0.0,5.0
107.33154058456421,1.0791838012939141,1.488206294552437,0.0,-0.0,RED,0.0,0.0,5.0
107.3324863910675,1.0791838012939141,1.488206294552437,0.0,-0.0,RED,0.0,0.0,5.0
107.36611843109131,1.0791838012939141,1.488206294552437,0.0,-0.0,RED,0.0,0.0,5.0
107.3672285079956,1.0791838012939141,1.488206294552437,0.0,-0.0,RED,0.0,0.0,5.0
107.38441729545593,1.0791838012939141,1.488206294552437,0.0,-0.0,RED,0.0,0.0,5.0
107.38557362556458,1.0791838012939141,1.488206294552437,0.0,-0.0,RED,0.0,0.0,5.0
107.40441250801086,1.0791838012939141,1.488206294552437,0.0,-0.0,RED,0.0,0.0,5.0
107.40541625022888,1.0791838012939141,1.488206294552437,0.0,-0.0,RED,0.0,0.0,5.0
107.40635895729065,1.0791838012939141,1.488206294552437,0.0,-0.0,RED,0.0,0.0,5.0
107.43863558769226,1.0791838012939141,1.488206294552437,0.0,-0.0,RED,0.0,0.0,5.0
107.45546960830688,1.0791838012939141,1.488206294552437,0.0,-0.0,RED,0.0,0.0,5.0
107.47680854797363,1.0791838012939141,1.488206294552437,0.0,-0.0,RED,0.0,0.0,5.0
107.49416947364807,1.0791838012939141,1.488206294552437,0.0,-0.0,RED,0.0,0.0,5.0
107.49529814720154,1.0791838012939141,1.488206294552437,0.0,-0.0,RED,0.0,0.0,5.0
107.49626612663269,1.0791838012939141,1.488206294552437,0.0,-0.0,RED,0.0,0.0,5.0
107.52041697502136,1.0791838012939141,1.488206294552437,0.0,-0.0,RED,0.0,0.0,5.0
107.56991982460022,1.0791838012939141,1.488206294552437,0.0,-0.0,RED,0.0,0.0,5.0
107.57103252410889,1.0791838012939141,1.488206294552437,0.0,-0.0,RED,0.0,0.0,5.0
107.57199239730835,1.0791838012939141,1.488206294552437,0.0,-0.0,RED,0.0,0.0,5.0
107.60732650756836,1.0791838012939141,1.488206294552437,0.0,-0.0,RED,0.0,0.0,5.0
107.60829901695251,1.0791838012939141,1.488206294552437,0.0,-0.0,RED,0.0,0.0,5.0
107.6105124950409,1.0791838012939141,1.488206294552437,0.0,-0.0,RED,0.0,0.0,5.0
107.62206625938416,1.0791838012939141,1.488206294552437,0.0,-0.0,RED,0.0,0.0,5.0
107.62316155433655,1.0791838012939141,1.488206294552437,0.0,-0.0,RED,0.0,0.0,5.0
107.6561074256897,1.0791838012939141,1.488206294552437,0.0,-0.0,RED,0.0,0.0,5.0
107.66383695602417,1.0791838012939141,1.488206294552437,0.0,-0.0,RED,0.0,0.0,5.0
107.69743204116821,1.0791838012939141,1.488206294552437,0.0,-0.0,RED,0.0,0.0,5.0
107.69846177101135,1.0791838012939141,1.488206294552437,0.0,-0.0,RED,0.0,0.0,5.0
107.72247791290283,1.0791838012939141,1.488206294552437,0.0,-0.0,RED,0.0,0.0,5.0
107.74242830276489,1.0791838012939141,1.488206294552437,0.0,-0.0,RED,0.0,0.0,5.0
107.7435953617096,1.0791838012939141,1.488206294552437,0.0,-0.0,RED,0.0,0.0,5.0
107.74456000328064,1.0791838012939141,1.488206294552437,0.0,-0.0,RED,0.0,0.0,5.0
107.77675938606262,1.0791838012939141,1.488206294552437,0.0,-0.0,RED,0.0,0.0,5.0
107.77783417701721,1.0791838012939141,1.488206294552437,0.0,-0.0,RED,0.0,0.0,5.0
107.79590225219727,1.0791838012939141,1.488206294552437,0.0,-0.0,RED,0.0,0.0,5.0
107.82083821296692,1.0791838012939141,1.488206294552437,0.0,-0.0,RED,0.0,0.0,5.0
107.82529163360596,1.0791838012939141,1.488206294552437,0.0,-0.0,RED,0.0,0.0,5.0
107.82638716697693,1.0791838012939141,1.488206294552437,0.0,-0.0,RED,0.0,0.0,5.0
107.83605027198792,1.0791838012939141,1.488206294552437,0.0,-0.0,RED,0.0,0.0,5.0
107.87554454803467,1.0791838012939141,1.488206294552437,0.0,-0.0,RED,0.0,0.0,5.0
107.91391825675964,1.0791838012939141,1.488206294552437,0.0,-0.0,RED,0.0,0.0,5.0
107.92609548568726,1.0791838012939141,1.488206294552437,0.0,-0.0,RED,0.0,0.0,5.0
107.93835401535034,1.0791838012939141,1.488206294552437,0.0,-0.0,RED,0.0,0.0,5.0
107.97153830528259,1.0791838012939141,1.488206294552437,0.0,-0.0,RED,0.0,0.0,5.0
107.97255229949951,1.0791838012939141,1.488206294552437,0.0,-0.0,RED,0.0,0.0,5.0
108.01243090629578,1.0791838012939141,1.488206294552437,0.0,-0.0,RED,0.0,0.0,5.0
108.02286863327026,1.0791838012939141,1.488206294552437,0.0,-0.0,RED,0.0,0.0,5.0
108.0239577293396,1.0791838012939141,1.488206294552437,0.0,-0.0,RED,0.0,0.0,5.0
108.02480411529541,1.0791838012939141,1.488206294552437,0.0,-0.0,RED,0.0,0.0,5.0
108.06152749061584,1.0791838012939141,1.488206294552437,0.0,-0.0,RED,0.0,0.0,5.0
108.06272339820862,1.0791838012939141,1.488206294552437,0.0,-0.0,RED,0.0,0.0,5.0
108.06366324424744,1.0791838012939141,1.488206294552437,0.0,-0.0,RED,0.0,0.0,5.0
108.07264447212219,1.0791838012939141,1.488206294552437,0.0,-0.0,RED,0.0,0.0,5.0
108.12935662269592,1.0791838012939141,1.488206294552437,0.0,-0.0,RED,0.0,0.0,5.0
108.16345572471619,1.0791838012939141,1.488206294552437,0.0,-0.0,RED,0.0,0.0,5.0
108.16848063468933,1.0791838012939141,1.488206294552437,0.0,-0.0,RED,0.0,0.0,5.0
108.1695442199707,1.0791838012939141,1.488206294552437,0.0,-0.0,RED,0.0,0.0,5.0
108.17047500610352,1.0791838012939141,1.488206294552437,0.0,-0.0,RED,0.0,0.0,5.0
108.19636130332947,1.0791838012939141,1.488206294552437,0.0,-0.0,RED,0.0,0.0,5.0
108.20576524734497,1.0791838012939141,1.488206294552437,0.0,-0.0,RED,0.0,0.0,5.0
108.20692539215088,1.0791838012939141,1.488206294552437,0.0,-0.0,RED,0.0,0.0,5.0
108.25368762016296,1.0791838012939141,1.488206294552437,0.0,-0.0,RED,0.0,0.0,5.0
108.28635096549988,1.0791838012939141,1.488206294552437,0.0,-0.0,RED,0.0,0.0,5.0
108.28735041618347,1.0791838012939141,1.488206294552437,0.0,-0.0,RED,0.0,0.0,5.0
108.29752469062805,1.0791838012939141,1.488206294552437,0.0,-0.0,RED,0.0,0.0,5.0
108.29859161376953,1.0791838012939141,1.488206294552437,0.0,-0.0,RED,0.0,0.0,5.0
108.33441638946533,1.0791838012939141,1.488206294552437,0.0,-0.0,RED,0.0,0.0,5.0
108.34603500366211,1.0791838012939141,1.488206294552437,0.0,-0.0,RED,0.0,0.0,5.0
108.3891110420227,1.0791838012939141,1.488206294552437,0.0,-0.0,RED,0.0,0.0,5.0
108.40221405029297,1.0791838012939141,1.488206294552437,0.0,-0.0,RED,0.0,0.0,5.0
108.40326476097107,1.0791838012939141,1.488206294552437,0.0,-0.0,RED,0.0,0.0,5.0
108.4287257194519,1.0791838012939141,1.488206294552437,0.0,-0.0,RED,0.0,0.0,5.0
108.46462893486023,1.0791838012939141,1.488206294552437,0.0,-0.0,RED,0.0,0.0,5.0
108.4932188987732,1.0791838012939141,1.488206294552437,0.0,-0.0,RED,0.0,0.0,5.0
108.49428486824036,1.0791838012939141,1.488206294552437,0.0,-0.0,RED,0.0,0.0,5.0
108.49521207809448,1.0791838012939141,1.488206294552437,0.0,-0.0,RED,0.0,0.0,5.0
108.49609971046448,1.0791838012939141,1.488206294552437,0.0,-0.0,RED,0.0,0.0,5.0
108.52352619171143,1.0791838012939141,1.488206294552437,0.0,-0.0,RED,0.0,0.0,5.0
108.5245954990387,1.0791838012939141,1.488206294552437,0.0,-0.0,RED,0.0,0.0,5.0
108.54358410835266,1.0791838012939141,1.488206294552437,0.0,-0.0,RED,0.0,0.0,5.0
108.54464912414551,1.0791838012939141,1.488206294552437,0.0,-0.0,RED,0.0,0.0,5.0
108.54562306404114,1.0791838012939141,1.488206294552437,0.0,-0.0,RED,0.0,0.0,5.0
108.57786440849304,1.0791838012939141,1.488206294552437,0.0,-0.0,RED,0.0,0.0,5.0
108.60035490989685,1.0791838012939141,1.488206294552437,0.0,-0.0,RED,0.0,0.0,5.0
108.62027430534363,1.0791838012939141,1.488206294552437,0.0,-0.0,RED,0.0,0.0,5.0
108.6213595867157,1.0791838012939141,1.488206294552437,0.0,-0.0,RED,0.0,0.0,5.0
108.6907787322998,1.0791838012939141,1.488206294552437,0.0,-0.0,RED,0.0,0.0,5.0
108.69183325767517,1.0791838012939141,1.488206294552437,0.0,-0.0,RED,0.0,0.0,5.0
108.69275903701782,1.0791838012939141,1.488206294552437,0.0,-0.0,RED,0.0,0.0,5.0
108.71595859527588,1.0791838012939141,1.488206294552437,0.0,-0.0,RED,0.0,0.0,5.0
108.7169725894928,1.0791838012939141,1.488206294552437,0.0,-0.0,RED,0.0,0.0,5.0
108.71788215637207,1.0791838012939141,1.488206294552437,0.0,-0.0,RED,0.0,0.0,5.0
108.7403290271759,1.0791838012939141,1.488206294552437,0.0,-0.0,RED,0.0,0.0,5.0
108.74132585525513,1.0791838012939141,1.488206294552437,0.0,-0.0,RED,0.0,0.0,5.0
108.74223494529724,1.0791838012939141,1.488206294552437,0.0,-0.0,RED,0.0,0.0,5.0
108.78876566886902,1.0791838012939141,1.488206294552437,0.0,-0.0,RED,0.0,0.0,5.0
108.78981900215149,1.0791838012939141,1.488206294552437,0.0,-0.0,RED,0.0,0.0,5.0
108.81195592880249,1.0791838012939141,1.488206294552437,0.0,-0.0,RED,0.0,0.0,5.0
108.8129551410675,1.0791838012939141,1.488206294552437,0.0,-0.0,RED,0.0,0.0,5.0
108.81386590003967,1.0791838012939141,1.488206294552437,0.0,-0.0,RED,0.0,0.0,5.0
108.81725287437439,1.0791838012939141,1.488206294552437,0.0,-0.0,RED,0.0,0.0,5.0
108.81871390342712,1.0791838012939141,1.488206294552437,0.0,-0.0,RED,0.0,0.0,5.0
108.81963872909546,1.0791838012939141,1.488206294552437,0.0,-0.0,RED,0.0,0.0,5.0
108.85711574554443,1.0791838012939141,1.488206294552437,0.0,-0.0,RED,0.0,0.0,5.0
108.86046051979065,1.0791838012939141,1.488206294552437,0.0,-0.0,RED,0.0,0.0,5.0
108.91022753715515,1.0791838012939141,1.488206294552437,0.0,-0.0,RED,0.0,0.0,5.0
108.91131711006165,1.0791838012939141,1.488206294552437,0.0,-0.0,RED,0.0,0.0,5.0
108.93364024162292,1.0791838012939141,1.488206294552437,0.0,-0.0,RED,0.0,0.0,5.0
108.93464827537537,1.0791838012939141,1.488206294552437,0.0,-0.0,RED,0.0,0.0,5.0
108.95647072792053,1.0791838012939141,1.488206294552437,0.0,-0.0,RED,0.0,0.0,5.0
108.9823169708252,1.0791838012939141,1.488206294552437,0.0,-0.0,RED,0.0,0.0,5.0
109.00336074829102,1.0791838012939141,1.488206294552437,0.0,-0.0,RED,0.0,0.0,5.0
109.0110490322113,1.0791838012939141,1.488206294552437,0.0,-0.0,RED,0.0,0.0,5.0
109.03567600250244,1.0791838012939141,1.488206294552437,0.0,-0.0,RED,0.0,0.0,5.0
109.03703808784485,1.0791838012939141,1.488206294552437,0.0,-0.0,GREEN,0.0,0.0,5.0
109.05772686004639,1.0791838012939141,1.488206294552437,0.0,-0.0,GREEN,0.0,0.0,5.0
109.05882978439331,1.0791838012939141,1.488206294552437,0.0,-0.0,GREEN,0.0,0.0,5.0
109.08927989006042,1.0791838012939141,1.488206294552437,0.0,-0.0,GREEN,0.0,0.0,5.0
109.09046721458435,1.0791838012939141,1.488206294552437,0.3,-0.01162282646942181,GREEN,0.0,0.0,5.0
109.12533378601074,1.0791838012939141,1.488206294552437,0.3,-0.01162282646942181,GREEN,0.0,0.0,5.0
109.12639856338501,1.0791838012939141,1.488206294552437,0.3,-0.01162282646942181,GREEN,0.0,0.0,5.0
109.15160584449768,1.078307470359057,1.488210778346127,0.3,-0.01162282646942181,GREEN,1.748247742652893,1.7474541664123535,5.0
109.15282773971558,1.0757371368154287,1.4882239240657338,0.3,-0.011636573208198442,GREEN,5.257635116577148,4.906679630279541,5.0
109.16157007217407,1.0720672896905448,1.4882391719886672,0.3,-0.011636573208198442,GREEN,4.894649028778076,4.8950934410095215,5.0
109.18716740608215,1.070268509256774,1.4882466490180504,0.3,-0.011636573208198442,GREEN,2.451554298400879,2.451554298400879,5.0
109.18836092948914,1.0684361916228988,1.4882542654522357,0.3,-0.015761250878645328,GREEN,3.5047709941864014,3.153719902038574,5.0
109.18932747840881,1.0659703765193398,1.4882619398841712,0.3,-0.015761250878645328,GREEN,4.545444011688232,4.5450310707092285,5.0
109.21487998962402,1.0626917559461897,1.488272140065238,0.3,-0.015761250878645328,GREEN,5.243314743041992,4.896427631378174,5.0
109.21586036682129,1.058896924981182,1.488293505328726,0.3,-0.015761250878645328,GREEN,5.959196090698242,5.609165191650391,5.0
109.24908709526062,1.0544412152498495,1.4883123375693994,0.3,-0.015761250878645328,GREEN,5.959196090698242,5.609165191650391,5.0
109.25042009353638,1.049952191330843,1.4883250525656493,0.3,-0.013656802276169167,GREEN,5.943502426147461,6.291977405548096,5.0
109.27830171585083,1.046857437373288,1.4883432053429015,0.3,-0.013656802276169167,GREEN,6.660277843475342,5.609165191650391,5.0
109.27936673164368,1.0420208397688084,1.488357711933945,0.3,-0.013656802276169167,GREEN,6.283989429473877,6.632498741149902,5.0
109.31578779220581,1.0322957771557846,1.4883863900454375,0.3,-0.013524377380789154,GREEN,6.653008937835693,5.952150344848633,5.0
109.324223279953,1.0271615707500206,1.488407857529447,0.3,-0.013524377380789154,GREEN,6.1008076667785645,6.100203514099121,5.0
109.33538055419922,1.0227671068344246,1.488412714047523,0.3,-0.013524377380789154,GREEN,5.961367130279541,7.013372898101807,5.0
109.36617112159729,1.01973985631325,1.4884277206235659,0.3,-0.020359968788518756,GREEN,5.943502426147461,5.942962646484375,5.0
109.36728072166443,1.0166719575856453,1.48844292413981,0.3,-0.020359968788518756,GREEN,6.309162139892578,5.958110809326172,5.0
109.37744641304016,1.0134848101318985,1.48845569352549,0.3,-0.020359968788518756,GREEN,6.309162139892578,5.958110809326172,5.0
109.37854337692261,1.0103221017597133,1.4884714786005053,0.3,-0.020359968788518756,GREEN,5.942423343658447,6.291977405548096,5.0
109.39578366279602,1.0057488969681159,1.4885032821885482,0.3,-0.020359968788518756,GREEN,5.608654975891113,6.309736728668213,5.0
109.39689993858337,1.0014803528847884,1.4885261484699153,0.3,-0.008912045408251856,GREEN,6.150145530700684,5.765185832977295,5.0
109.41784191131592,0.9970636994863413,1.4885498081621518,0.3,-0.008912045408251856,GREEN,5.943502426147461,5.607633590698242,5.0
109.42142248153687,0.9937991253408542,1.488562565504614,0.3,-0.008912045408251856,GREEN,6.309162139892578,6.659064769744873,5.0
109.4430923461914,0.9895977494302596,1.4885829845642815,0.3,-0.013296481159837725,GREEN,5.593884468078613,5.942962646484375,5.0
109.44424486160278,0.9866058444995339,1.4886016374745872,0.3,-0.013296481159837725,GREEN,5.958653450012207,5.2571563720703125,5.0
109.46460890769958,0.9819714454407689,1.4886211545010097,0.3,-0.013296481159837725,GREEN,6.291977405548096,6.641531944274902,5.0
109.4658272266388,0.9790501562751958,1.4886374128840896,0.3,-0.010165497640209686,GREEN,5.608654975891113,5.959196090698242,5.0
109.48341822624207,0.9756962498460289,1.4886592888994057,0.3,-0.010165497640209686,GREEN,5.593884468078613,5.942962646484375,5.0
109.55134963989258,0.971754590225822,1.4886893232521172,0.3,-0.010165497640209686,GREEN,6.927213191986084,6.156907081604004,5.0
109.5525426864624,0.9675233954867869,1.4887328338867827,0.3,-0.0027238132069431487,GREEN,5.251420021057129,5.951609134674072,5.0
109.58869242668152,0.9626344100338408,1.4887831087791117,0.3,-0.0027238132069431487,GREEN,6.919604778289795,5.952692031860352,5.0
109.58974146842957,0.9596134673094736,1.4888047725954812,0.3,-0.0027238132069431487,GREEN,5.616837024688721,6.150145530700684,5.0
109.59068465232849,0.9546376041851202,1.48885000823324,0.3,-0.0027238132069431487,GREEN,5.593884468078613,6.318366050720215,5.0
109.61359739303589,0.9514818127522034,1.4888741012443598,0.3,-0.0027238132069431487,GREEN,6.658458709716797,6.307439804077148,5.0
109.61476254463196,0.9486268852594392,1.4889016050553228,0.3,-0.004127732268774942,GREEN,5.658111095428467,6.362452983856201,5.0
109.65573024749756,0.944428149681963,1.4889420612558597,0.3,-0.004127732268774942,GREEN,5.705944538116455,5.706508636474609,5.0
109.65681147575378,0.9400778435964319,1.4889839958624513,0.3,-0.004127732268774942,GREEN,5.959196090698242,5.960280895233154,5.0
109.67905282974243,0.9354260038625877,1.4890287933470092,0.3,-0.004127732268774942,GREEN,5.237133026123047,5.590331077575684,5.0
109.6802990436554,0.9310063079590629,1.4890649938536533,0.3,-0.007074978229796969,GREEN,6.3177900314331055,5.966257572174072,5.0
109.68124079704285,0.9269224963919672,1.4890984432246044,0.3,-0.007074978229796969,GREEN,5.944042205810547,5.944042205810547,5.0
109.72954416275024,0.9221497641609241,1.4891443333139347,0.3,-0.007074978229796969,GREEN,6.309162139892578,6.659671306610107,5.0
109.73272919654846,0.9191968754220389,1.4891768439879551,0.3,0.002455473599985325,GREEN,6.309162139892578,6.659671306610107,5.0
109.73376536369324,0.9149428143019359,1.4892321574353204,0.3,0.002455473599985325,GREEN,6.642737865447998,6.29311990737915,5.0
109.73469352722168,0.9101164306231959,1.48928817461652,0.3,0.002455473599985325,GREEN,5.607122898101807,5.957026481628418,5.0
109.73560547828674,0.9072247757205956,1.4893176579127938,0.3,0.002455473599985325,GREEN,6.290834903717041,5.592360973358154,5.0
109.73650622367859,0.9023928920326435,1.4893714949462025,0.3,0.002455473599985325,GREEN,6.141561031341553,6.907878398895264,5.0
109.73741245269775,0.8995769710386579,1.4894115099534295,0.3,0.002455473599985325,GREEN,5.626585483551025,5.62709903717041,5.0
109.89388108253479,0.8814230382307329,1.4896409956420662,0.3,0.002455473599985325,GREEN,6.29311990737915,5.62709903717041,5.0
109.98765397071838,0.8767389482987998,1.489693810785667,0.3,0.002455473599985325,GREEN,6.29311990737915,6.29311990737915,5.0
109.98883032798767,0.8721471474415438,1.4897458390655558,0.3,0.002455473599985325,GREEN,5.607122898101807,5.957026481628418,5.0
109.98976564407349,0.8678013776857515,1.4898008917403716,0.3,0.002455473599985325,GREEN,5.944042205810547,5.594901084899902,5.0
110.00067019462585,0.8649750139787715,1.4898366673232373,0.3,0.002455473599985325,GREEN,5.8184428215026855,5.456851959228516,5.0
110.00176787376404,0.8602335669320226,1.4898920365313029,0.3,0.002455473599985325,GREEN,6.291977405548096,6.291406154632568,5.0
110.12295436859131,0.8561980567474591,1.4899448103892732,0.3,0.002455473599985325,GREEN,5.957026481628418,6.308013439178467,5.0
110.1239767074585,0.851785092161832,1.4900025116186417,0.3,0.002455473599985325,GREEN,5.595408916473389,5.594901084899902,5.0
110.12483501434326,0.8488865367318038,1.4900322689533467,0.3,0.002455473599985325,GREEN,6.309162139892578,5.607633590698242,5.0
110.15293645858765,0.8374762747459439,1.4901602026800789,0.3,0.002455473599985325,GREEN,5.593884468078613,5.943502426147461,5.0
110.1605155467987,0.8343320799129128,1.4901954437204363,0.3,0.002455473599985325,GREEN,5.593884468078613,5.943502426147461,5.0
110.16161608695984,0.8297333721115323,1.4902335374132576,0.3,0.002455473599985325,GREEN,6.642737865447998,5.590331077575684,5.0
110.17242813110352,0.8269161087387878,1.490264701137352,0.3,0.002455473599985325,GREEN,5.245219707489014,5.944042205810547,5.0
110.17705273628235,0.8223734196814683,1.4903235937853943,0.3,0.002455473599985325,GREEN,5.245219707489014,5.944042205810547,5.0
110.17811155319214,0.8192802130631339,1.4903506716313726,0.3,0.002455473599985325,GREEN,6.659064769744873,5.607633590698242,5.0
110.22195839881897,0.7936881888250704,1.4906870413043352,0.3,0.002455473599985325,GREEN,5.608144283294678,5.608144283294678,5.0
110.22309851646423,0.7892319156083681,1.4907502164275461,0.3,0.0026538204348192096,GREEN,5.703126907348633,5.704253673553467,5.0
110.22416234016418,0.7852006403691499,1.4908073856828359,0.3,-0.00141762100260312,GREEN,5.943502426147461,5.594901084899902,5.0
110.22520327568054,0.7819919339555941,1.4908486636596046,0.3,-0.004153448658140491,GREEN,6.308013439178467,6.308013439178467,5.0
110.22625494003296,0.7778098689818524,1.4909024632780743,0.3,0.006753771626828886,GREEN,5.3792290687561035,5.7634596824646,5.0
110.3477783203125,0.7735323874439983,1.4909641608337691,0.3,0.0023136956331901715,GREEN,6.305144309997559,5.254286766052246,5.0
110.34896612167358,0.7704060852478721,1.4910001700443283,0.3,0.005549146145916062,GREEN,5.958653450012207,6.659671306610107,5.0
110.34989190101624,0.76635303042949,1.4910587649718074,0.3,0.005549146145916062,GREEN,5.594392776489258,6.29311990737915,5.0
110.37357497215271,0.7614405861538777,1.4911163176086826,0.3,0.005549146145916062,GREEN,6.642737865447998,6.292548656463623,5.0
110.37476325035095,0.7569832023529199,1.4911621290933843,0.3,-0.0026762809426656986,GREEN,5.943502426147461,5.943502426147461,5.0
110.37568950653076,0.7522243042229547,1.4912113209610347,0.3,-0.0026762809426656986,GREEN,6.542367935180664,6.156907081604004,5.0
110.37662434577942,0.7478695329126898,1.4912495341055108,0.3,-0.0026762809426656986,GREEN,5.610698699951172,5.961367130279541,5.0
110.39739775657654,0.742982172422959,1.4912993940442698,0.3,-0.0026762809426656986,GREEN,6.648775100708008,6.648171424865723,5.0
110.39864659309387,0.7398120790751331,1.4913317271389919,0.3,0.0009976010347401143,GREEN,5.60253381729126,6.302850246429443,5.0
110.39961338043213,0.7358867303950325,1.4913796781372886,0.3,0.0009976010347401143,GREEN,5.608144283294678,5.2571563720703125,5.0
110.4199686050415,0.7328250696741334,1.4914128806367235,0.3,0.0009976010347401143,GREEN,6.29311990737915,5.942962646484375,5.0
110.42602109909058,0.7221576794894998,1.4915270845722017,0.3,-0.0008200032436649352,GREEN,6.29311990737915,5.942962646484375,5.0
110.42735743522644,0.7146935453561117,1.4916071150866288,0.3,-0.0024487766499285968,GREEN,5.389987468719482,5.39052677154541,5.0
110.42829513549805,0.71018697176051,1.4916424807578872,0.3,-0.0024487766499285968,GREEN,5.961367130279541,5.961909770965576,5.0
110.42919325828552,0.7074652676948999,1.4916711770828115,0.3,-0.0024487766499285968,GREEN,5.929502487182617,6.277728080749512,5.0
110.43007564544678,0.703040145975744,1.4917178399302509,0.3,-0.0024487766499285968,GREEN,5.620937347412109,5.972246170043945,5.0
110.43097281455994,0.6986478115854927,1.4917641666003867,0.3,-0.0024487766499285968,GREEN,5.943502426147461,5.593884468078613,5.0
110.54987049102783,0.6955453471849098,1.4918013538489057,0.3,-0.0024487766499285968,GREEN,5.943502426147461,5.593884468078613,5.0
110.57134342193604,0.691091167742209,1.4918551036907552,0.3,0.0005597575581006708,GREEN,5.958110809326172,6.308013439178467,5.0
110.59381127357483,0.688283338599526,1.4918928443505488,0.3,0.0005597575581006708,GREEN,5.958110809326172,6.308013439178467,5.0
110.59496521949768,0.683873575936148,1.4919521108741332,0.3,0.0015877848008809536,GREEN,5.594392776489258,5.593884468078613,5.0
110.59588956832886,0.6806501909536343,1.4919863842217747,0.3,0.0015877848008809536,GREEN,6.309162139892578,5.607633590698242,5.0
110.60985851287842,0.6736295609005001,1.4920788145142556,0.3,0.0015877848008809536,GREEN,5.934340953826904,6.631897449493408,5.0
110.62272119522095,0.6704251858397131,1.4921175644776905,0.3,0.0015877848008809536,GREEN,5.265305042266846,5.616325378417969,5.0
110.62389278411865,0.666004699538741,1.4921710136960384,0.3,-0.008021759840828757,GREEN,5.244266510009766,5.942962646484375,5.0
110.62496328353882,0.661237409404867,1.4922079310435457,0.3,-0.009217447943266066,GREEN,6.306291580200195,5.254764556884766,5.0
110.62586712837219,0.6582979505374931,1.492234788739842,0.3,-0.009217447943266066,GREEN,6.295406818389893,6.645151615142822,5.0
110.62681865692139,0.655469446140953,1.4922633526922857,0.3,-0.009217447943266066,GREEN,5.605082035064697,5.954858303070068,5.0
110.62772798538208,0.640538572237491,1.4923975037727049,0.3,-0.009217447943266066,GREEN,5.946742057800293,5.246649265289307,5.0
110.62870025634766,0.6374513388962192,1.492417246975179,0.3,-0.009217447943266066,GREEN,5.608144283294678,6.2942633628845215,5.0
110.63549089431763,0.633647122485732,1.4924452032571234,0.3,-0.009217447943266066,GREEN,5.608144283294678,5.958110809326172,5.0
110.79386734962463,0.6300670843961826,1.4924759674806936,0.3,-0.009092463101760373,GREEN,5.705380916595459,6.007880210876465,5.0
110.79492855072021,0.6268334111817928,1.4925069878134778,0.3,-0.009092463101760373,GREEN,5.958110809326172,6.086942195892334,5.0
110.79587650299072,0.6219838540615679,1.4925483942535585,0.3,-0.009092463101760373,GREEN,6.293691635131836,5.609165191650391,5.0
110.81799912452698,0.6179984028362321,1.4925824038163393,0.3,-0.009092463101760373,GREEN,5.616325378417969,6.535181999206543,5.0
110.81928753852844,0.6087158620208943,1.4926736761028636,0.3,-0.006893180203378257,GREEN,6.642737865447998,5.615813255310059,5.0
110.82035040855408,0.6041233762255243,1.4927190774204933,0.3,-0.0042988884188153165,GREEN,5.960824012756348,5.958110809326172,5.0
110.82139849662781,0.5881865279358275,1.4928761324047517,0.3,-0.007798054575698821,GREEN,5.934340953826904,5.236658096313477,5.0
110.82243919372559,0.5842161731809556,1.4929195346107051,0.3,-0.004944245675797099,GREEN,6.317214012145996,6.66817045211792,5.0
110.82334780693054,0.579324535622249,1.4929598927093575,0.3,-0.004944245675797099,GREEN,5.594392776489258,5.944042205810547,5.0
110.82424688339233,0.5747768458040508,1.4930039136637288,0.3,-0.004944245675797099,GREEN,5.958110809326172,5.6066131591796875,5.0
110.96287536621094,0.5702765257013662,1.493040750428966,0.3,-0.004944245675797099,GREEN,6.436412334442139,6.09658145904541,5.0
110.9639253616333,0.5673759715279088,1.4930606657771754,0.3,-0.004944245675797099,GREEN,5.794361591339111,5.795451641082764,5.0
110.96485567092896,0.5629226308800661,1.4930912557688774,0.3,-0.004944245675797099,GREEN,5.943502426147461,5.942423343658447,5.0
111.01670408248901,0.5580469033775691,1.493124725822813,0.3,-0.010815709454722544,GREEN,6.309162139892578,6.659671306610107,5.0
111.01778078079224,0.5551092520048745,1.493149077054477,0.3,-0.010815709454722544,GREEN,5.593884468078613,5.592868804931641,5.0
111.01873636245728,0.5516182598120352,1.4931746450680763,0.3,-0.010815709454722544,GREEN,5.958653450012207,5.607122898101807,5.0
111.07814645767212,0.5475898746776978,1.4932041144593644,0.3,-0.010815709454722544,GREEN,5.261946678161621,5.964082717895508,5.0
111.07915472984314,0.5432705028413933,1.493247479105359,0.3,-0.010815709454722544,GREEN,6.659671306610107,5.607633590698242,5.0
111.0802354812622,0.5389498584000193,1.493284751010876,0.3,-0.0047413338562121154,GREEN,5.244266510009766,5.942962646484375,5.0
111.08128833770752,0.5359697096103193,1.4933191542042326,0.3,0.0007689182843746423,GREEN,5.958653450012207,5.607633590698242,5.0
111.08217573165894,0.5313210408626945,1.493372621498624,0.3,0.0007689182843746423,GREEN,6.283419609069824,6.631897449493408,5.0
111.08579230308533,0.5270843301616447,1.4934270967784393,0.3,0.0007689182843746423,GREEN,5.616325378417969,5.615813255310059,5.0
111.08702993392944,0.5221776108724959,1.493490176724516,0.3,0.00958262792285236,GREEN,5.941344261169434,5.59134578704834,5.0
111.08790826797485,0.5190138492551077,1.4935353788627197,0.3,0.00958262792285236,GREEN,6.308013439178467,6.657853126525879,5.0
111.08874082565308,0.5148570472410197,1.4936070752384139,0.3,0.00958262792285236,GREEN,5.597442626953125,5.947282791137695,5.0
111.1825339794159,0.5102307187540747,1.4936805673263738,0.3,0.00958262792285236,GREEN,6.29311990737915,5.942962646484375,5.0
111.18374252319336,0.5073034361835925,1.4937228778531413,0.3,-0.00274509446415383,GREEN,5.6066131591796875,5.957026481628418,5.0
111.18467831611633,0.5025770036768573,1.493795727070636,0.3,-0.00274509446415383,GREEN,5.594901084899902,5.594901084899902,5.0
111.18558835983276,0.4982325698583489,1.4938433950067456,0.3,-0.00274509446415383,GREEN,6.659671306610107,6.308588027954102,5.0
111.1864583492279,0.49422511498358,1.4938983885176402,0.3,-0.00274509446415383,GREEN,5.585261821746826,6.280003547668457,5.0
111.21317410469055,0.4837667590317073,1.4940256539219854,0.3,-0.00274509446415383,GREEN,6.641531944274902,5.267706394195557,5.0
111.21440601348877,0.4792162451107256,1.4940863725388165,0.3,0.001953580664669552,GREEN,5.585261821746826,5.5872883796691895,5.0
111.2361056804657,0.47644100652548454,1.4941272989203478,0.3,0.001953580664669552,GREEN,5.943502426147461,6.292548656463623,5.0
111.2373719215393,0.47163991709047753,1.4942027421245467,0.3,0.004013288101614165,GREEN,5.2571563720703125,5.607122898101807,5.0
111.23830580711365,0.46704193532905025,1.4942684872983938,0.3,0.004013288101614165,GREEN,6.642134666442871,6.289693355560303,5.0
111.23923540115356,0.4623417202015066,1.4943423824760735,0.3,0.004013288101614165,GREEN,5.960280895233154,6.311460971832275,5.0
111.2402925491333,0.45772145178041934,1.494401963024569,0.3,0.0041847403138319805,GREEN,5.244266510009766,5.594392776489258,5.0
111.24120831489563,0.45300750210175317,1.4944694807661103,0.3,0.0041847403138319805,GREEN,6.658458709716797,5.957026481628418,5.0
111.24721813201904,0.44880900279856817,1.4945296060109756,0.3,0.0041847403138319805,GREEN,5.948904037475586,5.943502426147461,5.0
111.38697743415833,0.4446391436982136,1.4945893125122205,0.3,0.0041847403138319805,GREEN,5.951609134674072,5.25189733505249,5.0
111.38815522193909,0.4415809438428722,1.4946244891469267,0.3,-0.0013416754661630392,GREEN,5.959196090698242,5.959196090698242,5.0
111.41018843650818,0.4366540766106291,1.4946811599392467,0.3,-0.0013416754661630392,GREEN,5.608144283294678,5.2600297927856445,5.0
111.41810774803162,0.4324201642023658,1.494754579660923,0.3,-0.0013416754661630392,GREEN,6.29311990737915,5.593376636505127,5.0
111.44033932685852,0.42744021410535954,1.4948275121804588,0.3,-0.0013416754661630392,GREEN,6.309162139892578,7.009541988372803,5.0
111.45137643814087,0.42313527009734214,1.4949027512584327,0.3,-0.0013416754661630392,GREEN,5.244266510009766,5.593376636505127,5.0
111.45260334014893,0.4198696037047545,1.4949496825573734,0.3,0.010750194848698769,GREEN,6.150759696960449,5.381377220153809,5.0
111.45367002487183,0.4167625598654553,1.4949943292703884,0.3,0.004184615561166005,GREEN,6.318942070007324,6.318366050720215,5.0
111.45465087890625,0.40797959039999104,1.495123204613272,0.3,0.004184615561166005,GREEN,6.29311990737915,5.596425533294678,5.0
111.45570158958435,0.4035723804399399,1.4951852168206037,0.3,-0.0026651773985202354,GREEN,6.309162139892578,6.308588027954102,5.0
111.45659232139587,0.4004657464448897,1.4952202534555734,0.3,-0.0026651773985202354,GREEN,5.593884468078613,5.942962646484375,5.0
111.45748043060303,0.3962973530901282,1.4952588822088868,0.3,-0.0026651773985202354,GREEN,6.025579452514648,5.3137526512146,5.0
111.45834946632385,0.39343427454799906,1.495289318959507,0.3,-0.0026651773985202354,GREEN,6.0881452560424805,6.089349269866943,5.0
111.4885106086731,0.3881350764045966,1.495335355535039,0.3,-0.0026651773985202354,GREEN,6.0881452560424805,6.089349269866943,5.0
111.5075798034668,0.3844979163914943,1.4953669738237527,0.3,-0.0026651773985202354,GREEN,5.617861747741699,5.617349624633789,5.0
111.50883650779724,0.3812793761612963,1.4953949472288428,0.3,-0.008760750500744763,GREEN,6.29311990737915,5.943502426147461,5.0
111.50977420806885,0.3770767463620694,1.4954272952310876,0.3,-0.008760750500744763,GREEN,5.958110809326172,5.957026481628418,5.0
111.6400134563446,0.37285542350399314,1.495459769660081,0.3,-0.008760750500744763,GREEN,5.594392776489258,5.593884468078613,5.0
111.65225219726562,0.3684634584937928,1.4954935477238995,0.3,-0.008760750500744763,GREEN,5.594392776489258,5.593884468078613,5.0
111.69187712669373,0.36547062596594615,1.4955250924856966,0.3,-0.008760750500744763,GREEN,5.608144283294678,5.257635116577148,5.0
111.69311308860779,0.3611657431033975,1.4955659726492396,0.3,-0.003380138517647957,GREEN,6.283419609069824,5.933265209197998,5.0
111.69403958320618,0.35815312159885276,1.495590562145478,0.3,-0.003380138517647957,GREEN,5.616837024688721,6.318366050720215,5.0
111.69511866569519,0.3536398433790778,1.495636041190688,0.3,-0.003380138517647957,GREEN,5.593884468078613,5.593884468078613,5.0
111.83745670318604,0.3492869166452571,1.4956799044187195,0.3,-0.003380138517647957,GREEN,6.535181999206543,6.149531364440918,5.0
111.83867597579956,0.34544367712513613,1.4957241131263592,0.3,-0.0045262315237248885,GREEN,5.594392776489258,5.593884468078613,5.0
111.83975291252136,0.34076172001028315,1.4957779607461672,0.3,-0.00810496014284201,GREEN,6.542367935180664,5.772677421569824,5.0
111.84076738357544,0.33690577236522606,1.4958101081042836,0.3,-0.00810496014284201,GREEN,5.961909770965576,7.012734413146973,5.0
111.84172821044922,0.3340115439994766,1.4958342320479618,0.3,-0.00810496014284201,GREEN,5.244266510009766,5.243790149688721,5.0
111.84946918487549,0.33061661411845855,1.495859286064041,0.3,-0.00810496014284201,GREEN,5.958653450012207,5.605592250823975,5.0
111.85073351860046,0.3267057064004896,1.4958922754157595,0.29405837603557794,-0.008282673185693312,GREEN,6.29311990737915,5.943502426147461,5.0
111.8516743183136,0.32210478827584615,1.4959310674366944,0.29405837603557794,-0.008282673185693312,GREEN,6.157522678375244,6.156907081604004,5.0
111.85254573822021,0.31899329063465115,1.4959528793398784,0.29405837603557794,-0.008282673185693312,GREEN,5.2600297927856445,5.611209392547607,5.0
111.8533980846405,0.31468236353699947,1.4959830921114428,0.29405837603557794,-0.008282673185693312,GREEN,5.77440881729126,5.770946979522705,5.0
111.86026120185852,0.31142009882974986,1.4960059098294207,0.29405837603557794,-0.008282673185693312,GREEN,6.645151615142822,6.295979022979736,5.0
111.98704767227173,0.30709935445663217,1.4960320192106267,0.29405837603557794,-0.008282673185693312,GREEN,6.645151615142822,6.295979022979736,5.0
111.9881820678711,0.3028882397631861,1.496063436191708,0.29405837603557794,-0.008282673185693312,GREEN,5.608144283294678,5.959196090698242,5.0
111.98927116394043,0.29972604303185735,1.496087021194855,0.28405837603557793,-0.013563964969780073,GREEN,5.593884468078613,5.593376636505127,5.0
112.00744605064392,0.29555009553449657,1.496118128206224,0.28405837603557793,-0.013563964969780073,GREEN,5.388370990753174,5.772677421569824,5.0
112.01543045043945,0.2682462444528019,1.4963512937376746,0.2740583760355779,-0.00826032242966157,GREEN,5.960824012756348,5.772677421569824,5.0
112.01646780967712,0.2648006448178506,1.4963984007480828,0.2740583760355779,-0.00826032242966157,GREEN,4.556617259979248,4.906679630279541,5.0
112.01739239692688,0.2618942962032302,1.496442141246263,0.2740583760355779,-0.00826032242966157,GREEN,5.943502426147461,5.593376636505127,5.0
112.01830005645752,0.25806142022100814,1.4964961699511432,0.2740583760355779,-0.00826032242966157,GREEN,4.905786514282227,5.255721092224121,5.0
112.03973507881165,0.2556468012805708,1.4965336533881914,0.2740583760355779,-0.00826032242966157,GREEN,5.0039873123168945,4.619065284729004,5.0
112.04480624198914,0.25158376899359236,1.4965924821185936,0.2740583760355779,-0.00826032242966157,GREEN,5.608144283294678,5.607633590698242,5.0
112.05877351760864,0.24826480566358622,1.4966306640085372,0.2740583760355779,-0.00826032242966157,GREEN,4.612608909606934,4.612148284912109,5.0
112.059898853302,0.24595216891867144,1.4966572648107337,0.2740583760355779,-0.00826032242966157,GREEN,4.552058696746826,4.552058696746826,5.0
112.06089305877686,0.2419819860188226,1.4967029313211508,0.2740583760355779,-0.00826032242966157,GREEN,5.648253917694092,4.934530258178711,5.0
112.06175899505615,0.23845130511190746,1.4967333206475861,0.2740583760355779,-0.00826032242966157,GREEN,4.907126426696777,5.2571563720703125,5.0
112.06257820129395,0.23110286807486313,1.4967958304309086,0.2740583760355779,-0.00826032242966157,GREEN,4.5450310707092285,4.5450310707092285,5.0
112.06340265274048,0.22774051981453589,1.4968200305159935,0.2740583760355779,-0.00826032242966157,GREEN,4.556617259979248,4.206108093261719,5.0
112.06422281265259,0.22443347537112104,1.4968438325587072,0.2740583760355779,-0.00826032242966157,GREEN,5.381377220153809,5.380302429199219,5.0
112.06504559516907,0.2216947294069541,1.496859627467715,0.2740583760355779,-0.00826032242966157,GREEN,4.902216911315918,5.252852916717529,5.0
112.19284415245056,0.21914817647448004,1.4968743064295602,0.2740583760355779,-0.00826032242966157,GREEN,4.902216911315918,5.252852916717529,5.0
112.1939001083374,0.21629635037400213,1.4968934560755913,0.2740583760355779,-0.00826032242966157,GREEN,3.855248212814331,3.8548970222473145,5.0
112.19483351707458,0.2140815397053943,1.4969083251343223,0.2740583760355779,-0.00826032242966157,GREEN,4.5450310707092285,4.195413589477539,5.0
112.22892141342163,0.20866802573465415,1.496945204886957,0.2740583760355779,-0.00826032242966157,GREEN,4.1946516036987305,5.256678104400635,5.0
112.2365369796753,0.20669488671037606,1.4969600479867686,0.2740583760355779,-0.00826032242966157,GREEN,4.229069232940674,3.8438408374786377,5.0
112.27104949951172,0.20431757828312963,1.4969779314839955,0.2740583760355779,-0.00826032242966157,GREEN,4.5450310707092285,3.845097303390503,5.0
112.27202916145325,0.2011490873280083,1.4969985017938485,0.2740583760355779,-0.00826032242966157,GREEN,4.195413589477539,3.8489413261413574,5.0
112.27294707298279,0.19817594964093935,1.4970256384713412,0.2740583760355779,-0.00826032242966157,GREEN,3.8492910861968994,4.201900482177734,5.0
112.27385950088501,0.19621013226601153,1.4970408278206437,0.2740583760355779,-0.00826032242966157,GREEN,4.201900482177734,4.907126426696777,5.0
112.2747712135315,0.19409050102387038,1.4970572036020688,0.2740583760355779,-0.00826032242966157,GREEN,4.206108093261719,3.4955430030822754,5.0
112.41418957710266,0.18137872855608758,1.4971696052238848,0.2740583760355779,-0.00826032242966157,GREEN,4.195413589477539,3.4955430030822754,5.0
112.41532897949219,0.17869220254120816,1.4971942651301244,0.2740583760355779,-0.00826032242966157,GREEN,4.183119297027588,4.563854217529297,5.0
112.41633892059326,0.17681582201639917,1.4972088957133065,0.2740583760355779,-0.00826032242966157,GREEN,3.83986759185791,3.491105318069458,5.0
112.42892861366272,0.1737684531096082,1.497235600702249,0.2740583760355779,-0.00826032242966157,GREEN,4.195413589477539,3.8454463481903076,5.0
112.44080567359924,0.17086786120748115,1.4972568599549372,0.2740583760355779,-0.00826032242966157,GREEN,4.195413589477539,3.8454463481903076,5.0
112.46416664123535,0.16829093247674035,1.4972757433193622,0.2740583760355779,-0.00826032242966157,GREEN,3.5041332244873047,3.5041332244873047,5.0
112.47357702255249,0.1654294788096216,1.4972967116417442,0.2740583760355779,-0.00826032242966157,GREEN,3.840564250946045,3.840564250946045,5.0
112.47463130950928,0.16348258113416655,1.4973109782288891,0.2740583760355779,-0.00826032242966157,UNKNOWN,3.8615756034851074,3.8612236976623535,5.0
112.60796213150024,0.1568044902205711,1.497365616221136,0.2740583760355779,-0.00826032242966157,UNKNOWN,3.844050168991089,4.542556285858154,5.0
112.60907220840454,0.1539545228031752,1.4973944167542437,0.2740583760355779,-0.00826032242966157,UNKNOWN,3.8457956314086914,3.496177911758423,5.0
112.61009621620178,0.15119118696845613,1.4974260441692548,0.2740583760355779,-0.00826032242966157,UNKNOWN,3.5050902366638184,3.5047709941864014,5.0
112.61109280586243,0.14609232252844329,1.4974808565975688,0.2740583760355779,-0.00826032242966157,UNKNOWN,3.8555991649627686,3.5047709941864014,5.0
112.61200022697449,0.1430664776595077,1.4975163089266734,0.2740583760355779,-0.00826032242966157,UNKNOWN,3.496177911758423,3.4958603382110596,5.0
112.61290144920349,0.1411947189294721,1.4975408993311279,0.2740583760355779,-0.00826032242966157,UNKNOWN,3.5047709941864014,3.8548970222473145,5.0
112.61380505561829,0.13936030970883337,1.4975632293261574,0.2740583760355779,-0.00826032242966157,UNKNOWN,3.496495485305786,3.496177911758423,5.0
112.6147894859314,0.13667392900392525,1.4975959278251596,0.2740583760355779,-0.00826032242966157,UNKNOWN,3.3269245624542236,4.0642900466918945,5.0
112.61551332473755,0.1340983777270357,1.4976272739158338,0.2740583760355779,-0.00826032242966157,UNKNOWN,3.3269245624542236,4.0642900466918945,5.0
112.6193642616272,0.1320632511523989,1.4976576972601627,0.2740583760355779,-0.00826032242966157,UNKNOWN,3.3269245624542236,4.0642900466918945,5.0
112.63496327400208,0.12947648443416415,1.4976963617512236,0.16405837603557782,-0.017717282515190114,UNKNOWN,3.846144914627075,3.147989511489868,5.0
112.6361620426178,0.127666847414584,1.4977183574071795,0.15405837603557782,-0.011271862014449852,UNKNOWN,3.073538303375244,3.8419229984283447,5.0
112.64668416976929,0.12513543169636662,1.4977546301002396,0.15405837603557782,-0.011271862014449852,UNKNOWN,3.8457956314086914,3.1462743282318115,5.0
112.66088509559631,0.12323013648110759,1.497776713188607,0.1440583760355778,-0.008972764287848989,UNKNOWN,3.154581069946289,3.855248212814331,5.0
112.66213202476501,0.12077093476350981,1.4978102805392093,0.1340583760355778,-0.011329242513952842,UNKNOWN,3.496177911758423,3.494590997695923,5.0
112.66305708885193,0.11102509215651281,1.497930265698803,0.1340583760355778,-0.011329242513952842,UNKNOWN,3.1494197845458984,2.8005025386810303,5.0
112.66396355628967,0.10959815862330423,1.4979465628499244,0.1340583760355778,-0.011329242513952842,UNKNOWN,3.146845817565918,3.146559953689575,5.0
112.66486978530884,0.10817266395044908,1.4979628425661051,0.1340583760355778,-0.011329242513952842,UNKNOWN,2.803816795349121,2.8035614490509033,5.0
112.66578269004822,0.10673783501811837,1.4979792278784572,0.1340583760355778,-0.011329242513952842,UNKNOWN,2.797196388244629,2.7969422340393066,5.0
112.81265783309937,0.1046657101458526,1.4980050327119663,0.1240583760355778,-0.012954339314686258,UNKNOWN,3.146559953689575,2.7969422340393066,5.0
112.81375050544739,0.103252804869624,1.4980207658470617,0.1240583760355778,-0.012954339314686258,UNKNOWN,2.4533398151397705,3.1540067195892334,5.0
112.81471920013428,0.1012656889589129,1.498046686486987,0.1240583760355778,-0.012954339314686258,UNKNOWN,2.6909573078155518,2.6906886100769043,5.0
112.83019065856934,0.1000199042182829,1.49806293560544,0.1240583760355778,-0.012954339314686258,UNKNOWN,2.451108455657959,2.451108455657959,5.0
112.83136367797852,0.09806192198468364,1.4980884741147866,0.11405837603557781,-0.012643657110128714,UNKNOWN,2.451108455657959,2.4533398151397705,5.0
112.85711717605591,0.09647073172598478,1.4981140340277252,0.11405837603557781,-0.012643657110128714,UNKNOWN,2.4584872722625732,2.10746693611145,5.0
112.87727189064026,0.0945125105481971,1.4981428990927572,0.11405837603557781,-0.012643657110128714,UNKNOWN,2.4477691650390625,2.797450542449951,5.0
112.8785080909729,0.09281842466873944,1.4981702624304183,0.10405837603557781,-0.006991726714191238,UNKNOWN,2.4822638034820557,2.481121063232422,5.0
112.8794252872467,0.09156068995247424,1.4981905799801718,0.10405837603557781,-0.006991726714191238,UNKNOWN,2.2817015647888184,2.2821521759033203,5.0
112.88454222679138,0.08989941748939537,1.4982166445353724,0.10405837603557781,-0.006991726714191238,UNKNOWN,2.443552017211914,2.4437737464904785,5.0
112.88563251495361,0.08858815124644083,1.498235405499004,0.09405837603557782,-0.011219812020329734,UNKNOWN,2.456918239593506,2.1059300899505615,5.0
112.88649129867554,0.08715527424021635,1.4982559064106584,0.09405837603557782,-0.011219812020329734,UNKNOWN,1.7484065294265747,1.7484065294265747,5.0
112.88852977752686,0.08607028667674167,1.4982729575466243,0.09405837603557782,-0.011219812020329734,UNKNOWN,2.24249529838562,2.0975160598754883,5.0
112.88950300216675,0.08497600314747296,1.4982897258438206,0.08405837603557782,-0.0074353451111113245,UNKNOWN,2.1627137660980225,2.2420601844787598,5.0
112.89034962654114,0.08398087670337492,1.4983049747034773,0.08405837603557782,-0.0074353451111113245,UNKNOWN,1.7480889558792114,2.1627137660980225,5.0
112.89118909835815,0.08231339742866368,1.4983324289866922,0.08405837603557782,-0.0074353451111113245,UNKNOWN,2.4535632133483887,2.0975160598754883,5.0
113.0115921497345,0.08125922290511915,1.498348322265295,0.08405837603557782,-0.0074353451111113245,UNKNOWN,2.4535632133483887,2.102862596511841,5.0
113.01272344589233,0.07994155982828656,1.4983681880331703,0.08405837603557782,-0.0074353451111113245,UNKNOWN,2.0977067947387695,2.0977067947387695,5.0
113.02948307991028,0.07854142201184537,1.4983892954162352,0.07405837603557783,-0.01086151579666872,UNKNOWN,1.7458693981170654,1.7458693981170654,5.0
113.03046941757202,0.07742706820302671,1.4984060945430329,0.07405837603557783,-0.01086151579666872,UNKNOWN,1.7551016807556152,1.7551016807556152,5.0
113.06628346443176,0.07617833819072972,1.4984265915292092,0.07405837603557783,-0.01086151579666872,UNKNOWN,1.7552616596221924,2.1061220169067383,5.0
113.0876054763794,0.07523696152517072,1.4984420429011291,0.07405837603557783,-0.01086151579666872,UNKNOWN,1.3984711170196533,1.3983441591262817,5.0
113.08886885643005,0.07449997388517851,1.4984541391744948,0.06706440929146495,-0.008671094060830775,UNKNOWN,1.4020360708236694,1.4019083976745605,5.0
113.08999967575073,0.07336726880549893,1.4984727299982372,0.06354632652089481,-0.009899860422599716,UNKNOWN,2.0977067947387695,2.0975160598754883,5.0
113.0909411907196,0.07252793339284587,1.4984865053467216,0.06354632652089481,-0.009899860422599716,UNKNOWN,1.4016532897949219,1.0512399673461914,5.0
113.09200716018677,0.07121181135350364,1.4985063991124126,0.060907874670733074,-0.005278777923071409,UNKNOWN,1.7484065294265747,1.7484065294265747,5.0
113.09292507171631,0.0681898782040345,1.4985538823144624,0.060907874670733074,-0.005278777923071409,UNKNOWN,1.0489486455917358,1.0488533973693848,5.0
113.09386444091797,0.06766017362436444,1.498563728225783,0.060907874670733074,-0.005278777923071409,UNKNOWN,1.7525451183319092,1.4019083976745605,5.0
113.09458875656128,0.06676790484941554,1.4985803130857533,0.060907874670733074,-0.005278777923071409,UNKNOWN,1.7525451183319092,1.4019083976745605,5.0
113.25688815116882,0.06604868454554455,1.4985929098904305,0.060907874670733074,-0.005278777923071409,UNKNOWN,0.6991720795631409,1.3983441591262817,5.0
113.26459765434265,0.0649999082814667,1.498613998295311,0.060907874670733074,-0.005278777923071409,UNKNOWN,0.6991720795631409,1.3983441591262817,5.0
113.26563739776611,0.0643215281918958,1.4986276389110285,0.060907874670733074,-0.005278777923071409,UNKNOWN,1.4017807245254517,1.4017807245254517,5.0
113.3272168636322,0.06378572724550151,1.4986378509151959,0.057902550157644075,-0.004551397668352664,UNKNOWN,1.0504751205444336,1.0504751205444336,5.0
113.37727451324463,0.06275773185258522,1.498657443813094,0.057902550157644075,-0.004551397668352664,UNKNOWN,1.0504751205444336,1.0504751205444336,5.0
113.3784875869751,0.06222805557006654,1.4986690236359457,0.055447700224946016,-0.0010019272523722478,UNKNOWN,1.7525451183319092,1.7523854970932007,5.0
113.38921856880188,0.05456541100445685,1.4988287068033814,0.055447700224946016,-0.0010019272523722478,UNKNOWN,1.0488533973693848,1.0487580299377441,5.0
113.3902997970581,0.05421233598387408,1.4988362142662892,0.055447700224946016,-0.0010019272523722478,UNKNOWN,0.35038143396377563,1.0505706071853638,5.0
113.42070960998535,0.05281681889686023,1.498868551688764,0.055447700224946016,-0.0010019272523722478,UNKNOWN,1.3993606567382812,1.0505706071853638,5.0
113.42181372642517,0.05181221718765171,1.4988903548366639,0.055447700224946016,-0.0010019272523722478,UNKNOWN,1.0488533973693848,0.34955430030822754,5.0
113.42275834083557,0.05116308944084454,1.4989062071625323,0.055447700224946016,-0.0010019272523722478,UNKNOWN,1.0513355731964111,1.7523854970932007,5.0
113.44017386436462,0.05098651498739188,1.4989107672289277,0.055447700224946016,-0.0010019272523722478,UNKNOWN,0.6992990970611572,1.0487580299377441,5.0
113.44120526313782,0.05045975105267684,1.4989243709545887,0.055447700224946016,-0.0010019272523722478,UNKNOWN,0.35047709941864014,0.3504451811313629,5.0
113.44358897209167,0.04857874425687941,1.4989707397152798,0.055447700224946016,-0.0010019272523722478,UNKNOWN,1.0514312982559204,0.6992355585098267,5.0
113.44461822509766,0.048392330770317495,1.4989754611157178,0.055447700224946016,-0.0010019272523722478,UNKNOWN,0.35050901770591736,0.35047709941864014,5.0
113.45199489593506,0.04739910270733262,1.4990006223526062,0.055447700224946016,-0.0010019272523722478,UNKNOWN,0.3486679196357727,0.34869951009750366,5.0
113.46892023086548,0.046671649856582106,1.4990190507621377,0.055447700224946016,-0.0010019272523722478,UNKNOWN,1.4054909944534302,1.4054909944534302,5.0
113.47862076759338,0.0464119464936011,1.499025629772619,0.055447700224946016,-0.0010019272523722478,UNKNOWN,1.3985981941223145,1.3985981941223145,5.0
113.4962511062622,0.04574474850139329,1.4990425315879194,0.055447700224946016,-0.0010019272523722478,UNKNOWN,1.4020360708236694,1.4020360708236694,5.0
113.51669502258301,0.04498012556820085,1.4990585849744358,0.055447700224946016,-0.0010019272523722478,UNKNOWN,1.4020360708236694,1.4020360708236694,5.0
113.52453827857971,0.04498012556820085,1.4990585849744358,0.055447700224946016,-0.0010019272523722478,UNKNOWN,0.0,0.0,5.0
113.54382348060608,0.04362746690503527,1.4990907136213352,0.04049097857904887,0.005642466053919826,UNKNOWN,0.34961777925491333,0.6987913846969604,5.0
113.5453736782074,0.043124077685120006,1.499102669897582,0.04049097857904887,0.005642466053919826,UNKNOWN,1.3982172012329102,0.34958603978157043,5.0
113.55352306365967,0.04287329330736977,1.4991078069555752,0.04049097857904887,0.005642466053919826,UNKNOWN,1.3982172012329102,0.34958603978157043,5.0
113.5831093788147,0.04213900849902023,1.499120856091213,0.03859431801228135,-0.006075289079894297,UNKNOWN,1.1407380104064941,0.7606423497200012,5.0
113.58424663543701,0.041895086764560545,1.4991248036279565,0.03859431801228135,-0.006075289079894297,UNKNOWN,1.0489486455917358,1.7484065294265747,5.0
113.63481831550598,0.041797137224194744,1.4991266472113665,0.03859431801228135,-0.006075289079894297,UNKNOWN,0.3843840956687927,0.7012734413146973,5.0
113.63602328300476,0.040902062070160186,1.499142545814495,0.036819943868912894,-0.014695600279183374,UNKNOWN,1.7507917881011963,0.0,5.0
113.63699293136597,0.0403459306195351,1.4991501167454147,0.036819943868912894,-0.014695600279183374,UNKNOWN,0.7010180354118347,0.7003167271614075,5.0
113.66287684440613,0.04009607023103694,1.4991540190679824,0.036819943868912894,-0.014695600279183374,UNKNOWN,0.7008266448974609,0.3502539098262787,5.0
113.66388583183289,0.0398330075739263,1.4991588384585806,0.036819943868912894,-0.014695600279183374,UNKNOWN,1.049043893814087,0.3496813178062439,5.0
113.6645770072937,0.03945043198232619,1.4991654842956508,0.036819943868912894,-0.014695600279183374,UNKNOWN,1.049043893814087,0.3496813178062439,5.0
113.67116022109985,0.038590102047585464,1.4991786494631654,0.036819943868912894,-0.014695600279183374,UNKNOWN,1.049043893814087,0.3496813178062439,5.0
113.69741487503052,0.03830008072349267,1.4991834728768694,0.035513331722648755,-0.01169820287955492,UNKNOWN,0.35050901770591736,0.0,5.0
113.698406457901,0.038054323795800093,1.4991883310191363,0.035513331722648755,-0.01169820287955492,UNKNOWN,0.6991086006164551,0.0,5.0
113.71318745613098,0.037183761773944744,1.4992032261811128,0.035513331722648755,-0.01169820287955492,UNKNOWN,1.537536382675171,1.5376899242401123,5.0
113.74704575538635,0.03643852853538981,1.4992159773401486,0.035513331722648755,-0.01169820287955492,UNKNOWN,1.537536382675171,1.5376899242401123,5.0
113.76237297058105,0.0363456064189934,1.4992178169008175,0.035513331722648755,-0.01169820287955492,UNKNOWN,0.0,0.35047709941864014,5.0
113.78162407875061,0.03527973699169687,1.4992399890906374,0.035513331722648755,-0.01169820287955492,UNKNOWN,1.7480889558792114,1.048282265663147,5.0
113.80401515960693,0.03518327010009366,1.4992421193349157,0.035513331722648755,-0.01169820287955492,UNKNOWN,0.0,1.7523854970932007,5.0
113.81186008453369,0.0354264904679475,1.4992364945430314,0.035513331722648755,-0.01169820287955492,UNKNOWN,0.0,1.7523854970932007,5.0
113.81302094459534,0.0350752477454814,1.4992446177467986,0.035513331722648755,-0.01169820287955492,UNKNOWN,-0.35050901770591736,-0.3503176271915436,5.0
113.82736897468567,0.03419529003846581,1.4992649685620707,0.035513331722648755,-0.01169820287955492,UNKNOWN,1.7525451183319092,1.7525451183319092,5.0
113.82851195335388,0.033531018813644245,1.4992803311878868,0.035513331722648755,-0.01169820287955492,UNKNOWN,1.0489486455917358,0.6992355585098267,5.0
113.8422589302063,0.03338965152130675,1.4992833973535165,0.035513331722648755,-0.01169820287955492,UNKNOWN,0.35457643866539,1.0634355545043945,5.0
113.85748434066772,0.03320608447971356,1.4992876595566764,0.035513331722648755,-0.01169820287955492,UNKNOWN,0.35457643866539,1.0634355545043945,5.0
113.85861301422119,0.03251271821708891,1.499303805155139,0.035513331722648755,-0.01169820287955492,UNKNOWN,1.7519071102142334,0.7006990313529968,5.0
113.87777543067932,0.03190231638802278,1.499316056313315,0.035513331722648755,-0.01169820287955492,UNKNOWN,1.049139142036438,0.6994261145591736,5.0
113.89188504219055,0.03190231638802278,1.499316056313315,0.035513331722648755,-0.01169820287955492,UNKNOWN,0.0,0.0,5.0
113.92225193977356,0.031488387946554106,1.4993238175103434,0.035513331722648755,-0.01169820287955492,UNKNOWN,1.7480889558792114,1.0492345094680786,5.0
113.92300772666931,0.03050117867461273,1.4993437993653453,0.035513331722648755,-0.01169820287955492,UNKNOWN,1.7480889558792114,1.0492345094680786,5.0
113.9524347782135,0.030237114080088872,1.4993484397546133,0.035513331722648755,-0.01169820287955492,UNKNOWN,1.7480889558792114,1.0492345094680786,5.0
113.95357036590576,0.030148582581618774,1.4993499112196034,0.035513331722648755,-0.01169820287955492,UNKNOWN,0.7021046280860901,0.35102033615112305,5.0
113.9545271396637,0.029969936628966444,1.4993530515147708,0.035513331722648755,-0.01169820287955492,UNKNOWN,0.0,0.3497448265552521,5.0
113.96734166145325,0.028898772554617817,1.4993724799457264,0.035513331722648755,-0.01169820287955492,UNKNOWN,1.4020360708236694,1.0514312982559204,5.0
113.96835803985596,0.028647340939325704,1.4993768894961683,0.035513331722648755,-0.01169820287955492,UNKNOWN,0.34961777925491333,0.34958603978157043,5.0
113.98677110671997,0.028647340939325704,1.4993768894961683,0.035513331722648755,-0.01169820287955492,UNKNOWN,0.34961777925491333,0.34958603978157043,5.0
114.00952744483948,0.02847049852186531,1.4993799908964052,0.035513331722648755,-0.01169820287955492,UNKNOWN,0.3496813178062439,0.34949082136154175,5.0
114.05216765403748,0.027063449594799793,1.499404131608759,0.035513331722648755,-0.01169820287955492,UNKNOWN,1.0458142757415771,0.34949082136154175,5.0
114.06765699386597,0.026885597343716084,1.4994067773444564,0.035513331722648755,-0.01169820287955492,UNKNOWN,0.0,0.6991720795631409,5.0
114.07128596305847,0.02636437161349208,1.4994155336522648,0.035513331722648755,-0.01169820287955492,UNKNOWN,0.7010180354118347,1.4012705087661743,5.0
114.08954954147339,0.026086449729711143,1.4994194192111467,0.035513331722648755,-0.01169820287955492,UNKNOWN,1.0488533973693848,0.34958603978157043,5.0
114.09684157371521,0.02583511268163427,1.4994226805111213,0.035513331722648755,-0.01169820287955492,UNKNOWN,0.7008266448974609,0.3502539098262787,5.0
114.1111159324646,0.02564805063811418,1.4994251078374883,0.035513331722648755,-0.01169820287955492,UNKNOWN,0.35050901770591736,0.35050901770591736,5.0
114.11299085617065,0.02536211735292114,1.4994288181219975,0.035513331722648755,-0.01169820287955492,UNKNOWN,0.3489839434623718,0.697904646396637,5.0
114.13072323799133,0.02498106908337319,1.4994341553087869,0.035513331722648755,-0.01169820287955492,UNKNOWN,0.3489839434623718,0.697904646396637,5.0
114.14668989181519,0.02463899046412338,1.4994403563403043,0.035513331722648755,-0.01169820287955492,UNKNOWN,1.0489486455917358,0.0,5.0
114.14773440361023,0.024115425269794724,1.4994479102158342,0.035513331722648755,-0.01169820287955492,UNKNOWN,1.0512399673461914,0.35041332244873047,5.0
114.16986393928528,0.024010647437118823,1.499449125314625,0.035513331722648755,-0.01169820287955492,UNKNOWN,0.0,0.3498401641845703,5.0
114.21270322799683,0.023086415371421937,1.4994608905534654,0.035513331722648755,-0.01169820287955492,UNKNOWN,0.34907886385917664,0.0,5.0
114.23193621635437,0.022601006447952907,1.4994683297567188,0.021215735538709212,-0.020804413041727088,UNKNOWN,1.4020360708236694,0.0,5.0
114.25431060791016,0.022324794069491383,1.4994713149330279,0.021215735538709212,-0.020804413041727088,UNKNOWN,1.4020360708236694,0.0,5.0
114.29188394546509,0.021231511768731746,1.4994825973455317,0.020097947902650213,-0.026338342851638608,UNKNOWN,0.34961777925491333,0.35047709941864014,5.0
114.32107996940613,0.02094206751857474,1.4994846457424138,0.020097947902650213,-0.026338342851638608,UNKNOWN,0.7688449621200562,0.0,5.0
114.32649278640747,0.020810866528471455,1.4994854373760567,0.020097947902650213,-0.026338342851638608,UNKNOWN,0.7688449621200562,0.3843840956687927,5.0
114.3511016368866,0.020680845556110553,1.4994864063218714,0.018853566861215358,-0.037139852759384695,UNKNOWN,0.3504451811313629,0.3504451811313629,5.0
114.38173747062683,0.020416868760417407,1.4994880024553694,0.01838095873145117,-0.032343308874614785,UNKNOWN,0.0,1.1410760879516602,5.0
114.38275170326233,0.019992310163238648,1.4994917812427189,0.01838095873145117,-0.032343308874614785,UNKNOWN,0.0,0.0,5.0
114.38371467590332,0.019904240657364417,1.4994929693968984,0.01838095873145117,-0.032343308874614785,UNKNOWN,0.3505409359931946,0.34958603978157043,5.0
114.39864206314087,0.019507463593793264,1.4994979444835064,0.01838095873145117,-0.032343308874614785,UNKNOWN,0.6992355585098267,0.34958603978157043,5.0
114.39976716041565,0.01931424305534084,1.4995000908608265,0.01838095873145117,-0.032343308874614785,UNKNOWN,0.3843840956687927,0.3843457102775574,5.0
114.43121933937073,0.019056312855836567,1.499502956034144,0.0,0.0,UNKNOWN,0.35050901770591736,0.35047709941864014,5.0
114.43217778205872,0.018863708719456414,1.4995050955197262,0.0,0.0,UNKNOWN,0.0,1.0486629009246826,5.0
114.43288254737854,0.018596213780384483,1.4995080668820793,0.0,0.0,UNKNOWN,0.0,1.0486629009246826,5.0
114.45114850997925,0.01835479979417346,1.4995114468179596,0.0,0.0,UNKNOWN,0.0,1.0486629009246826,5.0
114.45452284812927,0.01835479979417346,1.4995114468179596,0.0,0.0,UNKNOWN,0.0,0.0,5.0
114.48147797584534,0.0182665165094389,1.4995126828351697,0.0,0.0,UNKNOWN,0.0,0.0,5.0
114.5037407875061,0.0182665165094389,1.4995126828351697,0.0,0.0,UNKNOWN,0.0,0.0,5.0
114.51344609260559,0.01813336999195446,1.4995146740796572,0.0,0.0,UNKNOWN,0.0,0.3504451811313629,5.0
114.51455998420715,0.018033346111998156,1.4995163139936283,0.0,0.0,UNKNOWN,0.3496495485305786,-0.34949082136154175,5.0
114.53346371650696,0.018033346111998156,1.4995163139936283,0.0,0.0,UNKNOWN,1.0530610084533691,-1.0530610084533691,5.0
114.53457975387573,0.018121842097535115,1.4995164459200259,0.0,0.0,UNKNOWN,0.6992355585098267,-1.0487580299377441,5.0
114.54949378967285,0.017860450453091512,1.4995148055676712,0.0,0.0,UNKNOWN,1.7525451183319092,-1.0514312982559204,5.0
114.56303453445435,0.017684477752897037,1.49951171216096,0.0,0.0,UNKNOWN,2.0977067947387695,-1.3983441591262817,5.0
114.57827138900757,0.017420617846307992,1.4995045628366304,0.0,0.0,UNKNOWN,1.7523854970932007,-0.7008903622627258,5.0
114.58576917648315,0.016508053827679375,1.4994737554679485,0.0,0.0,UNKNOWN,2.797196388244629,-0.34961777925491333,5.0
114.59912443161011,0.0161575412951721,1.4994574668194003,0.0,0.0,UNKNOWN,2.4535632133483887,-1.0514312982559204,5.0
114.61918807029724,0.01606978666211099,1.4994525544444113,0.0,0.0,UNKNOWN,1.7480889558792114,-1.3984711170196533,5.0
114.63877296447754,0.015625410511967492,1.4994260989818364,0.0,0.0,UNKNOWN,1.7480889558792114,-1.3984711170196533,5.0
114.65531611442566,0.015280063670100224,1.499390909207678,0.0,0.0,UNKNOWN,1.7480889558792114,-1.3984711170196533,5.0
114.67670965194702,0.015191350455338724,1.49937945699319,0.0,0.0,UNKNOWN,2.0978972911834717,-1.7480889558792114,5.0
114.68488550186157,0.015063709855326833,1.499361597910866,0.0,0.0,UNKNOWN,2.0978972911834717,-1.7480889558792114,5.0
114.71063184738159,0.014933559408240624,1.4993413503083841,0.0,0.0,UNKNOWN,2.093524217605591,-2.093334436416626,5.0
114.7116858959198,0.015022961344922908,1.4993566964969671,0.0,0.0,UNKNOWN,2.103628635406494,-1.7530238628387451,5.0
114.73251581192017,0.01511533041441268,1.4993737669808747,0.0,0.0,UNKNOWN,2.0999951362609863,-2.4499943256378174,5.0
114.74041819572449,0.014994805236611716,1.4993500978020924,0.0,0.0,UNKNOWN,2.4459917545318604,-2.103820323944092,5.0
114.75991368293762,0.014994886107210535,1.4993501151386812,0.0,0.0,UNKNOWN,2.4459917545318604,-2.103820323944092,5.0
114.76755595207214,0.01499483889455227,1.4993501040441028,0.0,0.0,UNKNOWN,2.0978972911834717,-2.0977067947387695,5.0
114.76867032051086,0.014994605194011223,1.4993500462708291,0.0,0.0,UNKNOWN,2.102862596511841,-2.1019058227539062,5.0
114.7888195514679,0.014992887371756691,1.499349600698418,0.0,0.0,UNKNOWN,2.4475467205047607,-2.0984690189361572,5.0
114.78981924057007,0.01511403974888572,1.4993833093773412,0.0,0.0,UNKNOWN,2.1030540466308594,-2.102862596511841,5.0
114.83581900596619,0.014988984536435627,1.499346491303085,0.0,0.0,UNKNOWN,2.4535632133483887,-2.0975160598754883,5.0
114.8370201587677,0.015082126194808467,1.4993757782132526,0.0,0.0,UNKNOWN,1.9219204187393188,-2.1030540466308594,5.0
114.83795762062073,0.015166286743662792,1.4994033189371656,0.0,0.0,UNKNOWN,2.100950241088867,-2.306304454803467,5.0
114.872554063797,0.014907664007704808,1.499315109122873,0.0,1.2,UNKNOWN,2.4486584663391113,-1.7492008209228516,5.0
114.87379789352417,0.01490760067107576,1.4993150862590217,0.0,1.2,UNKNOWN,2.102862596511841,-2.1026711463928223,5.0
114.88834857940674,0.01482368297978129,1.4992832671174579,0.0,1.2,UNKNOWN,2.097135305404663,-1.7476128339767456,5.0
114.88940143585205,0.014946436678658392,1.499331316354816,0.0,1.2,UNKNOWN,1.7733722925186157,-2.1270668506622314,5.0
114.93812537193298,0.014946541469298346,1.4993313592839037,0.0,1.2,UNKNOWN,2.2817015647888184,-2.2821521759033203,5.0
114.9393618106842,0.015071653568165892,1.499384434371851,0.0,1.2,UNKNOWN,2.094473123550415,-2.094663143157959,5.0
114.96345973014832,0.015071580954541046,1.4993844019166065,0.0,1.2,UNKNOWN,2.447324514389038,-2.4471020698547363,5.0
114.97943782806396,0.015146447634799005,1.4994234961262787,0.0,1.2,UNKNOWN,1.748247742652893,-2.4475467205047607,5.0
114.99478936195374,0.015027275737863999,1.4993629938651707,0.0,1.2,UNKNOWN,2.4475467205047607,-2.0977067947387695,5.0
115.03562903404236,0.015139964884876256,1.4994224749556162,0.0,1.2,UNKNOWN,1.7525451183319092,-2.102862596511841,5.0
115.0367112159729,0.015139964884876256,1.4994224749556162,0.0,1.2,UNKNOWN,2.0973258018493652,-2.0973258018493652,5.0
115.04379081726074,0.015022928584349265,1.4993557511112994,0.0,1.2,UNKNOWN,2.446213722229004,-2.103245735168457,5.0
115.04497265815735,0.015022870251107646,1.4993557163447038,0.0,1.2,UNKNOWN,1.923072338104248,-2.446213722229004,5.0
115.05246162414551,0.015022870251107646,1.4993557163447038,0.0,1.2,UNKNOWN,2.4571423530578613,-2.4571423530578613,5.0
115.08437085151672,0.015022870251107646,1.4993557163447038,0.0,1.2,UNKNOWN,2.1030540466308594,-2.0977067947387695,5.0
115.08561754226685,0.015022810992815154,1.4993556772927417,0.0,1.2,UNKNOWN,2.0977067947387695,-2.102862596511841,5.0
115.09180450439453,0.015022769270203625,1.4993556487756956,0.0,1.2,UNKNOWN,2.1030540466308594,-2.102862596511841,5.0
115.10782384872437,0.01516876888859606,1.499458030655138,0.0,1.2,UNKNOWN,2.1030540466308594,-2.102862596511841,5.0
115.11732029914856,0.0150576103314142,1.4993781467030811,0.0,1.2,UNKNOWN,2.691226005554199,-2.306765079498291,5.0
115.11858606338501,0.015057552463625683,1.4993781034043807,0.0,1.2,UNKNOWN,2.1061220169067383,-2.1059300899505615,5.0
115.16195726394653,0.014952536570617604,1.499296681167558,0.0,1.2,UNKNOWN,2.0977067947387695,-2.447324514389038,5.0
115.16297483444214,0.014760284488740599,1.4991418088104291,0.0,1.2,UNKNOWN,2.4533398151397705,-2.101714849472046,5.0
115.18757557868958,0.014902027102493278,1.49925978622812,0.0,1.2,UNKNOWN,1.8248131275177002,-2.5544965267181396,5.0
115.21852731704712,0.014768070856796706,1.4991455489752359,0.0,1.2,UNKNOWN,2.4475467205047607,-1.748724102973938,5.0
115.22000050544739,0.014866154235311102,1.4992311493568447,0.0,1.2,UNKNOWN,2.1030540466308594,-2.4533398151397705,5.0
115.22116494178772,0.014996308131780213,1.4993490048189395,0.0,1.2,UNKNOWN,2.0973258018493652,-2.7964344024658203,5.0
115.22207450866699,0.01486778055399799,1.499229475845172,0.0,1.2,UNKNOWN,2.453786611557007,-1.7527047395706177,5.0
115.23267412185669,0.01486778055399799,1.499229475845172,0.0,1.2,UNKNOWN,2.447324514389038,-2.447324514389038,5.0
115.2380256652832,0.015012951548456213,1.4993735226401288,0.0,1.2,UNKNOWN,1.7523854970932007,-2.4531164169311523,5.0
115.26062512397766,0.015012951548456213,1.4993735226401288,0.0,1.2,UNKNOWN,2.306534767150879,-1.537536382675171,5.0
115.26166486740112,0.01517460464064447,1.4995437533552707,0.0,1.2,UNKNOWN,2.450662612915039,-2.450662612915039,5.0
115.28654670715332,0.015001812879432164,1.4993571059038207,0.0,1.2,UNKNOWN,2.447324514389038,-1.7476128339767456,5.0
115.29073357582092,0.015144800379027755,1.4995167598348285,0.0,1.2,UNKNOWN,2.447324514389038,-1.7476128339767456,5.0
115.3101155757904,0.015044980097507923,1.4994049995415102,0.0,1.2,UNKNOWN,2.4535632133483887,-2.447324514389038,5.0
115.33177638053894,0.015044947875231758,1.4994049596001737,0.0,1.2,UNKNOWN,2.106313943862915,-2.1061220169067383,5.0
115.33284950256348,0.01512343620705242,1.4995047118130074,0.0,1.2,UNKNOWN,1.7479301691055298,-2.0975160598754883,5.0
115.37781834602356,0.015307233835263952,1.4997457013585596,0.0,1.2,UNKNOWN,1.537536382675171,-1.7525451183319092,5.0
115.39747381210327,0.015307233835263952,1.4997457013585596,0.0,1.2,UNKNOWN,2.100950241088867,-2.100950241088867,5.0
115.40156555175781,0.015308313102361531,1.4997472211466614,0.0,1.2,UNKNOWN,2.100950241088867,-2.100950241088867,5.0
115.42711591720581,0.015194962083601255,1.4995732032408091,0.0,1.2,UNKNOWN,2.4531164169311523,-1.7480889558792114,5.0
115.48036479949951,0.015057258497411746,1.499342284101487,0.0,1.2,UNKNOWN,2.4475467205047607,-2.1030540466308594,5.0
115.48701572418213,0.015120147338362004,1.4994520515621896,0.0,1.2,UNKNOWN,2.1030540466308594,-1.748247742652893,5.0
115.4989914894104,0.015183987020378929,1.499568221994549,0.0,1.2,UNKNOWN,2.0977067947387695,-2.4471020698547363,5.0
115.50740122795105,0.015123044315660819,1.4994522529520702,0.0,1.2,UNKNOWN,2.4535632133483887,-1.7523854970932007,5.0
115.52841520309448,0.015209998578093168,1.4996253877179264,0.0,1.2,UNKNOWN,2.4459917545318604,-2.096564531326294,5.0
115.52942490577698,0.015090654412069021,1.4993814227189128,0.0,1.2,UNKNOWN,1.4028023481369019,-2.1040120124816895,5.0
115.55934524536133,0.015090654412069021,1.4993814227189128,0.0,1.2,UNKNOWN,1.539380669593811,-1.924033522605896,5.0
115.58575081825256,0.01503745475671925,1.4992633748967217,0.0,1.2,UNKNOWN,2.0977067947387695,-1.924033522605896,5.0
115.59330224990845,0.015136832979730008,1.499499177417488,0.0,0.7776553388940477,UNKNOWN,1.4020360708236694,-2.102862596511841,5.0
115.62053656578064,0.015072744033688459,1.499334335664254,0.0,0.7776553388940477,UNKNOWN,2.1026711463928223,-1.7479301691055298,5.0
115.62161374092102,0.015165897563590741,1.4995808882716146,0.0,0.7776553388940477,UNKNOWN,1.748247742652893,-1.748247742652893,5.0
115.64282631874084,0.015121288930530441,1.49945862356607,0.0,0.7776553388940477,UNKNOWN,1.748247742652893,-1.3984711170196533,5.0
115.67035508155823,0.015057327232872331,1.4992761756536797,0.0,0.7776553388940477,UNKNOWN,1.9244182109832764,-1.1545355319976807,5.0
115.67141723632812,0.015137108639168341,1.4995099905225426,0.0,0.7776553388940477,UNKNOWN,1.0520060062408447,-1.4025468826293945,5.0
115.67824912071228,0.01509741375649684,1.4993900780327374,0.0,0.7776553388940477,UNKNOWN,0.7687681913375854,-1.5373828411102295,5.0
115.70796966552734,0.015097325254562045,1.499389801860346,0.0,0.7776553388940477,UNKNOWN,1.4155679941177368,-1.4147876501083374,5.0
115.70910620689392,0.015097382817801265,1.499389988775439,0.0,0.7776553388940477,UNKNOWN,1.1431089639663696,-1.142995834350586,5.0
115.71004462242126,0.015133265867866239,1.4995115168288717,0.0,0.7776553388940477,UNKNOWN,1.3985981941223145,-1.3991063833236694,5.0
115.74124550819397,0.015109035450153432,1.499426457889366,0.0,0.7776553388940477,UNKNOWN,1.7480889558792114,-1.4019083976745605,5.0
115.76450324058533,0.015062125522978633,1.4992562385493786,0.0,0.7776553388940477,UNKNOWN,1.0515270233154297,-0.3504451811313629,5.0
115.76799964904785,0.015024786319481762,1.4991187003784086,0.0,0.7776553388940477,UNKNOWN,0.7696133852005005,-0.38484516739845276,5.0
115.76904892921448,0.015024775935282977,1.499118661416991,0.0,0.7776553388940477,UNKNOWN,1.7490417957305908,-1.7488830089569092,5.0
115.77600502967834,0.01502477990933072,1.499118676924481,0.0,0.7776553388940477,UNKNOWN,0.6998710632324219,-0.699934720993042,5.0
115.80504775047302,0.014958855479248155,1.4988572947374146,0.0,0.7776553388940477,UNKNOWN,0.0,-0.3497130572795868,5.0
115.80849099159241,0.014928337479411727,1.4987332592822666,0.0,0.7776553388940477,UNKNOWN,1.0532530546188354,-1.0527729988098145,5.0
115.8333740234375,0.014928335645320886,1.498733251504807,0.0,0.7776553388940477,UNKNOWN,0.35050901770591736,-0.35047709941864014,5.0
115.83675122261047,0.014948254937170351,1.4988184424010025,0.0,0.7776553388940477,UNKNOWN,0.35050901770591736,-0.35047709941864014,5.0
115.83780145645142,0.014927990868483641,1.4987306541229959,0.0,0.7776553388940477,UNKNOWN,0.34961777925491333,-0.6992355585098267,5.0
115.84671521186829,0.014908186801043508,1.4986421099338938,0.0,0.7776553388940477,UNKNOWN,1.4020360708236694,-1.0513355731964111,5.0
115.86588048934937,0.014934673107590703,1.4987644661403994,0.0,0.7776553388940477,UNKNOWN,0.35041332244873047,-0.7008903622627258,5.0
115.88179183006287,0.014906528279865718,1.4986318467633188,0.0,0.7776553388940477,UNKNOWN,1.049043893814087,-0.6993626356124878,5.0
115.88284635543823,0.014906522735875623,1.4986318196634172,0.0,0.7776553388940477,UNKNOWN,1.4020360708236694,-1.4020360708236694,5.0
115.89751148223877,0.014889846315727184,1.498549041175761,0.0,0.7776553388940477,UNKNOWN,0.3843840956687927,-0.384307324886322,5.0
115.89857292175293,0.014854204625910403,1.4983692143046634,0.0,0.7776553388940477,UNKNOWN,0.7003167271614075,-0.7003803849220276,5.0
115.91697788238525,0.014902372457838892,1.498620049915153,0.0,0.7776553388940477,UNKNOWN,1.4020360708236694,-0.7008903622627258,5.0
115.93346428871155,0.014879532631504756,1.4984955507234057,0.0,0.7776553388940477,UNKNOWN,0.7010180354118347,-0.3504451811313629,5.0
115.97284078598022,0.014833641553042549,1.4982394827673482,0.0,0.7776553388940477,UNKNOWN,1.7735354900360107,-0.34958603978157043,5.0
115.97394299507141,0.014867252572000248,1.498433301875247,0.0,0.7776553388940477,UNKNOWN,0.38024601340293884,-0.35447850823402405,5.0
115.99628973007202,0.014757980428716089,1.4977720506590673,0.0,0.7776553388940477,UNKNOWN,0.0,-0.34920552372932434,5.0
116.01282334327698,0.014660065069208968,1.497143685878263,0.0,0.7776553388940477,UNKNOWN,0.35047709941864014,0.0,5.0
116.04830861091614,0.01450984133485376,1.4961154076483163,0.0,0.7776553388940477,UNKNOWN,0.34961777925491333,0.0,5.0
116.04944133758545,0.014485693615895209,1.4959395659330295,0.0,0.7776553388940477,UNKNOWN,1.7525451183319092,0.0,5.0
116.06729912757874,0.014449668422878181,1.4956734458534888,0.0,0.7776553388940477,UNKNOWN,0.6992355585098267,0.0,5.0
116.08744049072266,0.01438976579197643,1.4952210660585394,0.0,0.7776553388940477,UNKNOWN,1.0515270233154297,0.0,5.0
116.08854866027832,0.014337888158733818,1.4948138637134325,0.0,0.7776553388940477,UNKNOWN,1.7480889558792114,0.0,5.0
116.12855815887451,0.01430559987050702,1.4945511284364914,0.060000000000000005,0.21969287460810216,UNKNOWN,1.0530610084533691,0.0,5.0
116.12960696220398,0.014226597499720538,1.4938927144348224,0.060000000000000005,0.21969287460810216,UNKNOWN,1.748247742652893,0.0,5.0
116.15907549858093,0.014182254334661724,1.4934993319106518,0.060000000000000005,0.21969287460810216,UNKNOWN,1.748247742652893,0.0,5.0
116.1602554321289,0.014123189519847227,1.49295440693994,0.060000000000000005,0.21969287460810216,UNKNOWN,1.7525451183319092,0.7009541988372803,5.0
116.17646288871765,0.014059655167214961,1.492333950062984,0.060000000000000005,0.21969287460810216,UNKNOWN,1.3984711170196533,0.34958603978157043,5.0
116.17765998840332,0.014007567412958187,1.4918041330560303,0.07,0.17715366546433708,UNKNOWN,1.7525451183319092,0.35047709941864014,5.0
116.21634912490845,0.013958351706042356,1.491283001187611,0.07,0.17715366546433708,UNKNOWN,1.3984711170196533,0.0,5.0
116.21746325492859,0.013895156554749691,1.490570811672526,0.07,0.17715366546433708,UNKNOWN,1.4017807245254517,0.0,5.0
116.23936605453491,0.013840763066811904,1.4899468595319534,0.08,0.15526827571493973,UNKNOWN,1.8458102941513062,0.0,5.0
116.24047207832336,0.013774717094563044,1.489124954577131,0.08,0.15526827571493973,UNKNOWN,1.8237758874893188,0.36468610167503357,5.0
116.25675439834595,0.013728611406559399,1.4885050744612571,0.08,0.15526827571493973,UNKNOWN,1.3987252712249756,1.0493297576904297,5.0
116.2577965259552,0.013652768879749717,1.4874719955012135,0.08,0.15526827571493973,UNKNOWN,2.3058440685272217,1.5370759963989258,5.0
116.2811906337738,0.013592126200023964,1.4865773878894106,0.09,0.11701022640880598,UNKNOWN,1.7480889558792114,1.7479301691055298,5.0
116.31678748130798,0.013454285761335973,1.4844874932932217,0.09,0.11701022640880598,UNKNOWN,1.7480889558792114,1.7479301691055298,5.0
116.32610964775085,0.013393473187402938,1.4835066903631984,0.09,0.11701022640880598,UNKNOWN,1.7480889558792114,1.7479301691055298,5.0
116.34045243263245,0.013355060235050368,1.4828715502385332,0.09,0.11701022640880598,UNKNOWN,2.1061220169067383,0.35102033615112305,5.0
116.34161829948425,0.01330701289151706,1.4820066026336536,0.09999999999999999,0.10275581294414948,UNKNOWN,1.7480889558792114,1.3983441591262817,5.0
116.36078810691833,0.013238767269263018,1.4807545106045803,0.09999999999999999,0.10275581294414948,UNKNOWN,2.1030540466308594,1.4019083976745605,5.0
116.36185622215271,0.013197539270922405,1.479958384729696,0.09999999999999999,0.10275581294414948,UNKNOWN,2.0973258018493652,1.0486629009246826,5.0
116.36278533935547,0.013135346355584682,1.478686694950898,0.09999999999999999,0.10275581294414948,UNKNOWN,2.453786611557007,1.7527047395706177,5.0
116.40144348144531,0.013085024501042828,1.4775962174363064,0.10999999999999999,0.07989904702482464,UNKNOWN,2.1030540466308594,1.3984711170196533,5.0
116.40246057510376,0.013012552810128404,1.4760257333583013,0.10999999999999999,0.07989904702482464,UNKNOWN,2.447324514389038,2.102862596511841,5.0
116.404301404953,0.012959464203998808,1.474799865358804,0.10999999999999999,0.07989904702482464,UNKNOWN,2.098087787628174,1.4016532897949219,5.0
116.42439413070679,0.012914724149767336,1.4736992291248874,0.10999999999999999,0.07989904702482464,UNKNOWN,2.098087787628174,1.4016532897949219,5.0
116.43194532394409,0.01286692071886205,1.4725232317090666,0.10999999999999999,0.07989904702482464,UNKNOWN,2.6909573078155518,1.9219204187393188,5.0
116.43317341804504,0.012822537038513925,1.4713711467252222,0.11999999999999998,0.06367970952704427,UNKNOWN,2.1051623821258545,1.754301905632019,5.0
116.47361278533936,0.012679241483850641,1.4674464196172015,0.11999999999999998,0.06367970952704427,UNKNOWN,2.7977044582366943,1.3988522291183472,5.0
116.47485518455505,0.012634162686883664,1.4661127588223082,0.12999999999999998,0.05471904316609155,UNKNOWN,1.9209614992141724,2.303774356842041,5.0
116.51087617874146,0.012579941364688003,1.4645684114623183,0.12999999999999998,0.05471904316609155,UNKNOWN,2.1070823669433594,2.303774356842041,5.0
116.51203775405884,0.012511014642490517,1.4626051780532403,0.13999999999999999,0.0530101030056227,UNKNOWN,2.7977044582366943,2.1068904399871826,5.0
116.52916693687439,0.012458154263171883,1.4610361253477784,0.13999999999999999,0.0530101030056227,UNKNOWN,2.306304454803467,1.9221123456954956,5.0
116.53023648262024,0.012414724611403489,1.4596850953491025,0.13999999999999999,0.0530101030056227,UNKNOWN,3.1508519649505615,2.1005680561065674,5.0
116.54891610145569,0.012357386386177062,1.4577228135181286,0.13999999999999999,0.0530101030056227,UNKNOWN,2.8043274879455566,2.454009771347046,5.0
116.59006524085999,0.01224118666413621,1.4535437384126897,0.15,0.038641968777131996,UNKNOWN,2.447324514389038,2.7964344024658203,5.0
116.5912013053894,0.01219955150719351,1.4520462412462065,0.15,0.038641968777131996,UNKNOWN,3.5041332244873047,2.4528932571411133,5.0
116.60699915885925,0.012164574362707794,1.4506439671590803,0.15,0.038641968777131996,UNKNOWN,2.797450542449951,2.797450542449951,5.0
116.62230014801025,0.012108356611358102,1.448390132630468,0.16,0.03310509283046459,UNKNOWN,3.154581069946289,2.804072141647339,5.0
116.62327933311462,0.012056038045339992,1.446164624168867,0.16,0.03310509283046459,UNKNOWN,3.1462743282318115,2.7964344024658203,5.0
116.64802932739258,0.012002805578252836,1.4440289251255016,0.16,0.03310509283046459,UNKNOWN,2.804072141647339,3.154581069946289,5.0
116.66640996932983,0.011958043843194184,1.4423374745043194,0.16,0.03310509283046459,UNKNOWN,3.8517417907714844,2.8015215396881104,5.0
116.667644739151,0.01191833729846822,1.440653156308158,0.17,0.030558677924297672,UNKNOWN,3.5050902366638184,3.1540067195892334,5.0
116.68173503875732,0.011871670816509432,1.4385894968850357,0.17,0.030558677924297672,UNKNOWN,2.7969422340393066,2.7969422340393066,5.0
116.70072484016418,0.011839876193055762,1.4371834925851459,0.17,0.030558677924297672,UNKNOWN,2.7969422340393066,2.7969422340393066,5.0
116.70195865631104,0.011798214366420161,1.4353410898743393,0.18000000000000002,0.03067603006528108,UNKNOWN,3.4968130588531494,3.846494436264038,5.0
116.71853232383728,0.011741613077112894,1.43293886085165,0.18000000000000002,0.03067603006528108,UNKNOWN,3.5105233192443848,2.8079066276550293,5.0
116.71965146064758,0.011690176575614511,1.4304506245663948,0.18000000000000002,0.03067603006528108,UNKNOWN,3.5389199256896973,3.1847352981567383,5.0
116.74933671951294,0.011643808237918284,1.4280423789081567,0.18000000000000002,0.03067603006528108,UNKNOWN,3.4198498725891113,3.0398666858673096,5.0
116.77244257926941,0.011592714313576585,1.4251592523427559,0.18000000000000002,0.03067603006528108,UNKNOWN,3.8471930027008057,3.850691080093384,5.0
116.77360486984253,0.011562533942353952,1.4234575958452338,0.19000000000000003,0.019132694984091092,UNKNOWN,3.5047709941864014,3.154581069946289,5.0
116.78399562835693,0.01153056760592803,1.4215512118276095,0.19000000000000003,0.019132694984091092,UNKNOWN,3.5047709941864014,3.154581069946289,5.0
116.78511095046997,0.011490504607274467,1.4190132188806062,0.19000000000000003,0.019132694984091092,UNKNOWN,3.846144914627075,3.496177911758423,5.0
116.80364465713501,0.011444872642231457,1.4161222026983213,0.19000000000000003,0.019132694984091092,UNKNOWN,3.5050902366638184,3.5047709941864014,5.0
116.84470534324646,0.011360475163351105,1.4105188336698589,0.20000000000000004,0.01537078381617274,UNKNOWN,3.8468434810638428,3.853494167327881,5.0
116.8762719631195,0.011337875506560268,1.40856496648507,0.20000000000000004,0.01537078381617274,UNKNOWN,3.8468434810638428,3.853494167327881,5.0
116.87750124931335,0.01130589677761694,1.4058039263048878,0.21000000000000005,0.00706509665102617,UNKNOWN,3.5105233192443848,3.8615756034851074,5.0
116.91077756881714,0.011242709067531224,1.4007202353496326,0.21000000000000005,0.00706509665102617,UNKNOWN,4.205725193023682,4.195032119750977,5.0
116.91202211380005,0.011221979471263202,1.3987655035598054,0.22000000000000006,0.003158633156581825,UNKNOWN,3.8555991649627686,3.5063672065734863,5.0
116.92749762535095,0.011193379452789629,1.3957870217340271,0.22000000000000006,0.003158633156581825,UNKNOWN,4.195413589477539,4.195032119750977,5.0
116.92862391471863,0.01116210817542702,1.3925298512602367,0.22000000000000006,0.003158633156581825,UNKNOWN,4.206108093261719,4.556202411651611,5.0
116.95001339912415,0.011128302480393489,1.3894588034933428,0.22000000000000006,0.003158633156581825,UNKNOWN,4.1946516036987305,4.1946516036987305,5.0
116.95124125480652,0.01110884286463116,1.3874241574568744,0.22000000000000006,0.003158633156581825,UNKNOWN,4.206491470336914,3.855950355529785,5.0
116.97382497787476,0.01108799091171504,1.3850100664863285,0.22000000000000006,0.003158633156581825,UNKNOWN,4.195032119750977,4.195032119750977,5.0
116.99267554283142,0.011058669926542716,1.3820092939447548,0.23000000000000007,0.00126149141208165,UNKNOWN,4.562848091125488,4.211860179901123,5.0
117.01227474212646,0.011029525703204684,1.3785697761013478,0.23000000000000007,0.00126149141208165,UNKNOWN,4.545444011688232,4.195413589477539,5.0
117.01350927352905,0.011006079053707513,1.3752126574592076,0.24000000000000007,-0.002032971846611442,UNKNOWN,4.206108093261719,4.205725193023682,5.0
117.0306875705719,0.010986451435357151,1.3728531695650519,0.24000000000000007,-0.002032971846611442,UNKNOWN,4.543793201446533,4.890651702880859,5.0
117.0316550731659,0.010964158082616944,1.3704447701063058,0.24000000000000007,-0.002032971846611442,UNKNOWN,4.5574469566345215,4.907573223114014,5.0
117.04653191566467,0.010932548854177654,1.367351822557381,0.24000000000000007,-0.002032971846611442,UNKNOWN,4.895538330078125,3.8475427627563477,5.0
117.04759049415588,0.010907737958270745,1.3649244505073717,0.24000000000000007,-0.002032971846611442,UNKNOWN,4.206108093261719,4.206491470336914,5.0
117.07258868217468,0.010878718906505309,1.3623492218565463,0.24000000000000007,-0.002032971846611442,UNKNOWN,4.612608909606934,4.99599552154541,5.0
117.07377862930298,0.010851758692901755,1.3601445615085428,0.25000000000000006,0.00655353624913424,UNKNOWN,4.902216911315918,5.25237512588501,5.0
117.09462833404541,0.01082696845941685,1.3579459040075206,0.25000000000000006,0.00655353624913424,UNKNOWN,4.554958343505859,4.2045769691467285,5.0
117.11796808242798,0.010786885546232541,1.3543987508643476,0.25000000000000006,0.00655353624913424,UNKNOWN,4.907573223114014,4.906679630279541,5.0
117.13755893707275,0.010742189807494478,1.3504421611403084,0.26000000000000006,0.006663767685982425,UNKNOWN,5.244266510009766,5.2447428703308105,5.0
117.1386489868164,0.010704031725459699,1.347064883647109,0.26000000000000006,0.006663767685982425,UNKNOWN,4.99749231338501,4.612148284912109,5.0
117.15953063964844,0.010674633517634292,1.3444629209609698,0.26000000000000006,0.006663767685982425,UNKNOWN,4.5632643699646,4.5632643699646,5.0
117.16653084754944,0.01063871922586964,1.3415349888828196,0.26000000000000006,0.006663767685982425,UNKNOWN,4.8950934410095215,5.243790149688721,5.0
117.19391083717346,0.010593828067410643,1.3378752128878275,0.2700000000000001,0.008670774408994664,UNKNOWN,4.894649028778076,4.544206142425537,5.0
117.19497728347778,0.010550997760111595,1.3339082778521019,0.2700000000000001,0.008670774408994664,UNKNOWN,4.896872520446777,4.896427631378174,5.0
117.21542263031006,0.010483330718567146,1.3279380922392285,0.2700000000000001,0.008670774408994664,UNKNOWN,5.605082035064697,4.896427631378174,5.0
117.22817420959473,0.010451679783507795,1.3253215446215163,0.2800000000000001,0.008403161569767725,UNKNOWN,5.958653450012207,5.610187530517578,5.0
117.25579953193665,0.01040536104934508,1.3214899854656004,0.2800000000000001,0.008403161569767725,UNKNOWN,5.593884468078613,5.243314743041992,5.0
117.26196503639221,0.010369716728767827,1.3181737757916387,0.2800000000000001,0.008403161569767725,UNKNOWN,4.556617259979248,4.907126426696777,5.0
117.31796312332153,0.010170084321928797,1.3013549156374196,0.2900000000000001,0.008431399381862104,UNKNOWN,5.958653450012207,5.592868804931641,5.0
117.31928062438965,0.010136889780534416,1.2987664658068074,0.3,0.010017120470370067,UNKNOWN,4.907126426696777,5.2571563720703125,5.0
117.33694410324097,0.0100862323343605,1.29509244598305,0.3,0.010017120470370067,UNKNOWN,6.29311990737915,5.593884468078613,5.0
117.33798336982727,0.010046108739827768,1.29158850857601,0.3,0.010017120470370067,UNKNOWN,5.957568168640137,5.957568168640137,5.0
117.35637354850769,0.010007504185104236,1.2882172267914838,0.3,0.010017120470370067,UNKNOWN,5.957568168640137,5.957568168640137,5.0
117.37932896614075,0.009960811393815116,1.2841396106172,0.3,0.007364333370694975,UNKNOWN,5.608144283294678,5.958653450012207,5.0
117.38323926925659,0.009906753802778369,1.279912105742188,0.3,0.007364333370694975,UNKNOWN,5.7663373947143555,5.765761375427246,5.0
117.39932107925415,0.00986963388540693,1.2770086715445685,0.3,0.007364333370694975,UNKNOWN,5.7663373947143555,5.765761375427246,5.0
117.42218017578125,0.009832599030578097,1.2741115353737646,0.3,0.007364333370694975,UNKNOWN,5.615813255310059,5.966801643371582,5.0
117.4233500957489,0.009771210924815775,1.2696412924819958,0.3,0.012029361645251146,UNKNOWN,6.643341064453125,5.943502426147461,5.0
117.44344186782837,0.009707974408159518,1.2650357112423491,0.3,0.012029361645251146,UNKNOWN,5.590838432312012,5.940265655517578,5.0
117.52746820449829,0.009410464900759025,1.2419369023776687,0.3,0.008791698715139962,UNKNOWN,5.967345714569092,5.615813255310059,5.0
117.53556060791016,0.009371913822989724,1.2379259529853885,0.3,0.007035422950076864,UNKNOWN,5.967345714569092,5.615813255310059,5.0
117.55671501159668,0.009337840981177199,1.2348073423596384,0.3,0.007035422950076864,UNKNOWN,5.593884468078613,5.943502426147461,5.0
117.55782461166382,0.009297486302476374,1.2302301507128952,0.3,0.007035422950076864,UNKNOWN,6.527360916137695,5.758861541748047,5.0
117.57419347763062,0.009255348273208612,1.2254421033326999,0.3,0.007035422950076864,UNKNOWN,5.246649265289307,5.948904037475586,5.0
117.57537770271301,0.009221008713498303,1.2220785353605537,0.3,0.0024861395063480174,UNKNOWN,6.309736728668213,6.6627044677734375,5.0
117.62849044799805,0.009121734336541227,1.2132709614097088,0.3,0.0024861395063480174,UNKNOWN,5.605592250823975,5.585768699645996,5.0
117.65618538856506,0.00907683666413678,1.2100935915159925,0.3,0.0024861395063480174,UNKNOWN,6.309162139892578,5.958110809326172,5.0
117.69840216636658,0.008784550154740757,1.187955704800368,0.3,0.0024861395063480174,UNKNOWN,5.609676361083984,5.609676361083984,5.0
117.71403288841248,0.008736339748221793,1.1833428250632692,0.3,0.0024861395063480174,UNKNOWN,5.941344261169434,6.290263652801514,5.0
117.71512937545776,0.008698804315684192,1.1801817015992646,0.3,0.0024861395063480174,UNKNOWN,6.301130771636963,6.301130771636963,5.0
117.73554921150208,0.008642307195791652,1.175423680730261,0.3,0.0024861395063480174,UNKNOWN,5.60253381729126,5.25189733505249,5.0
117.75019788742065,0.008595356239388207,1.1709150157243873,0.3,0.0024861395063480174,UNKNOWN,6.283989429473877,6.283989429473877,5.0
117.75121974945068,0.008551696406958364,1.1667223948766403,0.3,0.0024861395063480174,UNKNOWN,5.616325378417969,5.615301132202148,5.0
117.77061223983765,0.00852014019275853,1.1636908718930312,0.3,0.0024861395063480174,UNKNOWN,5.594392776489258,6.29311990737915,5.0
117.79381251335144,0.008468946394690084,1.1595409430906787,0.3,0.0024861395063480174,UNKNOWN,6.659671306610107,5.958653450012207,5.0
117.79486083984375,0.008431150962169549,1.156476621458687,0.3,0.0024861395063480174,UNKNOWN,5.592868804931641,5.592360973358154,5.0
117.80864119529724,0.008389079486220868,1.1533227549624032,0.3,0.0024861395063480174,UNKNOWN,5.608654975891113,5.959738254547119,5.0
117.8311460018158,0.008347593865721053,1.1497125951328138,0.3,0.0024861395063480174,UNKNOWN,6.642737865447998,6.641531944274902,5.0
117.83225154876709,0.008301190784273042,1.1456732626006252,0.3,0.0024861395063480174,UNKNOWN,5.60610294342041,5.252852916717529,5.0
117.8505871295929,0.008246041412043251,1.1408725759559857,0.3,0.0024861395063480174,UNKNOWN,6.539752960205078,5.947282791137695,5.0
117.87300181388855,0.008201272528244558,1.1363572253454965,0.3,0.0024861395063480174,UNKNOWN,5.261467456817627,5.961367130279541,5.0
117.8740222454071,0.008169854075420124,1.1331919259382648,0.3,0.0024861395063480174,UNKNOWN,5.940804481506348,5.943502426147461,5.0
117.89640688896179,0.00813216379851613,1.1289555192379297,0.3,0.0024861395063480174,UNKNOWN,6.31203556060791,6.309162139892578,5.0
117.89742040634155,0.008106739300896323,1.1261011295136822,0.3,0.0024861395063480174,UNKNOWN,5.943502426147461,5.946202278137207,5.0
117.91203570365906,0.008076332913487246,1.1226868880197667,0.3,0.0024861395063480174,UNKNOWN,5.608144283294678,5.607633590698242,5.0
117.93709135055542,0.008041618699885445,1.1182962295707821,0.3,0.0024861395063480174,UNKNOWN,6.147690296173096,6.147690296173096,5.0
117.96073651313782,0.008019865861542177,1.1155449276240685,0.3,0.005373565191672203,UNKNOWN,6.147690296173096,6.147690296173096,5.0
117.96171402931213,0.007991720867891237,1.1123704250906112,0.3,0.005373565191672203,UNKNOWN,5.267706394195557,5.618886470794678,5.0
117.96258807182312,0.00795372611351079,1.1080819440896037,0.3,0.005373565191672203,UNKNOWN,6.291977405548096,6.289693355560303,5.0
117.96350169181824,0.00793735720117176,1.1052489023612668,0.3,0.005373565191672203,UNKNOWN,6.151373386383057,5.3846025466918945,5.0
118.01629090309143,0.00788420261371335,1.0978060180566176,0.3,0.005373565191672203,UNKNOWN,6.29311990737915,6.292548656463623,5.0
118.01739978790283,0.007856020751716743,1.093326059058645,0.3,0.005373565191672203,UNKNOWN,5.594392776489258,5.593884468078613,5.0
118.02379369735718,0.007832756192628354,1.0902937864209734,0.3,0.005373565191672203,UNKNOWN,5.946202278137207,5.946202278137207,5.0
118.04345917701721,0.007800599627479934,1.0861025411774852,0.3,0.005373565191672203,UNKNOWN,5.946202278137207,5.946202278137207,5.0
118.07049942016602,0.007777117325324566,1.0812489635430012,0.3,0.005373565191672203,UNKNOWN,5.967889308929443,6.318942070007324,5.0
118.08865571022034,0.007752944163391665,1.077434588067241,0.3,0.0009737164006904386,UNKNOWN,5.593884468078613,5.243790149688721,5.0
118.10832214355469,0.007737526184072189,1.0743542161639228,0.3,-0.0017105868216424902,UNKNOWN,5.958110809326172,6.308013439178467,5.0
118.11191439628601,0.007708861207290921,1.0695407996806958,0.3,-0.0017105868216424902,UNKNOWN,5.958110809326172,6.308013439178467,5.0
118.13760924339294,0.007695810880329561,1.0666614174302462,0.3,-0.0017105868216424902,UNKNOWN,5.6425628662109375,5.642045974731445,5.0
118.13868141174316,0.007673157220756813,1.0616616137489334,0.3,-0.0017105868216424902,UNKNOWN,5.595408916473389,5.946742057800293,5.0
118.13961386680603,0.007661245565046824,1.057778499440421,0.3,-0.0017105868216424902,UNKNOWN,6.659671306610107,6.308588027954102,5.0
118.14052510261536,0.007654389557698764,1.0542280886844868,0.3,-0.0017105868216424902,UNKNOWN,5.765761375427246,5.765185832977295,5.0
118.14855861663818,0.0076520461355426605,1.0508459658679383,0.3,-0.0017105868216424902,UNKNOWN,6.309162139892578,6.659064769744873,5.0
118.16473817825317,0.007645239229789878,1.0467928506567665,0.3,-0.0017105868216424902,UNKNOWN,6.309162139892578,6.659064769744873,5.0
118.17660546302795,0.00763646223617114,1.0438723008352777,0.3,-0.0017105868216424902,UNKNOWN,5.585261821746826,5.933803081512451,5.0
118.18851470947266,0.0076173109928328025,1.0390368780151078,0.3,-0.0017105868216424902,UNKNOWN,6.29311990737915,6.642134666442871,5.0
118.20703125,0.007602249087915982,1.0362326380834084,0.3,-0.0017105868216424902,UNKNOWN,5.608144283294678,5.607633590698242,5.0
118.21470499038696,0.007585780009871692,1.0331656210386546,0.3,-0.0017105868216424902,UNKNOWN,5.773831367492676,6.155061721801758,5.0
118.24097275733948,0.00755671713366816,1.0286453389919468,0.3,-0.0017105868216424902,UNKNOWN,6.294834613800049,5.9478230476379395,5.0
118.25284194946289,0.00752990766127058,1.0244755391444782,0.3,-0.0017105868216424902,UNKNOWN,5.592360973358154,5.592360973358154,5.0
118.27154612541199,0.007506125339273376,1.0207765658425887,0.3,-0.0017105868216424902,UNKNOWN,5.949985980987549,5.9494452476501465,5.0
118.27867603302002,0.007482632030072536,1.017121510918312,0.3,-0.0017105868216424902,UNKNOWN,5.949985980987549,5.9494452476501465,5.0
118.2797498703003,0.007461324923677869,1.0138065822514246,0.3,-0.0017105868216424902,UNKNOWN,5.953233242034912,5.953233242034912,5.0
118.29461121559143,0.007427604088285103,1.0093176760729223,0.3,-0.0017105868216424902,UNKNOWN,5.958110809326172,5.958110809326172,5.0
118.30545234680176,0.0073934620290300734,1.0047726967166406,0.3,-0.0017105868216424902,UNKNOWN,5.958110809326172,5.958110809326172,5.0
118.32647395133972,0.0073604981332113665,1.000384554077688,0.3,-0.0017105868216424902,UNKNOWN,6.309162139892578,6.308588027954102,5.0
118.33317160606384,0.0073292392738333574,0.9962221891973144,0.3,-0.0017105868216424902,UNKNOWN,5.6066131591796875,5.254286766052246,5.0
118.34290599822998,0.007295362475785679,0.9906227401965866,0.3,-0.0017105868216424902,UNKNOWN,5.6066131591796875,5.254286766052246,5.0
118.36303400993347,0.007273821168517907,0.9870686681165912,0.3,-0.0017105868216424902,UNKNOWN,5.957568168640137,5.954858303070068,5.0
118.39529752731323,0.007247764047328423,0.9827633288704779,0.3,-0.0017105868216424902,UNKNOWN,6.319518089294434,6.320094585418701,5.0
118.39651989936829,0.0072215632668479425,0.9784372706806829,0.3,-0.0017105868216424902,YELLOW,5.944042205810547,5.943502426147461,5.0
118.45065593719482,0.0071950919356613624,0.9740650082301565,0.3,-0.0017105868216424902,YELLOW,5.942962646484375,5.607633590698242,5.0
118.45175457000732,0.007174461866976118,0.9706563336814481,0.3,-0.0017105868216424902,YELLOW,6.309162139892578,6.292548656463623,5.0
118.45269632339478,0.007146115030156043,0.9666667228000011,0.3,-0.0017105868216424902,YELLOW,5.585261821746826,6.308588027954102,5.0
118.45361638069153,0.00712077685209821,0.9622306112817698,0.3,-0.0017105868216424902,YELLOW,6.318366050720215,5.235708713531494,5.0
118.48732209205627,0.007109593738771135,0.9602727144777182,0.3,-0.0017105868216424902,YELLOW,2.805349349975586,5.241886615753174,5.0
118.4884467124939,0.007102938098694684,0.9587247773634485,0.3,-0.0017105868216424902,YELLOW,2.447324514389038,2.4544570446014404,5.0
118.49481272697449,0.0070952343550513795,0.9563047038151324,0.3,-0.0017105868216424902,YELLOW,2.447324514389038,2.4471020698547363,5.0
118.51901865005493,0.0070808821715173335,0.9530643100767974,0.3,-0.0017105868216424902,YELLOW,4.1946516036987305,2.4471020698547363,5.0
118.52010703086853,0.007064559050665497,0.950265438605738,0.3,-0.0017105868216424902,YELLOW,3.5060477256774902,4.544618129730225,5.0
118.53803825378418,0.007057221013860528,0.9485345404470736,0.3,-0.0017105868216424902,YELLOW,2.7969422340393066,2.4471020698547363,5.0
118.56844663619995,0.007052398174599127,0.9468115218313005,0.3,-0.0017105868216424902,YELLOW,2.109199047088623,2.8125219345092773,5.0
118.56952023506165,0.0070431396527103505,0.9451161280670138,0.3,-0.0017105868216424902,YELLOW,2.792630910873413,2.7923779487609863,5.0
118.58043837547302,0.00703744024303034,0.9437092284428262,0.3,-0.0017105868216424902,YELLOW,2.447324514389038,2.7969422340393066,5.0
118.59775519371033,0.007027231004292939,0.9416936052238174,0.3,-0.0017105868216424902,YELLOW,2.8033065795898438,2.8045825958251953,5.0
118.62369585037231,0.007019293866613052,0.9401280983985749,0.12,-0.0015900056034343635,YELLOW,2.4477691650390625,2.4477691650390625,5.0
118.62820386886597,0.007013898054328237,0.9390638380442395,0.12,-0.0015900056034343635,YELLOW,2.4477691650390625,2.4477691650390625,5.0
118.62937450408936,0.007010299078117418,0.9383539824200642,0.12,-0.0019169676716618512,YELLOW,1.7525451183319092,1.7525451183319092,5.0
118.65645599365234,0.007002665526811838,0.937261391840488,0.12,-0.0019169676716618512,YELLOW,1.5209840536117554,1.7675104141235352,5.0
118.66358089447021,0.0069915309896118796,0.9359199356263851,0.12,-0.0019169676716618512,YELLOW,2.099231719970703,1.7496776580810547,5.0
118.68276381492615,0.006975280399934672,0.9344036031387978,0.12,-0.0019169676716618512,YELLOW,1.7504732608795166,2.450439691543579,5.0
118.69906902313232,0.006961588299569219,0.9331259126625836,0.12,-0.0019169676716618512,YELLOW,2.446213722229004,2.4459917545318604,5.0
118.70020580291748,0.006942333633105293,0.931329041299388,0.12,-0.0019169676716618512,YELLOW,2.4546806812286377,2.4544570446014404,5.0
118.730215549469,0.006930962719504026,0.9302678046975393,0.12,-0.0019169676716618512,YELLOW,2.0977067947387695,2.0977067947387695,5.0
118.74195837974548,0.006916905918916004,0.9289558968058782,0.12,-0.0019169676716618512,YELLOW,2.0977067947387695,2.0977067947387695,5.0
118.74289059638977,0.006904241104439411,0.927773830413115,0.12,-0.0019169676716618512,YELLOW,2.4535632133483887,2.4533398151397705,5.0
118.76334929466248,0.0068889408021598104,0.926201498938676,0.12,-0.0019169676716618512,YELLOW,2.4535632133483887,2.102862596511841,5.0
118.76446151733398,0.006878508067562893,0.9249628206369173,0.12,-0.0019169676716618512,YELLOW,2.0977067947387695,2.7969422340393066,5.0
118.76540732383728,0.0068604152232009255,0.9232123055555632,0.12,-0.0019169676716618512,YELLOW,2.803816795349121,2.4531164169311523,5.0
118.76684904098511,0.006846111388432901,0.9218282573881252,0.12,-0.0019169676716618512,YELLOW,2.80126690864563,2.451108455657959,5.0
118.78656220436096,0.006827018583001532,0.9199806917920597,0.12,-0.0019169676716618512,YELLOW,2.6786539554595947,2.6786539554595947,5.0
118.82490682601929,0.006811275128838392,0.918457234991559,0.12,-0.0019169676716618512,YELLOW,2.0977067947387695,2.114992380142212,5.0
118.82600522041321,0.006800408300930149,0.9174056777725947,0.12,-0.0019169676716618512,YELLOW,2.4535632133483887,2.0975160598754883,5.0
118.82810831069946,0.006782043070597107,0.9156284289943643,0.12,-0.0019169676716618512,YELLOW,2.447324514389038,2.803816795349121,5.0
118.829261302948,0.006763688037690717,0.9140479744473907,0.12,-0.0019169676716618512,YELLOW,2.4528932571411133,2.0977067947387695,5.0
118.87560391426086,0.006740421679580697,0.9122234920943884,0.12,-0.0019169676716618512,YELLOW,2.4528932571411133,2.803051471710205,5.0
118.87671542167664,0.0067192201762287275,0.9103695934940513,0.12,-0.0019169676716618512,YELLOW,2.797450542449951,2.4475467205047607,5.0
118.89051413536072,0.006700014003744109,0.9086903043096631,0.12,-0.0019169676716618512,YELLOW,2.4535632133483887,2.453786611557007,5.0
118.92006349563599,0.006687451615995179,0.9074792447551208,0.12,-0.0019169676716618512,YELLOW,2.358856678009033,2.3578248023986816,5.0
118.92117381095886,0.006670330347672977,0.9058282366861437,0.12,-0.0019169676716618512,YELLOW,2.5486984252929688,2.547975540161133,5.0
118.9221043586731,0.006648418434564778,0.9039628603287544,0.12,-0.0019169676716618512,YELLOW,2.103820323944092,2.4553513526916504,5.0
118.95668745040894,0.006625612226693219,0.9020213520380249,0.12,-0.0019169676716618512,YELLOW,2.7969422340393066,2.8035614490509033,5.0
118.97640419006348,0.006608052650832497,0.9003244534493708,0.12,-0.0019169676716618512,YELLOW,2.4533398151397705,2.4475467205047607,5.0
118.97752475738525,0.006598666124811479,0.8992739226230582,0.12,-0.0019169676716618512,YELLOW,2.0978972911834717,2.102479934692383,5.0
118.97848010063171,0.006587804455624976,0.8980582250458514,0.12,-0.0019169676716618512,YELLOW,2.0996131896972656,2.0977067947387695,5.0
118.97940373420715,0.006571667156823805,0.8964357689426637,0.12,-0.0019169676716618512,YELLOW,2.451108455657959,2.4497716426849365,5.0
119.01251006126404,0.006554175423450502,0.8944007133361738,0.12,-0.0019169676716618512,YELLOW,2.8099560737609863,2.1005680561065674,5.0
119.01364254951477,0.006545167624636499,0.8931367023204975,0.12,-0.0019169676716618512,YELLOW,2.447324514389038,2.4582629203796387,5.0
119.01457381248474,0.006532745038551279,0.8913935144475074,0.12,-0.0019169676716618512,YELLOW,2.4535632133483887,2.447324514389038,5.0
119.03326463699341,0.006523903467909914,0.8901525303941962,0.12,-0.0019169676716618512,YELLOW,2.4535632133483887,2.4531164169311523,5.0
119.0343770980835,0.006515629155599848,0.8889912647891358,0.12,-0.0019169676716618512,YELLOW,2.447324514389038,2.4475467205047607,5.0
119.05267262458801,0.006505298584810833,0.8873137723830798,0.12,-0.0019169676716618512,YELLOW,2.4533398151397705,2.102479934692383,5.0
119.08018255233765,0.006495069643524797,0.8859594154886163,0.12,-0.0019169676716618512,YELLOW,2.4535632133483887,2.804072141647339,5.0
119.09909653663635,0.0064809046997094805,0.8842985832161152,0.12,-0.0019169676716618512,YELLOW,2.4535632133483887,2.804072141647339,5.0
119.10021209716797,0.006467856178208363,0.8829816838997503,0.12,-0.0019169676716618512,YELLOW,2.0977067947387695,2.4468801021575928,5.0
119.12143206596375,0.006457534848649295,0.8818296560363351,0.12,-0.0019169676716618512,YELLOW,2.451554298400879,2.100950241088867,5.0
119.1225380897522,0.006442657187724069,0.8799699508442088,0.12,-0.0019169676716618512,YELLOW,2.102862596511841,2.8035614490509033,5.0
119.13947868347168,0.0064255882931437665,0.878399905681511,0.12,-0.0019169676716618512,YELLOW,2.1030540466308594,2.1030540466308594,5.0
119.15572237968445,0.006408651759689385,0.8768420354692474,0.12,-0.0019169676716618512,YELLOW,2.1030540466308594,2.1030540466308594,5.0
119.15696597099304,0.006385513327858026,0.8751503416536084,0.12,0.001277310985500435,YELLOW,1.7477715015411377,2.4464356899261475,5.0
119.17722845077515,0.006370637043550648,0.8740628525968787,0.12,0.005094529140992954,YELLOW,2.2814760208129883,2.2819271087646484,5.0
119.17833495140076,0.0063517760021056,0.8726841766534243,0.12,0.005094529140992954,YELLOW,2.0978972911834717,2.098278284072876,5.0
119.1894199848175,0.006330647565200475,0.8710185910958855,0.12,0.005094529140992954,YELLOW,2.803816795349121,2.4528932571411133,5.0
119.22731685638428,0.006307654568894623,0.8692061480653376,0.12,0.005094529140992954,YELLOW,2.306534767150879,2.306765079498291,5.0
119.24751329421997,0.0062953908798360535,0.8682393841366935,0.12,0.004334032265938071,YELLOW,2.1030540466308594,1.7525451183319092,5.0
119.2486219406128,0.006280300742208559,0.8669534693895252,0.12,0.004334032265938071,YELLOW,2.447324514389038,2.4468801021575928,5.0
119.26947951316833,0.006261010685943205,0.8653094792813776,0.12,0.004334032265938071,YELLOW,2.4531164169311523,2.102862596511841,5.0
119.27058529853821,0.0062481555301916935,0.8640694816404211,0.12,0.004334032265938071,YELLOW,2.0978972911834717,2.7969422340393066,5.0
119.31174826622009,0.006231964578674534,0.8627512028691678,0.12,0.004040252815162404,YELLOW,2.804072141647339,2.4533398151397705,5.0
119.33284521102905,0.006211303063706512,0.8609277407955155,0.12,0.003391196327683055,YELLOW,2.4533398151397705,2.447324514389038,5.0
119.33382439613342,0.0061981316104543415,0.8597651227572424,0.12,0.003391196327683055,YELLOW,2.4475467205047607,2.0978972911834717,5.0
119.33467674255371,0.006184639726208654,0.8584630840638559,0.12,0.003391196327683055,YELLOW,2.3093018531799316,2.6936469078063965,5.0
119.33550953865051,0.006165651390671001,0.856803799257524,0.12,0.003391196327683055,YELLOW,2.450439691543579,2.1005680561065674,5.0
119.33633494377136,0.006148435993680406,0.855093272887536,0.12,0.003391196327683055,YELLOW,2.100950241088867,2.450885534286499,5.0
119.36145329475403,0.0061278729316875235,0.8533030418382012,0.12,0.003391196327683055,YELLOW,2.8035614490509033,3.154294013977051,5.0
119.36249279975891,0.006117306016247144,0.8520912533087294,0.12,0.003391196327683055,YELLOW,2.797196388244629,2.0977067947387695,5.0
119.39084553718567,0.0061073795573844,0.8508014802095226,0.12,0.0004136693874578157,YELLOW,2.4475467205047607,2.447324514389038,5.0
119.39836287498474,0.006094206524127992,0.8490897296496791,0.12,0.0004136693874578157,YELLOW,2.4535632133483887,2.4535632133483887,5.0
119.42919921875,0.006080750711618173,0.8473412337529099,0.12,0.0004136693874578157,YELLOW,2.4535632133483887,2.4535632133483887,5.0
119.43510723114014,0.0060658539705917836,0.8454052608768758,0.12,0.0004136693874578157,YELLOW,2.098278284072876,2.447991371154785,5.0
119.46294116973877,0.006054250262135629,0.8441286117819158,0.12,0.0004147242493147019,YELLOW,2.4535632133483887,2.803816795349121,5.0
119.49632000923157,0.00604489212739935,0.8428133187281001,0.12,0.0004147242493147019,YELLOW,2.4544570446014404,2.096374034881592,5.0
119.49747657775879,0.0060368478017689565,0.8412300610482442,0.12,-0.0006216525133568851,YELLOW,2.0973258018493652,2.4546806812286377,5.0
119.49840307235718,0.0060257963534929805,0.8395030330457667,0.12,-0.0006216525133568851,YELLOW,2.690419912338257,2.447324514389038,5.0
119.49956893920898,0.006022036392847629,0.838359218605654,0.12,-0.0006216525133568851,YELLOW,2.690419912338257,1.921728491783142,5.0
119.50040864944458,0.0060179663641062656,0.836616913430673,0.12,-0.0006216525133568851,YELLOW,2.4578146934509277,2.1066982746124268,5.0
119.521066904068,0.006012555908046755,0.8351874374669671,0.12,-0.0006216525133568851,YELLOW,2.4475467205047607,2.4531164169311523,5.0
119.53383874893188,0.006005038848849362,0.8336263278162489,0.12,-0.0019070080233953846,YELLOW,2.4475467205047607,2.797196388244629,5.0
119.5348014831543,0.0059981038005336475,0.8316540035232812,0.12,-0.0019070080233953846,YELLOW,2.4533398151397705,2.1026711463928223,5.0
119.55762267112732,0.005995677094914532,0.8304949533842887,0.12,-0.0019070080233953846,YELLOW,2.1059300899505615,2.456918239593506,5.0
119.58655786514282,0.0059901925778798985,0.8287012073070094,0.12,-0.0019070080233953846,YELLOW,2.4535632133483887,2.102862596511841,5.0
119.5937249660492,0.005987673249493984,0.8270914160015849,0.12,-0.0019070080233953846,YELLOW,2.0977067947387695,2.102862596511841,5.0
119.59726095199585,0.005982727816135754,0.8253882760122725,0.12,-0.0019070080233953846,YELLOW,2.102862596511841,2.4531164169311523,5.0
119.63322877883911,0.00597429082617589,0.8234349252018967,0.12,-0.0019070080233953846,YELLOW,2.4535632133483887,2.4533398151397705,5.0
119.64938950538635,0.005966849985310546,0.8217118215063551,0.12,-0.0019070080233953846,YELLOW,2.4468801021575928,2.4468801021575928,5.0
119.66632270812988,0.005958874565566889,0.8198649233556641,0.12,-0.0019070080233953846,YELLOW,2.453786611557007,2.453786611557007,5.0
119.66739463806152,0.005953935249045921,0.8187211071251128,0.12,-0.0019070080233953846,YELLOW,2.447324514389038,2.0977067947387695,5.0
119.67152881622314,0.005947691599806514,0.8168667726924552,0.12,-0.0019070080233953846,YELLOW,2.4566943645477295,2.456918239593506,5.0
119.67249059677124,0.0059435172901101865,0.8156273585835873,0.12,-0.0019070080233953846,YELLOW,2.4475467205047607,2.4475467205047607,5.0
119.69550919532776,0.005938931327161152,0.8142657185531939,0.12,-0.0019070080233953846,YELLOW,2.4535632133483887,2.4475467205047607,5.0
119.71131682395935,0.005931406917586809,0.8125354461631332,0.12,-0.0019070080233953846,YELLOW,2.4459917545318604,2.4451041221618652,5.0
119.74242496490479,0.0059166272142132355,0.808491714429666,0.12,-0.0019070080233953846,YELLOW,2.1030540466308594,2.1026711463928223,5.0
119.74361371994019,0.005912481931343258,0.8072632091807039,0.12,-0.0045306262955358894,YELLOW,2.447324514389038,2.447324514389038,5.0
119.7446858882904,0.005906309828777117,0.8054340311396696,0.12,-0.002349559938777546,YELLOW,2.4535632133483887,2.4531164169311523,5.0
119.77029275894165,0.005900113354756663,0.8035966497791669,0.12,-0.003144398509982516,YELLOW,2.4535632133483887,2.4475467205047607,5.0
119.79005885124207,0.005895282313621401,0.8021633784899997,0.12,-0.0031684079336715245,YELLOW,2.7969422340393066,2.797196388244629,5.0
119.80911993980408,0.005889016625149979,0.8003048647822547,0.12,-0.0031684079336715245,YELLOW,2.7969422340393066,2.797196388244629,5.0
119.81023597717285,0.005887252353136756,0.7993380264447129,0.12,-0.0031684079336715245,YELLOW,2.6944546699523926,2.3093018531799316,5.0
119.84479594230652,0.005882483768860172,0.7976202026009976,0.12,-0.0036712711699243175,YELLOW,2.306534767150879,2.103628635406494,5.0
119.84588646888733,0.0058788235428641755,0.7963007697045662,0.12,-0.0036712711699243175,YELLOW,2.8010120391845703,2.3060741424560547,5.0
119.8468222618103,0.0058765715949087,0.795066003372445,0.12,-0.0036712711699243175,YELLOW,2.1030540466308594,2.451108455657959,5.0
119.87374138832092,0.005869798884342551,0.7932506421070217,0.12,-0.0036712711699243175,YELLOW,2.447324514389038,2.447324514389038,5.0
119.87493801116943,0.005862705389054321,0.7913472963302998,0.12,-0.0029381630601024613,YELLOW,2.3093018531799316,2.3083789348602295,5.0
119.87587261199951,0.005859402149725012,0.7899446782199377,0.12,-0.0029381630601024613,YELLOW,2.8056046962738037,2.454904079437256,5.0
119.9408872127533,0.00585390631119399,0.7883840186266314,0.12,-0.0021311352913784276,YELLOW,2.0973258018493652,2.1059300899505615,5.0
119.94199705123901,0.005840530215759936,0.7851853623329644,0.12,-0.0021311352913784276,YELLOW,2.103245735168457,2.0975160598754883,5.0
119.99371528625488,0.005818599159803756,0.7793186165954736,0.12,-0.0033175869280649196,YELLOW,2.100950241088867,2.1011412143707275,5.0
119.99733757972717,0.005811130550493143,0.7766342600768222,0.12,-0.0033175869280649196,YELLOW,2.100950241088867,2.1011412143707275,5.0
119.99838423728943,0.005808542053886514,0.7753121479895431,0.12,-0.0033175869280649196,YELLOW,2.4535632133483887,2.803816795349121,5.0
120.04211568832397,0.0057943595048958385,0.7713905759413004,0.12,-0.0033175869280649196,YELLOW,2.4535632133483887,2.803816795349121,5.0
120.04608941078186,0.005791867166677307,0.7695539173151221,0.12,-0.0033175869280649196,YELLOW,2.4535632133483887,2.803816795349121,5.0
120.06964540481567,0.005786946923378587,0.7677178824436771,0.12,-0.0033175869280649196,YELLOW,2.447324514389038,2.447324514389038,5.0
120.07393050193787,0.005783860713542934,0.7665662343371028,0.12,-0.0033175869280649196,YELLOW,2.1030540466308594,2.4533398151397705,5.0
120.09166121482849,0.0057763252652471,0.7644943382032607,0.12,-0.0033175869280649196,YELLOW,2.447324514389038,2.0975160598754883,5.0
120.09276819229126,0.005769402414879281,0.7631446611366667,0.12,-0.0033175869280649196,YELLOW,2.4528932571411133,2.803051471710205,5.0
120.11901259422302,0.005763396176650742,0.7616996346408046,0.12,-0.0033175869280649196,YELLOW,2.1030540466308594,2.102862596511841,5.0
120.13677787780762,0.005758255988306676,0.760462757404183,0.12,-0.0033175869280649196,YELLOW,2.447324514389038,2.4471020698547363,5.0
120.14931583404541,0.00575039703203109,0.7585713897723206,0.12,-0.0033175869280649196,YELLOW,2.306534767150879,2.6906886100769043,5.0
120.17476511001587,0.005741638508165931,0.757042070043585,0.12,-0.0033175869280649196,YELLOW,2.4571423530578613,2.1061220169067383,5.0
120.18086814880371,0.005729110099031749,0.7553092757740578,0.12,-0.0033175869280649196,YELLOW,2.4535632133483887,2.4533398151397705,5.0
120.20066428184509,0.00571497132638767,0.753353522697142,0.12,-0.0033175869280649196,YELLOW,2.447324514389038,2.7969422340393066,5.0
120.25243401527405,0.005679529410175689,0.7481284309780644,0.12,-0.0033175869280649196,YELLOW,2.804072141647339,2.102862596511841,5.0
120.2535445690155,0.005673277163977596,0.7470608159738237,0.12,-0.0033175869280649196,YELLOW,2.0973258018493652,2.4455478191375732,5.0
120.27568697929382,0.005662426312645525,0.7452081231524912,0.12,-0.0033175869280649196,YELLOW,2.102862596511841,2.0977067947387695,5.0
120.30044794082642,0.005643930705140841,0.7430864373337732,0.12,-0.0033175869280649196,YELLOW,2.102862596511841,2.8035614490509033,5.0
120.30381369590759,0.00562813433379196,0.7412741722105375,0.12,-0.0033175869280649196,YELLOW,2.447324514389038,2.447324514389038,5.0
120.304847240448,0.005613013310547378,0.7395392099636284,0.12,-0.0033175869280649196,YELLOW,2.306534767150879,2.306304454803467,5.0
120.32353448867798,0.005598252535588559,0.7378454000137337,0.12,-0.0033175869280649196,YELLOW,2.4571423530578613,2.1061220169067383,5.0
120.36576867103577,0.00558445982916114,0.7359574939404864,0.12,-0.0033175869280649196,YELLOW,2.4571423530578613,2.1061220169067383,5.0
120.36697268486023,0.005575089298734035,0.7346747194623938,0.12,-0.002722742068935169,YELLOW,2.0977067947387695,2.447324514389038,5.0
120.37726163864136,0.00554988933187302,0.7312249815217773,0.12,0.0008996688957404686,YELLOW,2.4468801021575928,2.4468801021575928,5.0
120.41787314414978,0.005539880297919459,0.7295204111181848,0.12,-0.00022741883758481407,YELLOW,2.4535632133483887,2.803816795349121,5.0
120.4189989566803,0.0055350023284654075,0.72842529550075,0.12,-0.00022741883758481407,YELLOW,2.447324514389038,2.0977067947387695,5.0
120.42567610740662,0.005527746806391605,0.7267962166260477,0.12,-0.00022741883758481407,YELLOW,2.1030540466308594,2.102862596511841,5.0
120.45535969734192,0.005519798212107546,0.7254275990446629,0.12,-0.0014382397607379362,YELLOW,2.306534767150879,2.6906886100769043,5.0
120.45642352104187,0.005508508914714909,0.7238021238500231,0.12,-0.0014382397607379362,YELLOW,2.4571423530578613,2.1061220169067383,5.0
120.46349000930786,0.005498154492972797,0.7219509370536129,0.12,-0.0014382397607379362,YELLOW,2.7964344024658203,2.7966883182525635,5.0
120.47546672821045,0.0054913502979546435,0.7207344677720328,0.12,-0.0014382397607379362,YELLOW,2.453786611557007,2.453786611557007,5.0
120.47661828994751,0.005483993817549923,0.719128858544721,0.12,-0.00242980007792486,YELLOW,2.447324514389038,2.0977067947387695,5.0
120.49312472343445,0.005478433408300993,0.7174156920805908,0.12,-0.00242980007792486,YELLOW,2.0975160598754883,2.446213722229004,5.0
120.50093579292297,0.005473437212891062,0.7163451665609529,0.12,-0.00242980007792486,YELLOW,2.306304454803467,1.9223041534423828,5.0
120.52825355529785,0.005466978045709968,0.7145589181701862,0.12,-0.00242980007792486,YELLOW,2.447324514389038,2.447324514389038,5.0
120.52948069572449,0.005462168317658481,0.7132288134134707,0.12,-0.0032196775600036535,YELLOW,2.1030540466308594,2.803816795349121,5.0
120.55402874946594,0.005452161247994994,0.711463800113019,0.12,-0.0032196775600036535,YELLOW,2.7964344024658203,2.0973258018493652,5.0
120.55517530441284,0.005446755999009063,0.7096275908026056,0.12,-0.0032196775600036535,YELLOW,2.4535632133483887,2.4535632133483887,5.0
120.57463693618774,0.005442093330328741,0.7080436423731318,0.12,-0.0032196775600036535,YELLOW,2.0978972911834717,2.0977067947387695,5.0
120.57787108421326,0.005438253602078649,0.7067389092381213,0.12,-0.0037853370055922044,YELLOW,2.1030540466308594,2.4533398151397705,5.0
120.60415482521057,0.005433500823365048,0.7051239231070434,0.12,-0.0037853370055922044,YELLOW,2.1030540466308594,2.4533398151397705,5.0
120.61549520492554,0.005425437238850058,0.7032428791259067,0.12,-0.0037853370055922044,YELLOW,2.6909573078155518,2.306534767150879,5.0
120.63133239746094,0.005422042337191443,0.7019958759474222,0.12,-0.003993831514477364,YELLOW,2.451108455657959,2.451108455657959,5.0
120.64849972724915,0.005417094040816888,0.7001782853578699,0.12,-0.003993831514477364,YELLOW,2.4535632133483887,2.102862596511841,5.0
120.66878271102905,0.0054124897251754,0.6984870445453086,0.12,-0.003993831514477364,YELLOW,2.447324514389038,2.447324514389038,5.0
120.67709517478943,0.005410586494775578,0.6970399103109262,0.12,-0.003993831514477364,YELLOW,1.748247742652893,2.0977067947387695,5.0
120.67836928367615,0.005406954968170474,0.695712947045708,0.12,-0.005146840012717213,YELLOW,2.4535632133483887,2.803816795349121,5.0
120.71160650253296,0.005400010932768394,0.6938323446274396,0.12,-0.005146840012717213,YELLOW,2.447324514389038,2.447324514389038,5.0
120.71501231193542,0.005393434138110556,0.6920507527279381,0.12,-0.005146840012717213,YELLOW,2.4535632133483887,2.4533398151397705,5.0
120.76663589477539,0.005385197639287859,0.6884879150650045,0.12,-0.005482602111383451,YELLOW,2.792630910873413,2.094473123550415,5.0
120.78239798545837,0.0053810361729448395,0.6867680642871744,0.12,-0.005482602111383451,YELLOW,2.451108455657959,2.100950241088867,5.0
120.78337526321411,0.0053734454507499895,0.6847937864681378,0.12,-0.005482602111383451,YELLOW,2.1274585723876953,2.4806642532348633,5.0
120.79068422317505,0.00536609458138228,0.6833985950251278,0.12,-0.005482602111383451,YELLOW,2.4477691650390625,2.7977044582366943,5.0
120.81515288352966,0.005359115124931971,0.682286208376103,0.12,-0.003192282002714464,YELLOW,2.4535632133483887,2.804072141647339,5.0
120.81622099876404,0.0053507851937733605,0.6806784226800772,0.12,-0.003192282002714464,YELLOW,2.306304454803467,1.9219204187393188,5.0
120.82236170768738,0.005339054810788967,0.678878758416568,0.12,-0.003192282002714464,YELLOW,2.4535632133483887,2.4533398151397705,5.0
120.84183025360107,0.005328849343643607,0.6773128324849168,0.12,-0.0010742353825603957,YELLOW,2.447324514389038,2.447324514389038,5.0
120.84771513938904,0.005320848729054584,0.6760850737459891,0.12,-0.0010742353825603957,YELLOW,2.1030540466308594,2.102862596511841,5.0
120.89207410812378,0.005279660211931081,0.6694795205597691,0.12,-0.0008043721889443135,YELLOW,2.4531164169311523,2.447324514389038,5.0
120.89320826530457,0.005270719985370814,0.6682561837516566,0.12,-0.0008043721889443135,YELLOW,2.1030540466308594,2.1026711463928223,5.0
120.91773819923401,0.005257119696361583,0.6663950186472258,0.12,-0.0008043721889443135,YELLOW,2.306534767150879,2.306304454803467,5.0
120.9335401058197,0.0052422563168059945,0.6646764919194463,0.12,-0.00046386806401610414,YELLOW,2.1030540466308594,2.4533398151397705,5.0
120.95629620552063,0.005221589862331317,0.662625714342323,0.12,-0.00046386806401610414,YELLOW,2.7964344024658203,2.0973258018493652,5.0
120.95731401443481,0.005201700142089326,0.66090450420457,0.12,-0.00046386806401610414,YELLOW,2.4535632133483887,2.804072141647339,5.0
120.98312377929688,0.00518949655455032,0.6598483569452838,0.12,-0.00046386806401610414,YELLOW,2.4437737464904785,2.443552017211914,5.0
121.00627660751343,0.005174151581280172,0.6582584525451781,0.12,-0.00046386806401610414,YELLOW,2.0977067947387695,2.0975160598754883,5.0
121.00723457336426,0.005161397895295947,0.6569369263845966,0.12,-0.00046386806401610414,YELLOW,2.4535632133483887,2.803816795349121,5.0
121.02918219566345,0.005131876431075867,0.6541525841190273,0.12,-0.00046386806401610414,YELLOW,2.4528932571411133,2.452000617980957,5.0
121.03020524978638,0.005119644262368622,0.6529986332051018,0.12,-0.00046386806401610414,YELLOW,2.098278284072876,2.448213815689087,5.0
121.05961990356445,0.005097293262194764,0.6510652581084632,0.12,-0.00046386806401610414,YELLOW,2.804072141647339,2.1030540466308594,5.0
121.06939482688904,0.005083242592932947,0.649980627800286,0.12,-0.00046386806401610414,YELLOW,2.1030540466308594,2.1030540466308594,5.0
121.09390640258789,0.005065829810326896,0.6486364618098768,0.12,-0.00046386806401610414,YELLOW,2.443552017211914,2.0942835807800293,5.0
121.09488439559937,0.005049051870815393,0.6473413020303784,0.12,-0.00046386806401610414,YELLOW,2.1061220169067383,2.4571423530578613,5.0
121.10810661315918,0.005031208474065387,0.6458388769428326,0.12,-0.00046386806401610414,YELLOW,2.4459917545318604,2.795419216156006,5.0
121.11508679389954,0.005010199423188976,0.6442177418449708,0.12,-0.00046386806401610414,YELLOW,2.4546806812286377,2.103820323944092,5.0
121.13824725151062,0.004994271206273553,0.6428458285755799,0.12,-0.00046386806401610414,YELLOW,2.447324514389038,2.447324514389038,5.0
121.1531891822815,0.004973576042912422,0.6410633334364125,0.12,0.003066138726623535,YELLOW,2.797196388244629,2.447324514389038,5.0
121.17696452140808,0.004956324733057122,0.6395773485267303,0.12,0.003066138726623535,YELLOW,2.1030540466308594,2.102862596511841,5.0
121.17800211906433,0.004942995827565213,0.6384291574327301,0.12,0.003066138726623535,YELLOW,2.0977067947387695,2.4471020698547363,5.0
121.18461632728577,0.004926100030749991,0.6370842817516937,0.12,0.0038561211296375577,YELLOW,2.0977067947387695,2.4471020698547363,5.0
121.2048110961914,0.004904005825735547,0.6354693323619851,0.12,0.0038561211296375577,YELLOW,2.4573662281036377,2.1061220169067383,5.0
121.20603084564209,0.0048811769503607026,0.6336188796642162,0.12,0.0038561211296375577,YELLOW,2.0942835807800293,2.7921247482299805,5.0
121.2265214920044,0.004853857747662159,0.6318209282015413,0.12,0.0038561211296375577,YELLOW,2.7969422340393066,2.0975160598754883,5.0
121.24554634094238,0.0048402520357051105,0.6307251206974508,0.12,0.005991969962474819,YELLOW,2.7969422340393066,2.0975160598754883,5.0
121.25318098068237,0.004824793111882298,0.6294800009436816,0.12,0.005991969962474819,YELLOW,2.4475467205047607,2.447324514389038,5.0
121.27467274665833,0.004805813831470304,0.6279512631982174,0.12,0.005991969962474819,YELLOW,2.1026711463928223,2.1026711463928223,5.0
121.2758686542511,0.004783198922375034,0.626129683855181,0.12,0.003809078994229509,YELLOW,2.0977067947387695,2.797196388244629,5.0
121.28286480903625,0.00476418807497867,0.6248814242812498,0.12,0.003809078994229509,YELLOW,2.4535632133483887,2.4533398151397705,5.0
121.29447269439697,0.004746876775543051,0.6237447118108181,0.12,0.003809078994229509,YELLOW,2.097135305404663,2.445769786834717,5.0
121.31637763977051,0.00471367821992826,0.6216919569560739,0.12,0.003809078994229509,YELLOW,2.4475467205047607,2.098087787628174,5.0
121.33147406578064,0.0046850428312650814,0.6200726672694349,0.12,0.003809078994229509,YELLOW,2.1030540466308594,2.4533398151397705,5.0
121.35516214370728,0.004661704087987711,0.6188462742508622,0.12,0.008080164885514841,YELLOW,2.4417808055877686,2.4415597915649414,5.0
121.35620903968811,0.004641601759099464,0.6177899134471235,0.12,0.008080164885514841,YELLOW,2.4589359760284424,1.7563828229904175,5.0
121.35714387893677,0.004621984708870708,0.6166444239865227,0.12,0.008080164885514841,YELLOW,2.0973258018493652,2.4471020698547363,5.0
121.37338900566101,0.0045968848350617115,0.6152560842754905,0.12,0.008080164885514841,YELLOW,2.0973258018493652,2.4471020698547363,5.0
121.38849258422852,0.004560742369001871,0.6133618421067147,0.12,0.008080164885514841,YELLOW,2.7969422340393066,2.447324514389038,5.0
121.38967323303223,0.004530671482529946,0.6116642878408013,0.12,0.00928519806400594,YELLOW,2.4495487213134766,2.0994224548339844,5.0
121.39616751670837,0.004502864215663399,0.6099584351382747,0.12,0.00928519806400594,YELLOW,2.4495487213134766,2.0994224548339844,5.0
121.42237830162048,0.004481007260642717,0.6087243530852161,0.12,0.00928519806400594,YELLOW,2.1030540466308594,2.4533398151397705,5.0
121.42357039451599,0.004454379385713324,0.607128318726499,0.12,0.0074568404468911,YELLOW,2.4459917545318604,2.096374034881592,5.0
121.43616890907288,0.0044334477940214745,0.6059661524155374,0.12,0.0074568404468911,YELLOW,2.104203462600708,2.4546806812286377,5.0
121.44490265846252,0.004398209116767877,0.6038985626241038,0.12,0.0074568404468911,YELLOW,2.4535632133483887,3.154294013977051,5.0
121.45638251304626,0.004375495740294534,0.6027536056696421,0.12,0.0074568404468911,YELLOW,2.4535632133483887,3.154294013977051,5.0
121.48080587387085,0.004349764037360059,0.601391063169356,0.12,0.009299015439718162,YELLOW,2.804072141647339,2.4533398151397705,5.0
121.48415756225586,0.004322218399821324,0.5998523620551529,0.12,0.009299015439718162,YELLOW,2.0977067947387695,2.0975160598754883,5.0
121.50096273422241,0.004290807761130032,0.5980976875596241,0.12,0.009299015439718162,YELLOW,2.4528932571411133,2.452669858932495,5.0
121.5186083316803,0.004258570784554887,0.5962968518247861,0.12,0.009299015439718162,YELLOW,2.306765079498291,2.306765079498291,5.0
121.51979923248291,0.004236529570952558,0.5950655761497317,0.12,0.008580191535469517,YELLOW,2.451108455657959,2.451108455657959,5.0
121.53804087638855,0.004214108292993761,0.5938130267337348,0.12,0.008580191535469517,YELLOW,2.0940935611724854,2.7923779487609863,5.0
121.54590344429016,0.004180323800197497,0.592109883494557,0.12,0.008580191535469517,YELLOW,2.0940935611724854,2.7923779487609863,5.0
121.5670657157898,0.004149624364388913,0.5902781691466168,0.12,0.008580191535469517,YELLOW,2.465008497238159,2.465008497238159,5.0
121.58237528800964,0.004125129103700501,0.5888169471756654,0.12,0.007758758557385015,YELLOW,2.1030540466308594,1.7522259950637817,5.0
121.58964824676514,0.00410130694023735,0.5872625293000987,0.12,0.007758758557385015,YELLOW,2.1030540466308594,1.7522259950637817,5.0
121.65801215171814,0.004082189418010161,0.5860151556160894,0.12,0.007758758557385015,YELLOW,2.4475467205047607,2.4566943645477295,5.0
121.67098712921143,0.004054005318634608,0.5841761351941487,0.12,0.007758758557385015,YELLOW,2.4475467205047607,2.4475467205047607,5.0
121.68054056167603,0.00402988123732086,0.5826015670679557,0.12,0.0066868031538623645,YELLOW,2.447324514389038,1.748724102973938,5.0
121.69986963272095,0.003988467635284897,0.5794232965673141,0.12,0.0066868031538623645,YELLOW,2.4531164169311523,2.803816795349121,5.0
121.70111870765686,0.003974957885478838,0.5784506900772886,0.12,0.00560476427931178,YELLOW,2.1030540466308594,1.7523854970932007,5.0
121.702064037323,0.0039591241549607895,0.5772264611111351,0.12,0.00560476427931178,YELLOW,2.447324514389038,2.447324514389038,5.0
121.70297574996948,0.003934972234307691,0.575359088111572,0.12,0.00560476427931178,YELLOW,2.102862596511841,2.8033065795898438,5.0
121.70388269424438,0.003918265487416034,0.5740673594534617,0.12,0.00560476427931178,YELLOW,2.4475467205047607,2.4475467205047607,5.0
121.7332456111908,0.0038957311036657556,0.5721669730543611,0.12,0.00560476427931178,YELLOW,2.6909573078155518,2.3060741424560547,5.0
121.75662851333618,0.0038778098671160403,0.5704583672533641,0.12,0.004025516184173838,YELLOW,2.447324514389038,2.0973258018493652,5.0
121.76904344558716,0.00386139967423691,0.5686482958401182,0.12,0.004025516184173838,YELLOW,2.4584872722625732,2.458038806915283,5.0
121.77007842063904,0.003851077295639653,0.5675094961729347,0.12,0.004025516184173838,YELLOW,2.4475467205047607,2.0977067947387695,5.0
121.79049921035767,0.0038410166457237605,0.5662699764388409,0.12,0.004025516184173838,YELLOW,2.4475467205047607,2.0977067947387695,5.0
121.79846024513245,0.0038279297743554247,0.5649653478225927,0.12,0.001064456946556014,YELLOW,2.1030540466308594,2.804072141647339,5.0
121.7995707988739,0.0038091995282726644,0.5630978934068394,0.12,0.001064456946556014,YELLOW,2.447324514389038,2.4468801021575928,5.0
121.82701325416565,0.003799161585672212,0.5619420669021163,0.12,0.001064456946556014,YELLOW,2.447324514389038,2.0977067947387695,5.0
121.84003210067749,0.0037858998662996237,0.5602249744213269,0.12,0.0007700289487903689,YELLOW,2.102479934692383,2.451554298400879,5.0
121.86439156532288,0.0037684731590904392,0.5583196664365634,0.12,0.0007700289487903689,YELLOW,2.4484362602233887,2.4486584663391113,5.0
121.88764142990112,0.003752544232729431,0.5565741813982766,0.12,0.0007700289487903689,YELLOW,2.4535632133483887,2.103245735168457,5.0
121.88888907432556,0.0037382236858198104,0.5550050893802982,0.12,0.0019074215023703546,YELLOW,2.4471020698547363,2.447324514389038,5.0
121.88981461524963,0.003725234154897233,0.5535817153879895,0.12,0.0019074215023703546,YELLOW,2.1030540466308594,2.102862596511841,5.0
121.91636228561401,0.0037131207909474784,0.5522544521078889,0.12,0.0019074215023703546,YELLOW,2.804072141647339,2.4533398151397705,5.0
121.91737151145935,0.0036992199048765445,0.5505528356987953,0.12,0.0019074215023703546,YELLOW,2.0901145935058594,2.438246488571167,5.0
121.96506357192993,0.0036818342106760423,0.548738730903337,0.12,0.0019074215023703546,YELLOW,2.447324514389038,2.4471020698547363,5.0
121.97683668136597,0.0036699335164707115,0.5474968411888567,0.12,0.002291463085894918,YELLOW,2.447324514389038,2.4471020698547363,5.0
121.97784638404846,0.003658460758629382,0.54629953212485,0.12,0.002291463085894918,YELLOW,2.4533398151397705,2.4531164169311523,5.0
121.9787666797638,0.003638105088338763,0.5443750763547008,0.12,0.002291463085894918,YELLOW,2.0978972911834717,2.447324514389038,5.0
121.9952745437622,0.0036260128586698462,0.543231858724032,0.12,0.002291463085894918,YELLOW,2.103628635406494,2.454233407974243,5.0
122.00379490852356,0.003603278176533057,0.5412597716950256,0.12,0.0038823466044789257,YELLOW,2.7969422340393066,2.4471020698547363,5.0
122.00490212440491,0.0035875852128747668,0.5397068870156847,0.12,0.0038823466044789257,YELLOW,2.4535632133483887,2.102862596511841,5.0
122.04987525939941,0.0035737451700694665,0.5386343638889337,0.12,0.0038823466044789257,YELLOW,1.7480889558792114,2.447324514389038,5.0
122.05098128318787,0.0035583554701216725,0.5374417513125156,0.12,0.004232637760974001,YELLOW,2.1019058227539062,2.1019058227539062,5.0
122.05184531211853,0.0035374177646195696,0.5356840789346481,0.12,0.004232637760974001,YELLOW,2.4446604251861572,2.0954232215881348,5.0
122.05267977714539,0.0035180056305545906,0.5343569714266357,0.12,0.004232637760974001,YELLOW,2.1059300899505615,2.8079066276550293,5.0
122.09061765670776,0.003493941512506675,0.53271175848354,0.12,0.004232637760974001,YELLOW,2.4475467205047607,2.447324514389038,5.0
122.10325169563293,0.003468079171274749,0.530760969093421,0.12,0.004232637760974001,YELLOW,2.4535632133483887,2.4533398151397705,5.0
122.12646865844727,0.0034488531040310372,0.5293079137624942,0.12,0.00535832435656527,YELLOW,2.4535632133483887,2.4533398151397705,5.0
122.13143920898438,0.0034262767020812133,0.5276011890081603,0.12,0.00535832435656527,YELLOW,2.4544570446014404,2.104203462600708,5.0
122.13728046417236,0.003413756191183462,0.5265410200364934,0.12,0.00535832435656527,YELLOW,2.4544570446014404,2.104203462600708,5.0
122.16045260429382,0.0033916834679891612,0.5246722681032658,0.12,0.004262126219897233,YELLOW,2.4578146934509277,2.4573662281036377,5.0
122.1615149974823,0.003368666632529457,0.5227232801845544,0.12,0.004262126219897233,YELLOW,2.447324514389038,2.797196388244629,5.0
122.16790509223938,0.0033511458115813467,0.5210390357862145,0.12,0.004262126219897233,YELLOW,2.4475467205047607,2.0978972911834717,5.0
122.19957518577576,0.003339921182588855,0.5197921251937954,0.12,0.004262126219897233,YELLOW,2.4535632133483887,2.4531164169311523,5.0
122.20082068443298,0.003329657271626626,0.5186517823918816,0.12,0.002060060399142216,YELLOW,2.447324514389038,2.0978972911834717,5.0
122.20175457000732,0.003315018767367947,0.5168339812430681,0.12,0.002060060399142216,YELLOW,2.449326276779175,2.448881149291992,5.0
122.20266532897949,0.003298935815816497,0.5148363663965645,0.12,0.002060060399142216,YELLOW,2.100950241088867,2.80126690864563,5.0
122.25167393684387,0.003286912330139525,0.5130174515482921,0.12,0.002060060399142216,YELLOW,2.4475467205047607,2.447324514389038,5.0
122.27112913131714,0.00327365252593851,0.5110112352944615,0.12,0.00016200554648690968,YELLOW,2.0977067947387695,2.7964344024658203,5.0
122.27220726013184,0.0032587653746232797,0.509477443466776,0.12,0.00016200554648690968,YELLOW,2.4531164169311523,2.102862596511841,5.0
122.29836535453796,0.0032491741116091725,0.5083398506921468,0.12,0.00016200554648690968,YELLOW,2.4531164169311523,2.102862596511841,5.0
122.29947686195374,0.003236218573612701,0.5066088729756656,0.12,0.0008741853552315604,YELLOW,2.4475467205047607,2.0977067947387695,5.0
122.3003318309784,0.003216729408963035,0.5044247955720421,0.12,0.0008741853552315604,YELLOW,2.1030540466308594,2.4533398151397705,5.0
122.30198097229004,0.0032018099104156404,0.5027524207493528,0.12,0.0008741853552315604,YELLOW,2.803816795349121,2.8033065795898438,5.0
122.33726787567139,0.003186820841302147,0.5010724175330385,0.12,0.0008741853552315604,YELLOW,2.447324514389038,2.0975160598754883,5.0
122.33853268623352,0.003174998107219783,0.4995010780995983,0.12,0.002042668271378645,YELLOW,2.4573662281036377,2.4573662281036377,5.0
122.35305595397949,0.003166911455003969,0.49842607448910237,0.12,0.002042668271378645,YELLOW,2.0977067947387695,2.0973258018493652,5.0
122.35411477088928,0.0031587505920983197,0.4973407457622118,0.12,0.002042668271378645,YELLOW,2.1122846603393555,2.11112642288208,5.0
122.3799695968628,0.0031505986142943633,0.49607725148028425,0.12,0.002042668271378645,YELLOW,2.2991883754730225,1.915799617767334,5.0
122.40144538879395,0.0031288978137982643,0.4929735895888839,0.12,8.270680307713718e-05,YELLOW,2.4477691650390625,2.4486584663391113,5.0
122.40882110595703,0.0031206352123961537,0.4919126707926589,0.12,8.270680307713718e-05,YELLOW,2.4477691650390625,2.4486584663391113,5.0
122.41338682174683,0.0031098957765123476,0.49053363354564666,0.12,8.270680307713718e-05,YELLOW,2.1059300899505615,2.1057379245758057,5.0
122.42976331710815,0.0030973283982795013,0.48891973228752533,0.12,8.270680307713718e-05,YELLOW,2.4475467205047607,2.447324514389038,5.0
122.43102979660034,0.0030822142494789212,0.4872641519900934,0.12,0.0011576495510730923,YELLOW,2.1030540466308594,2.4535632133483887,5.0
122.45296025276184,0.0030670478705475466,0.48530736696623716,0.12,0.0011576495510730923,YELLOW,2.1030540466308594,2.1030540466308594,5.0
122.46812796592712,0.003047616683380778,0.4831858702958566,0.12,0.0011576495510730923,YELLOW,2.804072141647339,2.803816795349121,5.0
122.46924662590027,0.0030363413413484796,0.48195468825796445,0.12,0.0022713690295820045,YELLOW,2.7969422340393066,2.0977067947387695,5.0
122.50190162658691,0.003028326346515349,0.48085016142194,0.12,0.0022713690295820045,YELLOW,2.1030540466308594,2.1026711463928223,5.0
122.509516954422,0.0030153191749279313,0.47905740631559035,0.12,0.0022713690295820045,YELLOW,2.1030540466308594,2.1026711463928223,5.0
122.53447771072388,0.0029986231274844247,0.47739201270598586,0.12,0.0022713690295820045,YELLOW,2.306765079498291,2.306304454803467,5.0
122.5356798171997,0.0029870510436585413,0.4760528012741296,0.12,0.002984606517470567,YELLOW,2.4571423530578613,2.106313943862915,5.0
122.55454182624817,0.002952163413419675,0.4731073972251876,0.12,0.002984606517470567,YELLOW,2.8025410175323486,2.452446699142456,5.0
122.55565142631531,0.002934927263325055,0.47177641959275035,0.12,0.002984606517470567,YELLOW,2.4484362602233887,2.447991371154785,5.0
122.56990385055542,0.002912135125993003,0.4701377415540946,0.12,0.002984606517470567,YELLOW,2.447324514389038,2.0978972911834717,5.0
122.57830905914307,0.002896477670233224,0.46888979343817744,0.12,0.0061496213344234725,YELLOW,2.447324514389038,2.0978972911834717,5.0
122.61352562904358,0.002871871046066231,0.46675144652571177,0.12,0.0061496213344234725,YELLOW,2.0977067947387695,2.4475467205047607,5.0
122.63079166412354,0.0028535416092730025,0.4653719447104743,0.12,0.0061496213344234725,UNKNOWN,2.7966883182525635,2.4459917545318604,5.0
122.63201856613159,0.002829335181838765,0.4634022034618797,0.3,0.01426680291409621,UNKNOWN,2.454009771347046,2.8056046962738037,5.0
122.6519021987915,0.002813183485840808,0.462224363893313,0.3,0.01426680291409621,UNKNOWN,2.3030855655670166,2.3030855655670166,5.0
122.6593189239502,0.002777226878711706,0.4596022792135728,0.3,0.01426680291409621,UNKNOWN,4.2045769691467285,4.555373191833496,5.0
122.67454409599304,0.0027305800698254664,0.4562003064302796,0.3,0.01426680291409621,UNKNOWN,4.2045769691467285,4.555373191833496,5.0
122.6822714805603,0.0026810856266451044,0.45258977561915853,0.3,0.015336467527910624,UNKNOWN,4.914284706115723,4.563680171966553,5.0
122.70471096038818,0.0026348606703208923,0.44882064654023474,0.3,0.015336467527910624,UNKNOWN,4.8937602043151855,4.5433807373046875,5.0
122.70585703849792,0.002584666299168663,0.4447278560012621,0.3,0.012785831640539591,UNKNOWN,4.907573223114014,4.907573223114014,5.0
122.7237024307251,0.0025495485983002245,0.44151342764391105,0.3,0.012785831640539591,UNKNOWN,6.150759696960449,6.149531364440918,5.0
122.7460286617279,0.00250447513615039,0.43738640747684393,0.3,0.012785831640539591,UNKNOWN,5.374937534332275,5.75828742980957,5.0
122.74703741073608,0.002446545973008666,0.43273649872346104,0.3,0.012785831640539591,UNKNOWN,6.334537029266357,5.631729602813721,5.0
122.78132343292236,0.002366257311020988,0.42674688619188345,0.3,0.01360319813719757,UNKNOWN,6.293691635131836,6.29311990737915,5.0
122.7823896408081,0.0023157679408147094,0.42364008977628903,0.3,0.01360319813719757,UNKNOWN,6.29311990737915,5.945121765136719,5.0
122.8116352558136,0.00224777475005809,0.4191948830154176,0.3,0.01360319813719757,UNKNOWN,7.008266448974609,6.307439804077148,5.0
122.81287097930908,0.0021680883468103633,0.4147954617220687,0.3,0.025497751806291102,UNKNOWN,5.594901084899902,6.291406154632568,5.0
122.82775235176086,0.0021126771805821906,0.4114558745250012,0.3,0.025497751806291102,UNKNOWN,6.669386386871338,6.668778419494629,5.0
122.82880115509033,0.0020613348546035886,0.40836120605350246,0.3,0.025497751806291102,UNKNOWN,5.943502426147461,5.943502426147461,5.0
122.86310410499573,0.001987738150285451,0.4039251506914123,0.3,0.025497751806291102,UNKNOWN,5.958653450012207,5.607633590698242,5.0
122.87821102142334,0.0019281299245855843,0.399443977007766,0.3,0.025497751806291102,UNKNOWN,5.7981791496276855,6.1611456871032715,5.0
122.87942671775818,0.0018592426188548251,0.3947808139134818,0.3,0.01676024447285851,UNKNOWN,6.007880210876465,5.650844097137451,5.0
122.90953946113586,0.0018074443331411213,0.39086511213869674,0.3,0.01676024447285851,UNKNOWN,5.607633590698242,5.608144283294678,5.0
122.91732668876648,0.001754283914929146,0.386847025318146,0.3,0.01676024447285851,UNKNOWN,5.607633590698242,5.608144283294678,5.0
122.91857385635376,0.0017139291337466183,0.38343542260802127,0.3,0.014586681399578527,UNKNOWN,5.594901084899902,5.245219707489014,5.0
122.93697834014893,0.001660127738941741,0.37888633192766813,0.3,0.014586681399578527,UNKNOWN,6.535181999206543,6.534529685974121,5.0
122.9580888748169,0.0015984968247447363,0.374223980778918,0.3,0.014586681399578527,UNKNOWN,6.309162139892578,6.305717468261719,5.0
122.95936369895935,0.0015579850800771199,0.37115609025247326,0.3,0.019905745248178786,UNKNOWN,5.943502426147461,6.292548656463623,5.0
122.97272849082947,0.0015120794522020266,0.36791220802859315,0.3,0.019905745248178786,UNKNOWN,5.958110809326172,5.609676361083984,5.0
122.97378611564636,0.001454914088480555,0.36354671645098896,0.3,0.019905745248178786,UNKNOWN,6.281141757965088,6.256756782531738,5.0
122.9963150024414,0.0013964400419968332,0.3590497563057605,0.3,0.019905745248178786,UNKNOWN,5.968978404998779,5.993027210235596,5.0
123.01519322395325,0.0013371416181737676,0.35452342859552005,0.3,0.019905745248178786,UNKNOWN,5.592360973358154,5.592868804931641,5.0
123.01637816429138,0.0012979449291755313,0.35153149309160564,0.3,0.01842156832348829,UNKNOWN,6.158753871917725,6.158753871917725,5.0
123.03042912483215,0.0012591385791882357,0.3485690194590287,0.3,0.01842156832348829,UNKNOWN,5.9624528884887695,5.961909770965576,5.0
123.05276465415955,0.0012228238841347637,0.34557487232527484,0.3,0.01842156832348829,UNKNOWN,5.934340953826904,5.585261821746826,5.0
123.05391597747803,0.00117348756647451,0.3411485014159842,0.3,0.018146074525871914,UNKNOWN,5.967345714569092,5.615813255310059,5.0
123.06691789627075,0.0011367824055074263,0.3382152544039127,0.3,0.018146074525871914,UNKNOWN,5.943502426147461,6.29311990737915,5.0
123.08733224868774,0.0010797804305529217,0.33365948704830073,0.3,0.018146074525871914,UNKNOWN,6.293691635131836,5.943502426147461,5.0
123.08845496177673,0.0010325147745502401,0.3294022092444222,0.3,0.018146074525871914,UNKNOWN,6.307439804077148,6.657247066497803,5.0
123.10824012756348,0.000992756725325477,0.32526913729589635,0.3,0.018146074525871914,UNKNOWN,5.594392776489258,5.245219707489014,5.0
123.129718542099,0.0009471115403161823,0.3205190430351052,0.296463444709312,0.012969387981753844,UNKNOWN,6.29311990737915,6.294834613800049,5.0
123.14542078971863,0.0009189601052181281,0.31759157796919085,0.296463444709312,0.012969387981753844,UNKNOWN,6.29311990737915,6.294834613800049,5.0
123.1538712978363,0.000876838203148467,0.3127252089175341,0.296463444709312,0.012969387981753844,UNKNOWN,5.942962646484375,5.241411209106445,5.0
123.17468762397766,0.000829683557446942,0.3086535753102709,0.296463444709312,0.012969387981753844,UNKNOWN,5.960280895233154,6.662097454071045,5.0
123.17593574523926,0.0007800146732522703,0.304365586863208,0.286463444709312,0.017553775176763153,UNKNOWN,5.593884468078613,5.594392776489258,5.0
123.18939113616943,0.0007470060518754714,0.30112186063345153,0.286463444709312,0.017553775176763153,UNKNOWN,5.958653450012207,5.607633590698242,5.0
123.20824408531189,0.0006770852984717421,0.2939979702434328,0.286463444709312,0.017553775176763153,UNKNOWN,5.258114337921143,6.291406154632568,5.0
123.2282965183258,0.0006351461871803795,0.28987954307218733,0.276463444709312,0.015528406016997565,UNKNOWN,6.298839569091797,6.298267841339111,5.0
123.25218915939331,0.0005900324925560647,0.2859677397106622,0.276463444709312,0.015528406016997565,UNKNOWN,5.2571563720703125,5.256678104400635,5.0
123.2532844543457,0.0005564653377517197,0.28305664982527967,0.276463444709312,0.015528406016997565,UNKNOWN,5.944042205810547,5.593884468078613,5.0
123.27173018455505,0.0005265441603215492,0.28022735881748984,0.276463444709312,0.015528406016997565,UNKNOWN,5.944042205810547,5.593884468078613,5.0
123.29593706130981,0.00047575982322024113,0.2761601091232569,0.266463444709312,0.017218393765569218,UNKNOWN,5.593884468078613,5.244266510009766,5.0
123.30840706825256,0.00042919732561554644,0.27195295522119184,0.266463444709312,0.017218393765569218,UNKNOWN,5.244266510009766,5.593376636505127,5.0
123.30956435203552,0.0003957060713790916,0.2695549622451085,0.256463444709312,0.023072068183727534,UNKNOWN,4.907126426696777,4.556202411651611,5.0
123.31416058540344,0.0003424931073625929,0.26546315675558985,0.256463444709312,0.023072068183727534,UNKNOWN,5.940804481506348,5.241886615753174,5.0
123.33001565933228,0.00030864246878098536,0.26215724394465595,0.256463444709312,0.023072068183727534,UNKNOWN,5.940804481506348,5.241886615753174,5.0
123.33115744590759,0.0002661882215286813,0.25871700900668754,0.256463444709312,0.023072068183727534,UNKNOWN,5.610698699951172,6.311460971832275,5.0
123.37647533416748,0.00021067889586187034,0.25470235928050544,0.256463444709312,0.023072068183727534,UNKNOWN,5.608144283294678,4.906679630279541,5.0
123.39718294143677,0.00017240314198775717,0.2512006405299564,0.24646344470931197,0.02559386703425881,UNKNOWN,4.894649028778076,6.292548656463623,5.0
123.39830183982849,0.00012608498045780497,0.24824329063293935,0.24646344470931197,0.02559386703425881,UNKNOWN,4.907126426696777,4.906679630279541,5.0
123.399245262146,8.862635000008156e-05,0.24585138704011056,0.24646344470931197,0.02559386703425881,UNKNOWN,5.244266510009766,4.195413589477539,5.0
123.4253921508789,3.804303203509631e-05,0.24189539355080236,0.24646344470931197,0.02559386703425881,UNKNOWN,5.319136619567871,5.316198825836182,5.0
123.42873334884644,5.15902003663838e-06,0.23932123917659975,0.23646344470931197,0.024850635147453115,UNKNOWN,4.562952041625977,4.9441752433776855,5.0
123.44448041915894,-4.8998283406214594e-05,0.23542246906921724,0.23646344470931197,0.024850635147453115,UNKNOWN,4.886661529541016,4.189326286315918,5.0
123.47458505630493,-9.592204034282201e-05,0.23204444008253453,0.23646344470931197,0.024850635147453115,UNKNOWN,5.244266510009766,4.894204139709473,5.0
123.48642778396606,-0.00015721827338248422,0.2271910553217452,0.23646344470931197,0.024850635147453115,UNKNOWN,5.244266510009766,4.894204139709473,5.0
123.48758625984192,-0.0001971121820684405,0.22445315968111096,0.22646344470931196,0.026084581893790926,UNKNOWN,4.556617259979248,4.906679630279541,5.0
123.51202917098999,-0.00023204317613016934,0.22187498014523024,0.22646344470931196,0.026084581893790926,UNKNOWN,4.545444011688232,5.244266510009766,5.0
123.51321625709534,-0.00027496747523810574,0.21911260701600538,0.22646344470931196,0.026084581893790926,UNKNOWN,4.206108093261719,4.205725193023682,5.0
123.52848267555237,-0.0003273238324507042,0.21574294332395041,0.21646344470931195,0.033582449558327454,UNKNOWN,4.894649028778076,4.195032119750977,5.0
123.5495913028717,-0.0003588857654519001,0.2132641536806199,0.21646344470931195,0.033582449558327454,UNKNOWN,5.257635116577148,4.556202411651611,5.0
123.55069184303284,-0.00039326526584326305,0.2100858818495298,0.21646344470931195,0.033582449558327454,UNKNOWN,4.1946516036987305,5.243790149688721,5.0
123.5837037563324,-0.0004271764825007296,0.20695090131073476,0.21646344470931195,0.033582449558327454,UNKNOWN,4.5728535652160645,3.869337797164917,5.0
123.59096336364746,-0.00045464162959634293,0.20351445857813713,0.21646344470931195,0.033582449558327454,UNKNOWN,4.894649028778076,4.195413589477539,5.0
123.61956262588501,-0.0004711616289257117,0.20029691714069373,0.20646344470931194,0.025377088609384035,UNKNOWN,4.206108093261719,4.906679630279541,5.0
123.62061810493469,-0.00048383263133010073,0.19835523639800223,0.20646344470931194,0.025377088609384035,UNKNOWN,4.1946516036987305,4.544206142425537,5.0
123.63335061073303,-0.0004937053569108661,0.19621708155955606,0.20646344470931194,0.025377088609384035,UNKNOWN,4.206491470336914,3.5054094791412354,5.0
123.63454747200012,-0.0005022197417512961,0.19385938842380107,0.19646344470931193,0.014113179279452215,UNKNOWN,4.195413589477539,3.8454463481903076,5.0
123.6588716506958,-0.0005188257897450782,0.19087852313397516,0.19646344470931193,0.014113179279452215,UNKNOWN,4.1946516036987305,4.1946516036987305,5.0
123.65985250473022,-0.0005341316680211258,0.18813104454662832,0.19646344470931193,0.014113179279452215,UNKNOWN,3.8555991649627686,3.5050902366638184,5.0
123.6864264011383,-0.0005482475739839509,0.18473487776224715,0.19646344470931193,0.014113179279452215,UNKNOWN,3.846144914627075,3.496177911758423,5.0
123.68769812583923,-0.0005593313181591181,0.18205802407491947,0.18646344470931192,0.013991076766022736,UNKNOWN,4.429520130157471,4.425700664520264,5.0
123.70591306686401,-0.0005713764595015097,0.17915090695076324,0.18646344470931192,0.013991076766022736,UNKNOWN,3.6482431888580322,3.6489346027374268,5.0
123.72912549972534,-0.0005837319742237248,0.17617195765930832,0.18646344470931192,0.013991076766022736,UNKNOWN,4.206108093261719,3.8457956314086914,5.0
123.73025703430176,-0.0005919799000230287,0.1731698380781794,0.1764634447093119,0.014673864255944302,UNKNOWN,3.8457956314086914,3.855248212814331,5.0
123.7573835849762,-0.000594601580317425,0.17120570890455086,0.1764634447093119,0.014673864255944302,UNKNOWN,3.8457956314086914,3.8454463481903076,5.0
123.75844097137451,-0.0005981518861776144,0.16854394243169307,0.1764634447093119,0.014673864255944302,UNKNOWN,3.5047709941864014,3.5044519901275635,5.0
123.77855825424194,-0.0006020605972347179,0.16596955209063247,0.1764634447093119,0.014673864255944302,UNKNOWN,3.4598023891448975,3.4594569206237793,5.0
123.79392552375793,-0.0006064498027542198,0.16307869417628237,0.1664634447093119,0.010134453527227194,UNKNOWN,3.5015835762023926,3.5015835762023926,5.0
123.82130217552185,-0.0005996341745564367,0.1579615668159389,0.1664634447093119,0.010134453527227194,UNKNOWN,3.146845817565918,3.496177911758423,5.0
123.8389220237732,-0.0005996042581029975,0.15547537927049085,0.1564634447093119,0.004855363512974886,UNKNOWN,3.5050902366638184,3.154294013977051,5.0
123.84261798858643,-0.0005972209449083998,0.15380624066681592,0.1564634447093119,0.004855363512974886,UNKNOWN,3.5050902366638184,3.154294013977051,5.0
123.85888242721558,-0.0005878098960173583,0.15160630096618322,0.1564634447093119,0.004855363512974886,UNKNOWN,2.7657980918884277,3.110964298248291,5.0
123.8666639328003,-0.0005835725890519471,0.15013550183191623,0.1564634447093119,0.004855363512974886,UNKNOWN,2.7657980918884277,3.110964298248291,5.0
123.88347339630127,-0.000579883177647473,0.14824062275309421,0.14646344470931189,0.00199249160532311,UNKNOWN,3.4598023891448975,3.0753798484802246,5.0
123.92758655548096,-0.0005610246454138771,0.14226816627358463,0.14646344470931189,0.00199249160532311,UNKNOWN,3.1514251232147217,3.0753798484802246,5.0
123.9288170337677,-0.0005527521158406568,0.14008677309222545,0.13646344470931188,0.000299706258010346,UNKNOWN,3.146559953689575,3.1462743282318115,5.0
123.94646167755127,-0.0005449819240058303,0.1380384184084051,0.13646344470931188,0.000299706258010346,UNKNOWN,2.787071466445923,2.7868192195892334,5.0
123.96069622039795,-0.0005392020361370747,0.13651720403020962,0.13646344470931188,0.000299706258010346,UNKNOWN,2.847363233566284,2.8457846641540527,5.0
123.9947259426117,-0.0005316535280080749,0.13453007977263948,0.12646344470931187,0.00030197664897446685,UNKNOWN,2.797196388244629,2.4477691650390625,5.0
123.99579739570618,-0.000519553765392344,0.1322165229707164,0.12646344470931187,0.00030197664897446685,UNKNOWN,2.804072141647339,2.803816795349121,5.0
123.99674701690674,-0.0005120651245520116,0.1307849858389589,0.12646344470931187,0.00030197664897446685,UNKNOWN,3.075072765350342,3.074765682220459,5.0
124.0177686214447,-0.0005066095640719389,0.12913008911446117,0.12646344470931187,0.00030197664897446685,UNKNOWN,2.451108455657959,3.1514251232147217,5.0
124.01901841163635,-0.0005007707357504801,0.1278807864639421,0.11646344470931187,-0.0015008131029485838,UNKNOWN,2.4533398151397705,2.1026711463928223,5.0
124.12177991867065,-0.00045041079196386004,0.11524463643675441,0.10634203745506964,0.0004604536465309117,UNKNOWN,2.4531164169311523,2.443552017211914,5.0
124.13854360580444,-0.0004425020297186107,0.1135852733048699,0.10634203745506964,0.0004604536465309117,UNKNOWN,2.804072141647339,2.1040120124816895,5.0
124.15681338310242,-0.0004366826237406213,0.11186710747269073,0.10634203745506964,0.0004604536465309117,UNKNOWN,2.1030540466308594,2.4533398151397705,5.0
124.15802645683289,-0.00043379207365523904,0.11039156963761224,0.10068116380473827,0.0038891715477440414,UNKNOWN,1.7480889558792114,2.0975160598754883,5.0
124.17256546020508,-0.0004332019524492865,0.10923341203438197,0.10068116380473827,0.0038891715477440414,UNKNOWN,1.7523854970932007,2.1026711463928223,5.0
124.19455599784851,-0.000431180021020117,0.10786095969859973,0.10068116380473827,0.0038891715477440414,UNKNOWN,1.7522259950637817,2.1026711463928223,5.0
124.19566941261292,-0.0004310585551453026,0.10688435262451901,0.10068116380473827,0.0038891715477440414,UNKNOWN,2.0977067947387695,1.748247742652893,5.0
124.2174563407898,-0.00042933964192425045,0.10529821614477035,0.10068116380473827,0.0038891715477440414,UNKNOWN,2.0977067947387695,1.748247742652893,5.0
124.24055814743042,-0.00042764019872523014,0.1037356692684882,0.10068116380473827,0.0038891715477440414,UNKNOWN,2.1026711463928223,2.101714849472046,5.0
124.27018189430237,-0.0004258070697798559,0.10204782739442796,0.10068116380473827,0.0038891715477440414,UNKNOWN,2.106506109237671,2.446213722229004,5.0
124.28239822387695,-0.00042608606049525225,0.10116920963497411,0.10068116380473827,0.0038891715477440414,UNKNOWN,1.7533432245254517,1.7531836032867432,5.0
124.29006791114807,-0.00042650298077785855,0.09985442375010514,0.10068116380473827,0.0038891715477440414,UNKNOWN,1.7533432245254517,1.7531836032867432,5.0
124.29139566421509,-0.00042681033401906166,0.09888516482924753,0.10068116380473827,0.0038891715477440414,UNKNOWN,1.7480889558792114,1.7480889558792114,5.0
124.30524253845215,-0.00042860363339185085,0.09747013866304642,0.10068116380473827,0.0038891715477440414,UNKNOWN,1.9221123456954956,1.538150668144226,5.0
124.3215925693512,-0.00042996850514170784,0.09639316887826782,0.10068116380473827,0.0038891715477440414,UNKNOWN,1.7525451183319092,1.4019083976745605,5.0
124.32265996932983,-0.00042994267018037273,0.09543121884495563,0.10068116380473827,0.0038891715477440414,UNKNOWN,2.0977067947387695,1.7479301691055298,5.0
124.32696628570557,-0.0004289103852584433,0.09436999559316886,0.10068116380473827,0.0038891715477440414,UNKNOWN,2.102862596511841,2.1026711463928223,5.0
124.3503348827362,-0.0004273018226303835,0.09271722708217056,0.10068116380473827,0.0038891715477440414,UNKNOWN,1.748247742652893,1.7480889558792114,5.0
124.36566352844238,-0.0004265263513358369,0.09192110995138006,0.10068116380473827,0.0038891715477440414,UNKNOWN,1.7525451183319092,1.4019083976745605,5.0
124.36671781539917,-0.000424331256382975,0.09078419883637288,0.10068116380473827,0.0038891715477440414,UNKNOWN,1.7480889558792114,2.4471020698547363,5.0
124.38560962677002,-0.0004244852137786282,0.0894705490518125,0.10068116380473827,0.0038891715477440414,UNKNOWN,1.7525451183319092,2.102862596511841,5.0
124.400887966156,-0.0004260100051118597,0.08838730370413213,0.10068116380473827,0.0038891715477440414,UNKNOWN,1.7477715015411377,1.0485676527023315,5.0
124.4173355102539,-0.0004239000406035258,0.08699969839147134,0.10068116380473827,0.0038891715477440414,UNKNOWN,1.7477715015411377,1.0485676527023315,5.0
124.42305111885071,-0.000426115039215988,0.08550199925104945,0.10068116380473827,0.0038891715477440414,UNKNOWN,1.7477715015411377,1.0485676527023315,5.0
124.46818780899048,-0.0004261302644198001,0.08323535141123706,0.10068116380473827,0.0038891715477440414,UNKNOWN,1.7477715015411377,1.0514312982559204,5.0
124.48624777793884,-0.000430528958712065,0.08113565652113582,0.10068116380473827,0.0038891715477440414,UNKNOWN,1.3985981941223145,1.3984711170196533,5.0
124.48737120628357,-0.0004357553705411716,0.08002308473626853,0.10068116380473827,0.0038891715477440414,UNKNOWN,1.5208338499069214,1.521134376525879,5.0
124.51937484741211,-0.00044066791263142036,0.07897759240269736,0.0795494973076189,0.006598388128488786,UNKNOWN,1.4043374061584473,1.0531569719314575,5.0
124.53757762908936,-0.00044378305766927344,0.07796735454130112,0.0795494973076189,0.006598388128488786,UNKNOWN,1.7480889558792114,1.3983441591262817,5.0
124.54153752326965,-0.0004452655735939643,0.07717438450026491,0.0795494973076189,0.006598388128488786,UNKNOWN,1.4020360708236694,1.7523854970932007,5.0
124.55930256843567,-0.0004481981181130535,0.07613510592527406,0.0795494973076189,0.006598388128488786,UNKNOWN,1.3984711170196533,1.3983441591262817,5.0
124.56034827232361,-0.000450199130379975,0.07542582934944343,0.0795494973076189,0.006598388128488786,UNKNOWN,1.7523854970932007,1.0513355731964111,5.0
124.7186849117279,-0.00045075819351078774,0.07480732542197178,0.0795494973076189,0.006598388128488786,UNKNOWN,1.3985981941223145,1.0488533973693848,5.0
124.72192072868347,-0.00045069628834986547,0.07360809193959568,0.06788445561371005,0.013745181562927478,UNKNOWN,1.7525451183319092,1.7523854970932007,5.0
124.7463915348053,-0.00044975815943038656,0.07297962412300826,0.06788445561371005,0.013745181562927478,UNKNOWN,1.7480889558792114,1.3983441591262817,5.0
124.75236296653748,-0.00044936342176950933,0.07223608622613661,0.06788445561371005,0.013745181562927478,UNKNOWN,1.0515270233154297,1.7523854970932007,5.0
124.89629602432251,-0.00044338111022726315,0.06882910376642241,0.06501373551343809,0.006020098099544402,UNKNOWN,1.5376899242401123,1.9219204187393188,5.0
124.897390127182,-0.00044256467385357987,0.06770497135386527,0.06501373551343809,0.006020098099544402,UNKNOWN,1.3985981941223145,0.6992355585098267,5.0
124.89832019805908,-0.00044289628128458685,0.06717310782327363,0.06501373551343809,0.006020098099544402,UNKNOWN,0.7688449621200562,1.1525769233703613,5.0
124.8992326259613,-0.0004421031519327862,0.06591275442287331,0.06501373551343809,0.006020098099544402,UNKNOWN,0.6991720795631409,1.0104963779449463,5.0
124.90027093887329,-0.0004424562489650228,0.06463906811881386,0.06501373551343809,0.006020098099544402,UNKNOWN,1.3478001356124878,1.092402696609497,5.0
124.90116429328918,-0.00044262129919416616,0.06404235161747235,0.06501373551343809,0.006020098099544402,UNKNOWN,1.456674575805664,1.748724102973938,5.0
124.90205144882202,-0.0004420031185131807,0.06308553176536848,0.06501373551343809,0.006020098099544402,UNKNOWN,1.0489486455917358,1.7523854970932007,5.0
124.90294766426086,-0.0004395113908686638,0.061912553682930575,0.06501373551343809,0.006020098099544402,UNKNOWN,1.4020360708236694,0.6991720795631409,5.0
124.94896984100342,-0.0004391041182349049,0.061343622755237026,0.06501373551343809,0.006020098099544402,UNKNOWN,1.3984711170196533,0.6991720795631409,5.0
124.95018172264099,-0.00043670805268885546,0.06047746430829997,0.055013735513438085,0.013699816679314303,UNKNOWN,1.0515270233154297,1.4019083976745605,5.0
124.95111608505249,-0.00043554344719441387,0.05966249812896533,0.055013735513438085,0.013699816679314303,UNKNOWN,1.3983441591262817,1.7479301691055298,5.0
124.97070050239563,-0.0004351325533262557,0.05874956877904728,0.055013735513438085,0.013699816679314303,UNKNOWN,1.4020360708236694,1.0514312982559204,5.0
124.99948740005493,-0.0004317379914833675,0.05692498172205619,0.055013735513438085,0.013699816679314303,UNKNOWN,1.1531522274017334,1.5373828411102295,5.0
125.0007848739624,-0.0004221153027628846,0.054873224245571305,0.05071204711767814,0.005847482896042866,UNKNOWN,0.35050901770591736,0.7009541988372803,5.0
125.00186657905579,-0.0004195917012927584,0.054462690397113996,0.04901787601492976,0.0060725149122546895,UNKNOWN,1.049043893814087,1.0489486455917358,5.0
125.00278067588806,-0.00041619585122370145,0.05373518935591154,0.04901787601492976,0.0060725149122546895,UNKNOWN,1.7525451183319092,1.4019083976745605,5.0
125.00369715690613,-0.00041064114901998017,0.052545283308790096,0.04901787601492976,0.0060725149122546895,UNKNOWN,0.34961777925491333,0.6991720795631409,5.0
125.00456237792969,-0.0004090210771830805,0.052279616667343126,0.04901787601492976,0.0060725149122546895,UNKNOWN,1.0498065948486328,1.3997421264648438,5.0
125.0807843208313,-0.00040562250980211476,0.051618525919883945,0.04901787601492976,0.0060725149122546895,UNKNOWN,1.0498065948486328,1.3997421264648438,5.0
125.0819764137268,-0.00040304046890727696,0.051225539290373226,0.04645810764212607,0.002575421458557159,UNKNOWN,1.0504751205444336,0.7003167271614075,5.0
125.0879294872284,-0.00039900948377841444,0.05044346558161088,0.04645810764212607,0.002575421458557159,UNKNOWN,0.35047709941864014,0.7008903622627258,5.0
125.09594750404358,-0.00039766240390769463,0.05018213063381107,0.04645810764212607,0.002575421458557159,UNKNOWN,0.3496495485305786,0.34961777925491333,5.0
125.09703373908997,-0.0003962785530453132,0.04991366875931616,0.044923717635811634,0.0036325267398553684,UNKNOWN,0.7093489170074463,0.35447850823402405,5.0
125.097904920578,-0.00039137049399438065,0.049112081510888785,0.044923717635811634,0.0036325267398553684,UNKNOWN,1.520683765411377,1.521134376525879,5.0
125.13832879066467,-0.00038675127899957275,0.0483575102394041,0.044923717635811634,0.0036325267398553684,UNKNOWN,1.520683765411377,1.521134376525879,5.0
125.13958215713501,-0.00038675127899957275,0.0483575102394041,0.04308795562106754,0.0030078176600625284,UNKNOWN,0.6992990970611572,1.3984711170196533,5.0
125.25557732582092,-0.00034535784028964507,0.043522696432172506,0.04080348782603053,-0.0035914460644352886,UNKNOWN,1.3984711170196533,1.0489486455917358,5.0
125.2686448097229,-0.0003415185505382327,0.04302879111879566,0.04080348782603053,-0.0035914460644352886,UNKNOWN,1.3984711170196533,1.0489486455917358,5.0
125.26983213424683,-0.0003359274796370936,0.04230955047242662,0.039171659974777194,0.00032355793697647073,UNKNOWN,0.7009541988372803,0.7008903622627258,5.0
125.27076697349548,-0.0003343105770034447,0.04204954432733142,0.039171659974777194,0.00032355793697647073,UNKNOWN,0.7688449621200562,1.1531522274017334,5.0
125.33711338043213,-0.00033110928769243634,0.041695019627835665,0.039171659974777194,0.00032355793697647073,UNKNOWN,0.7008903622627258,0.0,5.0
125.34042119979858,-0.0003272813467506647,0.04134532183416755,0.039171659974777194,0.00032355793697647073,UNKNOWN,0.7009541988372803,1.7522259950637817,5.0
125.3442862033844,-0.0003205953915830225,0.040824489771952806,0.03752670088153312,-0.006009872762140045,UNKNOWN,0.7009541988372803,1.7522259950637817,5.0
125.37766885757446,-0.0003076574000900835,0.0396839006789835,0.03752670088153312,-0.006009872762140045,UNKNOWN,1.0515270233154297,0.35047709941864014,5.0
125.378732919693,-0.0003034387416224909,0.03933060588782746,0.035716583924025526,-0.008375578435154019,UNKNOWN,0.35050901770591736,1.0514312982559204,5.0
125.37959837913513,-0.00029948279732927894,0.03893623258158121,0.035716583924025526,-0.008375578435154019,UNKNOWN,0.6991720795631409,0.34958603978157043,5.0
125.38043403625488,-0.00029063601206717087,0.038163747098778025,0.035716583924025526,-0.008375578435154019,UNKNOWN,0.3504451811313629,0.0,5.0
125.38140916824341,-0.00028057771258082774,0.037457193874236544,0.035716583924025526,-0.008375578435154019,UNKNOWN,1.3985981941223145,0.6994896531105042,5.0
125.38499069213867,-0.00027942918600300665,0.037364014089011785,0.035716583924025526,-0.008375578435154019,UNKNOWN,0.0,0.3491421937942505,5.0
125.44228053092957,-0.0002780150186334458,0.03723906947033882,0.035716583924025526,-0.008375578435154019,UNKNOWN,0.3511163592338562,0.0,5.0
125.45750164985657,-0.0002746468089647367,0.0369732152813891,0.035716583924025526,-0.008375578435154019,UNKNOWN,0.3511163592338562,0.0,5.0
125.46926474571228,-0.00023583458209162062,0.034464737329680646,0.03371242023936878,-0.009669626139783727,UNKNOWN,1.7551016807556152,1.4040813446044922,5.0
125.5180869102478,-0.00023270827781030968,0.034289344919818075,0.03125350654063273,-0.021795091433157943,UNKNOWN,0.35050901770591736,0.35047709941864014,5.0
125.51923060417175,-0.00022894149142241004,0.03409834817939647,0.03125350654063273,-0.021795091433157943,UNKNOWN,0.6990451216697693,0.0,5.0
125.5370626449585,-0.00021033407534604495,0.0332443211086141,0.03125350654063273,-0.021795091433157943,UNKNOWN,0.6992355585098267,1.7479301691055298,5.0
125.54521417617798,-0.0001776619882062591,0.03137309446723003,0.029920487836609153,-0.023000188201134364,UNKNOWN,0.7688449621200562,0.7687681913375854,5.0
125.56575536727905,-0.00017599404112679816,0.03128243726025818,0.02845883605719474,-0.02526755546406001,UNKNOWN,0.34961777925491333,0.0,5.0
125.5751678943634,-0.00017095986055663982,0.031022662060149142,0.02845883605719474,-0.02526755546406001,UNKNOWN,0.35050901770591736,0.35047709941864014,5.0
125.57642555236816,-0.0001546703654719032,0.030182092508082924,0.02716423993381057,-0.02849769650995526,UNKNOWN,0.6989816427230835,1.3963154554367065,5.0
125.5773618221283,-0.0001546703654719032,0.030182092508082924,0.02716423993381057,-0.02849769650995526,UNKNOWN,1.0521975755691528,1.0529650449752808,5.0
125.71529817581177,-0.00015123520306581703,0.030004801137523945,0.02716423993381057,-0.02849769650995526,UNKNOWN,0.35050901770591736,0.3503176271915436,5.0
125.73268699645996,-0.00014110214184804648,0.029481840199638464,0.02716423993381057,-0.02849769650995526,UNKNOWN,0.6992355585098267,0.6991720795631409,5.0
125.74822354316711,-0.00012815632772276384,0.028813723701462863,0.02716423993381057,-0.02849769650995526,UNKNOWN,0.7010180354118347,0.7009541988372803,5.0
125.7557110786438,-0.000122883442453136,0.02856049144292081,0.025932607833512394,-0.03274319245419477,UNKNOWN,0.34993553161621094,0.34990376234054565,5.0
125.75680589675903,-0.00011737602535271823,0.028295997286392167,0.025932607833512394,-0.03274319245419477,UNKNOWN,0.7003167271614075,0.35015836358070374,5.0
125.78826403617859,-9.511415199297517e-05,0.027248409444273043,0.025932607833512394,-0.03274319245419477,UNKNOWN,0.3504451811313629,0.3504451811313629,5.0
125.7895290851593,-8.568368926727688e-05,0.026855481101077258,0.02523154614783326,-0.035577750477672865,UNKNOWN,0.0,0.35047709941864014,5.0
125.79076313972473,-8.119383903314836e-05,0.02667883959964473,0.024011066836079682,-0.04091754107599499,UNKNOWN,0.35050901770591736,0.6994896531105042,5.0
125.79179334640503,-6.180113723740169e-05,0.02584513791403271,0.024011066836079682,-0.04091754107599499,UNKNOWN,0.0,0.3502539098262787,5.0
125.79283809661865,-5.875662077112594e-05,0.025715374446497796,0.022825024334530875,-0.040093798623057175,UNKNOWN,0.7004441022872925,0.7000620365142822,5.0
125.79374146461487,-5.09417179960863e-05,0.025361086987318072,0.022825024334530875,-0.040093798623057175,UNKNOWN,1.0515270233154297,0.7009541988372803,5.0
125.79463911056519,-4.1205187208226436e-05,0.02491970373034533,0.022825024334530875,-0.040093798623057175,UNKNOWN,0.34961777925491333,1.0487580299377441,5.0
125.79554414749146,-2.9146627563616323e-05,0.024395746531152823,0.022825024334530875,-0.040093798623057175,UNKNOWN,0.0,0.3505728244781494,5.0
125.9375536441803,-2.6483815196585207e-05,0.02426379556341221,0.022825024334530875,-0.040093798623057175,UNKNOWN,0.3496813178062439,0.0,5.0
125.949786901474,-1.5278600677746826e-05,0.023745221156273467,0.022825024334530875,-0.040093798623057175,UNKNOWN,0.3504451811313629,1.050857424736023,5.0
125.9705958366394,-8.678401631293673e-06,0.023394217291920368,0.02183742901519725,-0.04102574192930186,UNKNOWN,1.049139142036438,0.34977659583091736,5.0
125.97547149658203,-1.4227128951221792e-06,0.02304373334714422,0.02183742901519725,-0.04102574192930186,UNKNOWN,1.049139142036438,0.34977659583091736,5.0
125.98455572128296,5.9335089182656714e-06,0.02265257791294726,0.02183742901519725,-0.04102574192930186,UNKNOWN,0.3496495485305786,0.6992355585098267,5.0
125.9859721660614,8.983130070175427e-06,0.022477274858362154,0.02022954898809012,-0.035588532677152784,UNKNOWN,0.35050901770591736,0.35047709941864014,5.0
125.98704242706299,2.3730524210785597e-05,0.02155071645212794,0.02022954898809012,-0.035588532677152784,UNKNOWN,0.35102033615112305,0.34958603978157043,5.0
125.9881043434143,2.6442172781815953e-05,0.021356998706419633,0.01939565656577822,-0.03019633805311095,UNKNOWN,0.6992355585098267,0.35041332244873047,5.0
125.98916482925415,3.1651166956772516e-05,0.020984872827070577,0.018647242858221474,-0.03412562811312281,UNKNOWN,0.35041332244873047,0.34942740201950073,5.0
125.9901020526886,3.572756416483546e-05,0.020719127927505392,0.018647242858221474,-0.03412562811312281,UNKNOWN,0.34945911169052124,0.0,5.0
125.99104070663452,3.770564526211351e-05,0.020590175701492096,0.018647242858221474,-0.03412562811312281,UNKNOWN,0.35070058703422546,1.0487580299377441,5.0
125.99457454681396,4.6485064599724997e-05,0.020065537753598664,0.018647242858221474,-0.03412562811312281,UNKNOWN,0.34961777925491333,1.0487580299377441,5.0
126.1274254322052,5.030697021869399e-05,0.01979053089703602,0.018647242858221474,-0.03412562811312281,UNKNOWN,0.0,0.7012734413146973,5.0
126.13068175315857,5.030697021869399e-05,0.01979053089703602,0.018647242858221474,-0.03412562811312281,UNKNOWN,0.0,0.0,5.0
126.13903141021729,5.421354179797936e-05,0.019432907346566677,0.0,0.0,UNKNOWN,1.0488533973693848,0.34942740201950073,5.0
126.1667115688324,5.980286438554415e-05,0.018998210463196497,0.0,0.0,UNKNOWN,0.7688449621200562,0.3843840956687927,5.0
126.16782093048096,6.348530581273148e-05,0.0187429300191242,0.0,0.0,UNKNOWN,0.0,0.3511163592338562,5.0
126.19585156440735,6.760111113651621e-05,0.01837122491583349,0.0,0.0,UNKNOWN,0.0,0.6992990970611572,5.0
126.19709897041321,6.760111113651621e-05,0.01837122491583349,0.0,0.0,UNKNOWN,0.0,0.0,5.0
126.19821190834045,6.760111113651621e-05,0.01837122491583349,0.0,0.0,UNKNOWN,0.0,0.0,5.0
126.19928407669067,6.760111113651621e-05,0.01837122491583349,0.0,0.0,UNKNOWN,0.0,0.0,5.0
126.20020914077759,6.760111113651621e-05,0.01837122491583349,0.0,0.0,UNKNOWN,0.0,0.0,5.0
126.23324656486511,6.760111113651621e-05,0.01837122491583349,0.0,0.0,UNKNOWN,0.0,0.0,5.0
126.32475423812866,6.760111113651621e-05,0.01837122491583349,0.0,0.0,UNKNOWN,0.0,0.0,5.0
126.33009362220764,6.760111113651621e-05,0.01837122491583349,0.0,0.0,UNKNOWN,0.0,0.0,5.0
126.33124852180481,6.760111113651621e-05,0.01837122491583349,0.0,0.0,UNKNOWN,0.0,0.0,5.0
126.34997272491455,6.760111113651621e-05,0.01837122491583349,0.0,0.0,UNKNOWN,0.0,0.0,5.0
126.36560416221619,6.760111113651621e-05,0.01837122491583349,0.0,0.0,UNKNOWN,0.0,0.0,5.0
126.36687135696411,6.760111113651621e-05,0.01837122491583349,0.0,0.0,UNKNOWN,0.0,0.0,5.0
126.36782908439636,6.760111113651621e-05,0.01837122491583349,0.0,0.0,UNKNOWN,0.0,0.0,5.0
126.3948929309845,6.760111113651621e-05,0.01837122491583349,0.0,0.0,UNKNOWN,0.0,0.0,5.0
126.39616322517395,6.760111113651621e-05,0.01837122491583349,0.0,0.0,UNKNOWN,0.0,0.0,5.0
126.39709901809692,6.760111113651621e-05,0.01837122491583349,0.0,0.0,UNKNOWN,0.0,0.0,5.0
126.39817094802856,6.760111113651621e-05,0.01837122491583349,0.0,0.0,UNKNOWN,0.0,0.0,5.0
126.39926171302795,6.760111113651621e-05,0.01837122491583349,0.0,0.0,UNKNOWN,0.0,0.0,5.0
126.4001989364624,6.760111113651621e-05,0.01837122491583349,0.0,0.0,UNKNOWN,0.0,0.0,5.0
126.40110516548157,6.760111113651621e-05,0.01837122491583349,0.0,0.0,UNKNOWN,0.0,0.0,5.0
126.40661811828613,6.760111113651621e-05,0.01837122491583349,0.0,0.0,UNKNOWN,0.0,0.0,5.0
126.45607304573059,6.760111113651621e-05,0.01837122491583349,0.0,0.0,UNKNOWN,0.0,0.0,5.0
126.45736980438232,6.760111113651621e-05,0.01837122491583349,0.0,0.0,UNKNOWN,0.0,0.0,5.0
126.4639778137207,6.760111113651621e-05,0.01837122491583349,0.0,0.0,UNKNOWN,0.0,0.0,5.0
126.5086441040039,6.760111113651621e-05,0.01837122491583349,0.0,0.0,UNKNOWN,0.0,0.0,5.0
126.5166597366333,6.760111113651621e-05,0.01837122491583349,0.0,0.0,UNKNOWN,0.0,0.0,5.0
126.517897605896,6.760111113651621e-05,0.01837122491583349,0.0,0.0,UNKNOWN,0.0,0.0,5.0
126.51883864402771,6.760111113651621e-05,0.01837122491583349,0.0,0.0,UNKNOWN,0.0,0.0,5.0
126.53567600250244,6.760111113651621e-05,0.01837122491583349,0.0,0.0,UNKNOWN,0.0,0.0,5.0
126.53694176673889,6.760111113651621e-05,0.01837122491583349,0.0,0.0,UNKNOWN,0.0,0.0,5.0
126.54343795776367,6.760111113651621e-05,0.01837122491583349,0.0,0.0,UNKNOWN,0.0,0.0,5.0
126.54457998275757,6.760111113651621e-05,0.01837122491583349,0.0,0.0,UNKNOWN,0.0,0.0,5.0
126.57000041007996,6.760111113651621e-05,0.01837122491583349,0.0,0.0,UNKNOWN,0.0,0.0,5.0
126.57127737998962,6.760111113651621e-05,0.01837122491583349,0.0,0.0,UNKNOWN,0.0,0.0,5.0
126.58819365501404,6.760111113651621e-05,0.01837122491583349,0.0,0.0,UNKNOWN,0.0,0.0,5.0
126.59613013267517,6.760111113651621e-05,0.01837122491583349,0.0,0.0,UNKNOWN,0.0,0.0,5.0
126.74308228492737,6.760111113651621e-05,0.01837122491583349,0.0,0.0,UNKNOWN,0.0,0.0,5.0
126.7443950176239,6.760111113651621e-05,0.01837122491583349,0.0,0.0,UNKNOWN,0.0,0.0,5.0
126.76685047149658,6.760111113651621e-05,0.01837122491583349,0.0,0.0,UNKNOWN,0.0,0.0,5.0
126.76786971092224,6.760111113651621e-05,0.01837122491583349,0.0,0.0,UNKNOWN,0.0,0.0,5.0
126.77546119689941,6.760111113651621e-05,0.01837122491583349,0.0,0.0,UNKNOWN,0.0,0.0,5.0
126.80444836616516,6.760111113651621e-05,0.01837122491583349,0.0,0.0,UNKNOWN,0.0,0.0,5.0
126.80557513237,6.760111113651621e-05,0.01837122491583349,0.0,0.0,UNKNOWN,0.0,0.0,5.0
126.8066713809967,6.760111113651621e-05,0.01837122491583349,0.0,0.0,UNKNOWN,0.0,0.0,5.0
126.80764746665955,6.760111113651621e-05,0.01837122491583349,0.0,0.0,UNKNOWN,0.0,0.0,5.0
126.80857729911804,6.760111113651621e-05,0.01837122491583349,0.0,0.0,UNKNOWN,0.0,0.0,5.0
126.80947947502136,6.760111113651621e-05,0.01837122491583349,0.0,0.0,UNKNOWN,0.0,0.0,5.0
126.81047821044922,6.760111113651621e-05,0.01837122491583349,0.0,0.0,UNKNOWN,0.0,0.0,5.0
126.8115291595459,6.760111113651621e-05,0.01837122491583349,0.0,0.0,UNKNOWN,0.0,0.0,5.0
126.93241167068481,6.760111113651621e-05,0.01837122491583349,0.0,0.0,UNKNOWN,0.0,0.0,5.0
126.93621826171875,6.760111113651621e-05,0.01837122491583349,0.0,0.0,UNKNOWN,0.0,0.0,5.0
126.96080470085144,6.760111113651621e-05,0.01837122491583349,0.0,0.0,UNKNOWN,0.0,0.0,5.0
126.96838927268982,6.760111113651621e-05,0.01837122491583349,0.0,0.0,UNKNOWN,0.0,0.0,5.0
126.98740315437317,6.760111113651621e-05,0.01837122491583349,0.0,0.0,UNKNOWN,0.0,0.0,5.0
126.98850417137146,6.760111113651621e-05,0.01837122491583349,0.0,0.0,UNKNOWN,0.0,0.0,5.0
126.98955988883972,6.760111113651621e-05,0.01837122491583349,0.0,0.0,UNKNOWN,0.0,0.0,5.0
126.99052834510803,6.760111113651621e-05,0.01837122491583349,0.0,0.0,UNKNOWN,0.0,0.0,5.0
126.99148225784302,6.760111113651621e-05,0.01837122491583349,0.0,0.0,UNKNOWN,0.0,0.0,5.0
126.99259543418884,6.760111113651621e-05,0.01837122491583349,0.0,0.0,UNKNOWN,0.0,0.0,5.0
126.99360656738281,6.760111113651621e-05,0.01837122491583349,0.0,0.0,UNKNOWN,0.0,0.0,5.0
126.99464726448059,6.760111113651621e-05,0.01837122491583349,0.0,0.0,UNKNOWN,0.0,0.0,5.0
126.99567294120789,6.760111113651621e-05,0.01837122491583349,0.0,0.0,UNKNOWN,0.0,0.0,5.0
126.9966950416565,6.760111113651621e-05,0.01837122491583349,0.0,0.0,UNKNOWN,0.0,0.0,5.0
126.99772548675537,6.760111113651621e-05,0.01837122491583349,0.0,0.0,UNKNOWN,0.0,0.0,5.0
127.01780152320862,6.760111113651621e-05,0.01837122491583349,0.0,0.0,UNKNOWN,0.0,0.0,5.0
127.01893305778503,6.760111113651621e-05,0.01837122491583349,0.0,0.0,UNKNOWN,0.0,0.0,5.0
127.15922355651855,6.760111113651621e-05,0.01837122491583349,0.0,0.0,UNKNOWN,0.0,0.0,5.0
127.16048622131348,6.760111113651621e-05,0.01837122491583349,0.0,0.0,UNKNOWN,0.0,0.0,5.0
127.20229172706604,6.760111113651621e-05,0.01837122491583349,0.0,0.0,UNKNOWN,0.0,0.0,5.0
127.20375537872314,6.760111113651621e-05,0.01837122491583349,0.0,0.0,UNKNOWN,0.0,0.0,5.0
127.20485401153564,6.760111113651621e-05,0.01837122491583349,0.0,0.0,UNKNOWN,0.0,0.0,5.0
127.2057831287384,6.760111113651621e-05,0.01837122491583349,0.0,0.0,UNKNOWN,0.0,0.0,5.0
127.20673680305481,6.760111113651621e-05,0.01837122491583349,0.0,0.0,UNKNOWN,0.0,0.0,5.0
127.20766568183899,6.760111113651621e-05,0.01837122491583349,0.0,0.0,UNKNOWN,0.0,0.0,5.0
127.2258780002594,6.760111113651621e-05,0.01837122491583349,0.0,0.0,UNKNOWN,0.0,0.0,5.0
127.22715067863464,6.760111113651621e-05,0.01837122491583349,0.0,0.0,UNKNOWN,0.0,0.0,5.0
127.24163818359375,6.760111113651621e-05,0.01837122491583349,0.0,0.0,UNKNOWN,0.0,0.0,5.0
127.24277210235596,6.760111113651621e-05,0.01837122491583349,0.0,0.0,UNKNOWN,0.0,0.0,5.0
127.2644112110138,6.760111113651621e-05,0.01837122491583349,0.0,0.0,UNKNOWN,0.0,0.0,5.0
127.26557183265686,6.760111113651621e-05,0.01837122491583349,0.0,0.0,UNKNOWN,0.0,0.0,5.0
127.27197742462158,6.760111113651621e-05,0.01837122491583349,0.0,0.0,UNKNOWN,0.0,0.0,5.0
127.28720140457153,6.760111113651621e-05,0.01837122491583349,0.0,0.0,UNKNOWN,0.0,0.0,5.0
127.30220413208008,6.760111113651621e-05,0.01837122491583349,0.0,0.0,UNKNOWN,0.0,0.0,5.0
127.3032898902893,6.760111113651621e-05,0.01837122491583349,0.0,0.0,UNKNOWN,0.0,0.0,5.0
127.32435297966003,6.760111113651621e-05,0.01837122491583349,0.0,0.0,UNKNOWN,0.0,0.0,5.0
127.34293913841248,6.760111113651621e-05,0.01837122491583349,0.0,0.0,UNKNOWN,0.0,0.0,5.0
127.36416554450989,6.760111113651621e-05,0.01837122491583349,0.0,0.0,UNKNOWN,0.0,0.0,5.0
127.36528301239014,6.760111113651621e-05,0.01837122491583349,0.0,0.0,UNKNOWN,0.0,0.0,5.0
127.39060878753662,6.760111113651621e-05,0.01837122491583349,0.0,0.0,UNKNOWN,0.0,0.0,5.0
127.39164090156555,6.760111113651621e-05,0.01837122491583349,0.0,0.0,UNKNOWN,0.0,0.0,5.0
127.40905928611755,6.760111113651621e-05,0.01837122491583349,0.0,0.0,UNKNOWN,0.0,0.0,5.0
127.41021633148193,6.760111113651621e-05,0.01837122491583349,0.0,0.0,UNKNOWN,0.0,0.0,5.0
127.42532634735107,6.760111113651621e-05,0.01837122491583349,0.0,0.0,UNKNOWN,0.0,0.0,5.0
127.43976354598999,6.760111113651621e-05,0.01837122491583349,0.0,0.0,UNKNOWN,0.0,0.0,5.0
127.4612762928009,6.760111113651621e-05,0.01837122491583349,0.0,0.0,UNKNOWN,0.0,0.0,5.0
127.48403406143188,6.760111113651621e-05,0.01837122491583349,0.0,0.0,UNKNOWN,0.0,0.0,5.0
127.50535297393799,6.760111113651621e-05,0.01837122491583349,0.0,0.0,UNKNOWN,0.0,0.0,5.0
127.50647926330566,6.760111113651621e-05,0.01837122491583349,0.0,0.0,UNKNOWN,0.0,0.0,5.0
127.5211009979248,6.760111113651621e-05,0.01837122491583349,0.0,0.0,UNKNOWN,0.0,0.0,5.0
127.52472162246704,6.760111113651621e-05,0.01837122491583349,0.0,0.0,UNKNOWN,0.0,0.0,5.0
127.54450583457947,6.760111113651621e-05,0.01837122491583349,0.0,0.0,UNKNOWN,0.0,0.0,5.0
127.55865383148193,6.760111113651621e-05,0.01837122491583349,0.0,0.0,UNKNOWN,0.0,0.0,5.0
127.56281876564026,6.760111113651621e-05,0.01837122491583349,0.0,0.0,UNKNOWN,0.0,0.0,5.0
127.57866883277893,6.760111113651621e-05,0.01837122491583349,0.0,0.0,UNKNOWN,0.0,0.0,5.0
127.61369585990906,6.760111113651621e-05,0.01837122491583349,0.0,0.0,UNKNOWN,0.0,0.0,5.0
127.61483812332153,6.760111113651621e-05,0.01837122491583349,0.0,0.0,UNKNOWN,0.0,0.0,5.0
127.65167260169983,6.760111113651621e-05,0.01837122491583349,0.0,0.0,UNKNOWN,0.0,0.0,5.0
127.65280318260193,6.760111113651621e-05,0.01837122491583349,0.0,0.0,UNKNOWN,0.0,0.0,5.0
127.66141772270203,6.760111113651621e-05,0.01837122491583349,0.0,0.0,UNKNOWN,0.0,0.0,5.0
127.67756009101868,6.760111113651621e-05,0.01837122491583349,0.0,0.0,UNKNOWN,0.0,0.0,5.0
127.69659757614136,6.760111113651621e-05,0.01837122491583349,0.0,0.0,UNKNOWN,0.0,0.0,5.0
127.71416306495667,6.760111113651621e-05,0.01837122491583349,0.0,0.0,UNKNOWN,0.0,0.0,5.0
127.71542525291443,6.760111113651621e-05,0.01837122491583349,0.0,0.0,UNKNOWN,0.0,0.0,5.0
127.73991274833679,6.760111113651621e-05,0.01837122491583349,0.0,0.0,UNKNOWN,0.0,0.0,5.0
127.76398468017578,6.760111113651621e-05,0.01837122491583349,0.0,0.0,UNKNOWN,0.0,0.0,5.0
127.76511478424072,6.760111113651621e-05,0.01837122491583349,0.0,0.0,UNKNOWN,0.0,0.0,5.0
127.78475737571716,6.760111113651621e-05,0.01837122491583349,0.0,0.0,UNKNOWN,0.0,0.0,5.0
127.80016303062439,6.760111113651621e-05,0.01837122491583349,0.0,0.0,UNKNOWN,0.0,0.0,5.0
127.80757141113281,6.760111113651621e-05,0.01837122491583349,0.0,0.0,UNKNOWN,0.0,0.0,5.0
127.82887077331543,6.760111113651621e-05,0.01837122491583349,0.0,0.0,UNKNOWN,0.0,0.0,5.0
127.85139656066895,6.760111113651621e-05,0.01837122491583349,0.0,0.0,UNKNOWN,0.0,0.0,5.0
127.87646532058716,6.760111113651621e-05,0.01837122491583349,0.0,0.0,UNKNOWN,0.0,0.0,5.0
127.8775942325592,6.760111113651621e-05,0.01837122491583349,0.0,0.0,UNKNOWN,0.0,0.0,5.0
127.90134501457214,6.760111113651621e-05,0.01837122491583349,0.0,0.0,UNKNOWN,0.0,0.0,5.0
127.93097805976868,6.760111113651621e-05,0.01837122491583349,0.0,0.0,UNKNOWN,0.0,0.0,5.0
127.93209671974182,6.760111113651621e-05,0.01837122491583349,0.0,0.0,UNKNOWN,0.0,0.0,5.0
127.94718551635742,6.760111113651621e-05,0.01837122491583349,0.0,0.0,UNKNOWN,0.0,0.0,5.0
127.9688241481781,6.760111113651621e-05,0.01837122491583349,0.0,0.0,UNKNOWN,0.0,0.0,5.0
127.99205017089844,6.760111113651621e-05,0.01837122491583349,0.0,0.0,UNKNOWN,0.0,0.0,5.0
127.99308180809021,6.760111113651621e-05,0.01837122491583349,0.0,0.0,UNKNOWN,0.0,0.0,5.0
128.0150544643402,6.760111113651621e-05,0.01837122491583349,0.0,0.0,UNKNOWN,0.0,0.0,5.0
128.01922369003296,6.760111113651621e-05,0.01837122491583349,0.0,0.0,UNKNOWN,0.0,0.0,5.0
128.0408444404602,6.760111113651621e-05,0.01837122491583349,0.0,0.0,UNKNOWN,0.0,0.0,5.0
128.04197525978088,6.760111113651621e-05,0.01837122491583349,0.0,0.0,UNKNOWN,0.0,0.0,5.0
128.0656237602234,6.760111113651621e-05,0.01837122491583349,0.0,0.0,UNKNOWN,0.0,0.0,5.0
128.0667586326599,6.760111113651621e-05,0.01837122491583349,0.0,0.0,UNKNOWN,0.0,0.0,5.0
128.0961856842041,6.760111113651621e-05,0.01837122491583349,0.0,0.0,UNKNOWN,0.0,0.0,5.0
128.11766004562378,6.760111113651621e-05,0.01837122491583349,0.0,0.0,UNKNOWN,0.0,0.0,5.0
128.12121605873108,6.760111113651621e-05,0.01837122491583349,0.0,0.0,UNKNOWN,0.0,0.0,5.0
128.14335203170776,6.760111113651621e-05,0.01837122491583349,0.0,0.0,UNKNOWN,0.0,0.0,5.0
128.14698004722595,6.760111113651621e-05,0.01837122491583349,0.0,0.0,UNKNOWN,0.0,0.0,5.0
128.1549072265625,6.760111113651621e-05,0.01837122491583349,0.0,0.0,UNKNOWN,0.0,0.0,5.0
128.17319250106812,6.760111113651621e-05,0.01837122491583349,0.0,0.0,UNKNOWN,0.0,0.0,5.0
128.17432832717896,6.760111113651621e-05,0.01837122491583349,0.0,0.0,UNKNOWN,0.0,0.0,5.0
128.17991065979004,6.760111113651621e-05,0.01837122491583349,0.0,0.0,UNKNOWN,0.0,0.0,5.0
128.19521236419678,6.760111113651621e-05,0.01837122491583349,0.0,0.0,UNKNOWN,0.0,0.0,5.0
128.22266006469727,6.760111113651621e-05,0.01837122491583349,0.0,0.0,UNKNOWN,0.0,0.0,5.0
128.2344946861267,6.760111113651621e-05,0.01837122491583349,0.0,0.0,UNKNOWN,0.0,0.0,5.0
128.25142645835876,6.760111113651621e-05,0.01837122491583349,0.0,0.0,UNKNOWN,0.0,0.0,5.0
128.25255489349365,6.760111113651621e-05,0.01837122491583349,0.0,0.0,UNKNOWN,0.0,0.0,5.0
128.2811255455017,6.760111113651621e-05,0.01837122491583349,0.0,0.0,UNKNOWN,0.0,0.0,5.0
128.3098964691162,6.760111113651621e-05,0.01837122491583349,0.0,0.0,UNKNOWN,0.0,0.0,5.0
128.31363344192505,6.760111113651621e-05,0.01837122491583349,0.0,0.0,UNKNOWN,0.0,0.0,5.0
128.34062266349792,6.760111113651621e-05,0.01837122491583349,0.0,0.0,UNKNOWN,0.0,0.0,5.0
128.34175872802734,6.760111113651621e-05,0.01837122491583349,0.0,0.0,UNKNOWN,0.0,0.0,5.0
128.36426901817322,6.760111113651621e-05,0.01837122491583349,0.0,0.0,UNKNOWN,0.0,0.0,5.0
128.39422297477722,6.760111113651621e-05,0.01837122491583349,0.0,0.0,UNKNOWN,0.0,0.0,5.0
128.39535903930664,6.760111113651621e-05,0.01837122491583349,0.0,0.0,UNKNOWN,0.0,0.0,5.0
128.4133198261261,6.760111113651621e-05,0.01837122491583349,0.0,0.0,UNKNOWN,0.0,0.0,5.0
128.4305191040039,6.760111113651621e-05,0.01837122491583349,0.0,0.0,UNKNOWN,0.0,0.0,5.0
128.43162989616394,6.760111113651621e-05,0.01837122491583349,0.0,0.0,UNKNOWN,0.0,0.0,5.0
128.4590356349945,6.760111113651621e-05,0.01837122491583349,0.0,0.0,UNKNOWN,0.0,0.0,5.0
128.4602015018463,6.760111113651621e-05,0.01837122491583349,0.0,0.0,UNKNOWN,0.0,0.0,5.0
128.47463369369507,6.760111113651621e-05,0.01837122491583349,0.0,0.0,UNKNOWN,0.0,0.0,5.0
128.4759202003479,6.760111113651621e-05,0.01837122491583349,0.0,0.0,UNKNOWN,0.0,0.0,5.0
128.49368715286255,6.760111113651621e-05,0.01837122491583349,0.0,0.0,UNKNOWN,0.0,0.0,5.0
128.5125503540039,6.760111113651621e-05,0.01837122491583349,0.0,0.0,UNKNOWN,0.0,0.0,5.0
128.52937960624695,6.760111113651621e-05,0.01837122491583349,0.0,0.0,UNKNOWN,0.0,0.0,5.0
128.53052282333374,6.760111113651621e-05,0.01837122491583349,0.0,0.0,UNKNOWN,0.0,0.0,5.0
128.55512285232544,6.760111113651621e-05,0.01837122491583349,0.0,0.0,UNKNOWN,0.0,0.0,5.0
128.57077312469482,6.760111113651621e-05,0.01837122491583349,0.0,0.0,UNKNOWN,0.0,0.0,5.0
128.57203793525696,6.760111113651621e-05,0.01837122491583349,0.0,0.0,UNKNOWN,0.0,0.0,5.0
128.61240220069885,6.760111113651621e-05,0.01837122491583349,0.0,0.0,UNKNOWN,0.0,0.0,5.0
128.6375651359558,6.760111113651621e-05,0.01837122491583349,0.0,0.0,UNKNOWN,0.0,0.0,5.0
128.63860535621643,6.760111113651621e-05,0.01837122491583349,0.0,0.0,UNKNOWN,0.0,0.0,5.0
128.65570044517517,6.760111113651621e-05,0.01837122491583349,0.0,0.0,UNKNOWN,0.0,0.0,5.0
128.6569538116455,6.760111113651621e-05,0.01837122491583349,0.0,0.0,UNKNOWN,0.0,0.0,5.0
128.6937427520752,6.760111113651621e-05,0.01837122491583349,0.0,0.0,UNKNOWN,0.0,0.0,5.0
128.7014193534851,6.760111113651621e-05,0.01837122491583349,0.0,0.0,UNKNOWN,0.0,0.0,5.0
128.72098350524902,6.760111113651621e-05,0.01837122491583349,0.0,0.0,UNKNOWN,0.0,0.0,5.0
128.7222456932068,6.760111113651621e-05,0.01837122491583349,0.0,0.0,UNKNOWN,0.0,0.0,5.0
128.74053311347961,6.760111113651621e-05,0.01837122491583349,0.0,0.0,UNKNOWN,0.0,0.0,5.0
128.7635281085968,6.760111113651621e-05,0.01837122491583349,0.0,0.0,UNKNOWN,0.0,0.0,5.0
128.7646610736847,6.760111113651621e-05,0.01837122491583349,0.0,0.0,UNKNOWN,0.0,0.0,5.0
128.7825517654419,6.760111113651621e-05,0.01837122491583349,0.0,0.0,UNKNOWN,0.0,0.0,5.0
128.81223559379578,6.760111113651621e-05,0.01837122491583349,0.0,0.0,UNKNOWN,0.0,0.0,5.0
128.81336617469788,6.760111113651621e-05,0.01837122491583349,0.0,0.0,UNKNOWN,0.0,0.0,5.0
128.82788562774658,6.760111113651621e-05,0.01837122491583349,0.0,0.0,UNKNOWN,0.0,0.0,5.0
128.8291211128235,6.760111113651621e-05,0.01837122491583349,0.0,0.0,UNKNOWN,0.0,0.0,5.0
128.8300621509552,6.760111113651621e-05,0.01837122491583349,0.0,0.0,UNKNOWN,0.0,0.0,5.0
128.85225129127502,6.760111113651621e-05,0.01837122491583349,0.0,0.0,UNKNOWN,0.0,0.0,5.0
128.85336565971375,6.760111113651621e-05,0.01837122491583349,0.0,0.0,UNKNOWN,0.0,0.0,5.0
128.8758635520935,6.760111113651621e-05,0.01837122491583349,0.0,0.0,UNKNOWN,0.0,0.0,5.0
128.8771526813507,6.760111113651621e-05,0.01837122491583349,0.0,0.0,UNKNOWN,0.0,0.0,5.0
128.90162777900696,6.760111113651621e-05,0.01837122491583349,0.0,0.0,UNKNOWN,0.0,0.0,5.0
128.91664576530457,6.760111113651621e-05,0.01837122491583349,0.0,0.0,UNKNOWN,0.0,0.0,5.0
128.91791319847107,6.760111113651621e-05,0.01837122491583349,0.0,0.0,UNKNOWN,0.0,0.0,5.0
128.93612909317017,6.760111113651621e-05,0.01837122491583349,0.0,0.0,UNKNOWN,0.0,0.0,5.0
128.96256971359253,6.760111113651621e-05,0.01837122491583349,0.0,0.0,UNKNOWN,0.0,0.0,5.0
128.9638466835022,6.760111113651621e-05,0.01837122491583349,0.0,0.0,UNKNOWN,0.0,0.0,5.0
128.9793815612793,6.760111113651621e-05,0.01837122491583349,0.0,0.0,UNKNOWN,0.0,0.0,5.0
128.9831941127777,6.760111113651621e-05,0.01837122491583349,0.0,0.0,UNKNOWN,0.0,0.0,5.0
129.00542640686035,6.760111113651621e-05,0.01837122491583349,0.0,0.0,UNKNOWN,0.0,0.0,5.0
129.00645279884338,6.760111113651621e-05,0.01837122491583349,0.0,0.0,UNKNOWN,0.0,0.0,5.0
129.03385210037231,6.760111113651621e-05,0.01837122491583349,0.0,0.0,UNKNOWN,0.0,0.0,5.0
